:020000040800F2
:10000000185C0020DD01000857400008953A000800
:1000100055400008250E00080953000800000000A4
:100020000000000000000000000000004501000882
:10003000B11200080000000089010008114B0008FF
:10004000F7010008F7010008F7010008F7010008B0
:10005000F7010008F7010008F7010008F7010008A0
:10006000F7010008F7010008F7010008DD1100089A
:10007000F7010008F7010008F7010008F701000880
:10008000F7010008F7010008410B0008F70100081C
:10009000F7010008F7010008F7010008F701000860
:1000A000F7010008C54B0008F7010008F701000838
:1000B000F7010008F7010008D14B0008F70100081C
:1000C000F7010008F7010008F7010008F701000830
:1000D000F7010008F7010008C5520008D1520008D6
:1000E000F7010008F7010008F7010008F701000810
:1000F000F7010008F7010008F7010008F701000800
:10010000F7010008F7010008FD4B0008F70100089F
:10011000F7010008F7010008F7010008F7010008DF
:10012000F7010008F7010008F7010008F7010008CF
:10013000DFF80CD000F0C6FC00480047C567000897
:10014000185C0020224B19680868B0E8F00F80F3B3
:100150000988BFF36F8F4FF0000080F311884EF0D5
:100160000D0E70470000000006480068006880F32C
:10017000088862B661B6BFF34F8FBFF36F8F00DFA1
:1001800000BF00BF08ED00E0EFF30980BFF36F8F01
:100190000F4B1A6820E9F00F106008B54FF05000BF
:1001A00080F31188BFF34F8FBFF36F8F07F04AFDC5
:1001B0004FF0000080F31188BDE808401968086816
:1001C000B0E8F00F80F30988BFF36F8F704700BF6E
:1001D0008C010020EFF3058070470000064880473F
:1001E00006480047FEE7FEE7FEE7FEE7FEE7FEE71C
:1001F000FEE7FEE7FEE7FEE7C34B0008310100081B
:10020000202A04DB203A21FA02F00021704721FA6B
:1002100002F3D040C2F120029140084319467047D2
:1002200040EA01039B0703D009E008C9121F08C078
:10023000042AFAD203E011F8013B00F8013B521EF8
:10024000F9D27047D2B201E000F8012B491EFBD26F
:1002500070470022F6E710B513460A4604461946D1
:10026000FFF7F0FF204610BDF0B480EA0102D40F82
:100270004200B2EB410F02D20246084611464A0044
:1002800042D0C30DDDB2C1F3C752AD1A202D35DA0D
:10029000C1F3160141F4000204B15242C5F1200637
:1002A00002FA06F12A411044B3EBD05F23D0C4B167
:1002B000012DA0EBC35009DCF0BC4FF0004202EA74
:1002C000C352DBB200F5000000F059BB400000F162
:1002D000807000EBC350A0F1807040EAD1704900FB
:1002E00009E0490841EAC071A0EBC35000F50000E5
:1002F000400800EBC350F0BC00F038BB6142012263
:1003000002EB4101001BF6E7F0BC704781F00041B1
:10031000AAE780F00040A7E780EA010210B502F0EA
:100320000043400022D04A001FD0010E01EB1261B1
:10033000C0F35600C2F3560240F4000042F400023B
:10034000A0FB022000047F39140400D0401C50EAB6
:10035000124001D44000491EC2B20C0604EBD0107A
:10036000401C4008802A02D003E0002010BD20F08D
:100370000100002900DA0020184310BD30B480EAE3
:10038000010202F0004530F0004221F0004013D09D
:1003900090B1C30DD40DC2F31601C0F31600E41AD8
:1003A00041F4000140F400027D34914201D3641C09
:1003B00000E04900002C02DA30BC002070474FF406
:1003C00000000023914201D3891A034340084FEAF9
:1003D0004101F7D151B1914202D14FF0004105E006
:1003E00002D24FF0010101E06FF0010103EBC450B4
:1003F000284430BC00F0BABA2DE9FE4F804681EAAD
:100400000300C00F0C46009021F0004123F000458E
:10041000B8EB0200A94105D24046214690461C4651
:100420000B46024623F00040104347D0270DC7F388
:100430000A00C3F30A510290401A019040286BDA77
:10044000C3F3130040F4801B0098924620B10023B0
:10045000D2EB030A63EB0B0B01985946C0F1400243
:10046000504600F062FA06460D4650465946019A3B
:1004700000F06AFA10EB08006141002487EA11528B
:1004800084EAE7731A4340D0009A62B3019A012AC2
:100490004FEA075215DC001B61EB02014FF00042EE
:1004A00002EA0752CDE90042001C41F580113246B4
:1004B0002B4600F0A1FA03B0BDE8F08F404621467C
:1004C000F9E7001B61EB0201001C41F580130018E5
:1004D0005B412018A2F5001747EB030140EAD570F5
:1004E000B6196D4111E06D084FEA360645EAC07550
:1004F0004FEA0752001B61EB0201001C41F580111D
:1005000049084FEA30000019514132462B4603B0EA
:10051000BDE8F04F00F061BA0098012240000023CE
:10052000D0EB020263EBE073009821464FEAE074DF
:10053000B8EB000061EB0401E9E783F000435BE7FF
:1005400081F0004158E72DE9FE4F81EA030404F0F1
:10055000004421F0004100944FF0000B23F00043D1
:1005600050EA01045ED052EA03045BD0C3F30A549C
:10057000C1F30A552C44A4F2F3340194A0FB0254B5
:10058000C1F3130141F48011C3F3130343F4801347
:1005900001FB024400FB034E840A970A44EA81549B
:1005A00047EA8357A4FB076802958D0A05FB078578
:1005B0004FEA932C04FB0C542705029D4FEA065882
:1005C00047EA1637B5EB08056EEB070C870E920E5F
:1005D00047EA811742EA8312A7FB0201B6EB0B013F
:1005E00064EB00042B0D43EA0C335E1844EB1C5003
:1005F000DA465146E7FB0201C5F313044FEA0B3319
:1006000043EA14534FEA0432019C43EA0603A4F17F
:100610000C040294009CCDE900B400F0EDF903B0A5
:10062000BDE8F08F00200146F9E72DE9F04D81EAA1
:10063000030404F0004B21F0004514464FF0000A7B
:1006400023F0004150EA050220D054EA01021DD0F7
:10065000C5F30A570246C5F31303C1F31300C1F3F0
:100660000A5640F4801543F48013A7EB0608101BCC
:10067000D64608F2FD3873EB050002D308F10108F5
:1006800001E092185B41B8F1000F03DA0020014647
:10069000BDE8F08D00204FF48011064684460EE040
:1006A000171B73EB050705D3121B63EB050306430A
:1006B0004CEA010C49084FEA300092185B4150EABD
:1006C0000107EDD152EA030012D082EA040083EA66
:1006D0000501084305D0101BAB4106D201220023BF
:1006E00006E000224FF0004302E06FF001025310D9
:1006F0001AEB06004CEB085110EB0A0041EB0B0122
:10070000BDE8F04D00F069B970B521F00043034336
:100710000CD0C1F30A550024D5EB040564EB0403A7
:10072000D617AD1AB34102DB0020014670BD201878
:1007300041EB025170BDC10F80EAE0700844CA0766
:100740009623002100F01BB996230022114600F0E9
:1007500016B90EB5C10F80EAE0700844CA0700213F
:1007600040F233438DE80E000A460B4600F044F990
:1007700003B000BD00F0004220F00040C10DC0F306
:10078000160040F400007F2901DA00207047962906
:1007900003DCC1F19601C84001E096398840002A87
:1007A000F4D04042704770B5C1F30A5201F00045E1
:1007B0000024C1F3130140F2FF3341F480119A4247
:1007C00001DA002070BD40F233439A42A2F2334274
:1007D00003DC5242FFF714FD00E090402C43F1D0BF
:1007E000404270BD00F0004230F000400AD0C10D20
:1007F00001F56071C0F3160042EA0151C2084007DA
:1008000011437047002001467047000030B5041EB8
:1008100071F1000404DB4FF00044404264EB01013D
:10082000141E73F1000405DB1C464FF000435242D6
:1008300063EB0403994208BF904230BD01F00043CE
:1008400030B421F0004150EA010206D00A0DA2F5B1
:100850006072C1F31301002A02DC30BC0020704733
:10086000440F44EAC104C100E01830BC00EBC250A0
:1008700000F07CB8002801DBC0F10040002901DB5A
:10088000C1F1004181427047002801DBC0F1004006
:10089000002901DBC1F100418842704730B50B46A9
:1008A000014600202022012409E021FA02F59D42A0
:1008B00005D303FA02F5491B04FA02F52844151E74
:1008C000A2F10102F1DC30BD2DE9F05F0546002008
:1008D00092469B4688460646814640241BE02846B1
:1008E000414647462246FFF78BFC53465A46C01AFC
:1008F000914110D311461846224600F016F82D1AE1
:1009000067EB01084F4622460120002100F00DF858
:1009100017EB00094E41201EA4F10104DFDC48461C
:1009200031462A464346BDE8F09F202A04DB203AA0
:1009300000FA02F1002070479140C2F1200320FA32
:1009400003F3194390407047202A06DBCB17203A67
:1009500041FA02F043EAE07306E041FA02F3D040C4
:10096000C2F1200291400843194670470029A8BFF0
:100970007047401C490008BF20F00100704710B4C8
:10098000B0FA80FC00FA0CF050EA010404BF10BC7D
:10099000704749B1CCF1200421FA04F411FA0CF1AA
:1009A00018BF012121430843A3EB0C01CB1D4FEAE3
:1009B00000614FEA102042BF002010BC704700EBDE
:1009C000C35010440029A4BF10BC7047401C49000C
:1009D00008BF20F0010010BC704710B5141E73F161
:1009E000000408DA401C41F1000192185B411A43EF
:1009F00001D120F0010010BD2DE9F04D92469B463B
:100A000011B1B1FA81F202E0B0FA80F220329046E0
:100A1000FFF78BFF04460F4640EA0A0041EA0B014C
:100A200053465A46084313D0114653EA010019D0E1
:100A3000C8F140025046FFF7E3FB05460E4650461C
:100A400059464246FFF771FF084305D0012004E0F4
:100A500020463946BDE8F08D0020054346EAE076A1
:100A60002C4337430A986305E40AA0EB08000022F0
:100A7000FD0A44EA47540A3002D500200146E9E75E
:100A8000010510196941DDE9084500196941BDE812
:100A9000F04DA2E7C1F30A52C1F3130140F2FF3354
:100AA00041F480119A4202DA00200146704740F278
:100AB00033439A42A2F2334202DC5242FFF7A0BB18
:100AC000FFF733BF064C074D06E0E06840F0010336
:100AD00094E8070098471034AC42F6D3FFF72CFB9C
:100AE000DC9F0008FC9F000870B58C1810F8015BB3
:100AF00015F0070301D110F8013B2A1106D110F8B7
:100B0000012B03E010F8016B01F8016B5B1EF9D1BA
:100B10002B0705D40023521E0DD401F8013BFAE740
:100B200010F8013BCB1A921C03E013F8015B01F8AB
:100B3000015B521EF9D5A142D8D3002070BD000040
:100B4000014800F03ABC00000802002070B50C46D5
:100B50008869FFF70FFE0D4D064629466069FFF7CD
:100B6000DBFB314600F056FBFFF7E5FDA061206D91
:100B7000FFF700FE06462946E06CFFF7CDFB314645
:100B800000F048FBFFF7D7FD206570BD0000204155
:100B900010B50A4CE06906F0EFFD2060206A06F00F
:100BA000EBFD6060606A06F0E7FDE060A06906F0BA
:100BB000E3FDA0602069401C206110BD0000002002
:100BC00070B5044600688168C943C90716D18168B9
:100BD00021F00101816001F02BF9054609E001F0E7
:100BE00027F9401B022804D920688068C043C00749
:100BF00006D020688068C043C007F0D0002070BDD8
:100C0000A06A40F01000A062E06A40F00100E062DB
:100C1000012070BD10B50146406A826A12F0500F83
:100C200005D0006A026BBDE8104008461047816A93
:100C300041F40071816201688968C1F3424107296A
:100C40000CD1017B51B9816A21F480718162816A82
:100C5000C90403D4816A41F00101816200F0AAFB5A
:100C600010BD10B5406A816A41F040018162C16ADD
:100C700041F00401C16200F09FFB10BD10B5406A55
:100C800000F099FB10BD0000F8B500260446009660
:100C900000688168C943C9072CD0816841F001010F
:100CA0008160154815490068B0FBF1F000E0401E76
:100CB00000900028FBD101F0BBF8054615E001F0DB
:100CC000B7F8401B022810D920688068C043C007CD
:100CD0000BD0A06A40F01000A062E06A40F0010072
:100CE000E06284F824600120F8BD20688068C04379
:100CF000C007E4D10020F8BD5000002040420F00A2
:100D0000F0B52B4C002734F81120521C92B224F875
:100D100011200A2A01D924F811700588254801EB11
:100D2000810200EB820334F81100224C23F81050AA
:100D30000A20503404EB820203E033F8104022F81A
:100D40001040401EC0B2F8D200230020C3F1090CAD
:100D50000BE002EB400632F810507488A54202D92D
:100D600022F810407580401CC0B28445F1DC5B1C49
:100D7000DBB2092BE9D30E4B0E4C08335089A0345B
:100D800023F8110054F82120A3F11805104444F869
:100D900021006A5C521CD2B26A54082A05D3C008EA
:100DA00023F811006F5444F8217033F81100F0BD9E
:100DB000400100201C1500208EB000200C900D90EA
:100DC000302214496846FFF72BFA0CA80190042240
:100DD0000CA9114800F03CFC6D46002404EB4400D3
:100DE00005EB8001D1E901020C499047641CE4B293
:100DF000042CF3D30A4E002406EBC40007494268D2
:100E000020469047641CE4B2022CF5D3C82005F0BC
:100E100055FEE2E7488F000808020020CC150020AC
:100E200058010020FEE70000084C251580212046CF
:100E300000F0F4FF1021204600F0F0FF2946204684
:100E400000F0ECFF0A2005F039FEEFE70014014046
:100E500070B5044690F82F000E46010701D4C00675
:100E600003D560692062E06170BD30784FF0000505
:100E7000000712D52169A069FFF7FCFC05D894F89A
:100E80002F0020F0200084F82F0094F82F00410656
:100E900003D4258620F002000AE0208EB0F5967F6C
:100EA00008D94FF49B70208694F82F0040F0020080
:100EB00084F82F0094F82F00010701D441060CD4C8
:100EC000616B0020884794F82F00A562258620F0EA
:100ED000030084F82F00E560C3E794F82E10B4F9FE
:100EE0000020914226DB84F82E506586314620464C
:100EF00003F0B2F81C49A06A884202DA1B49884212
:100F000007D3258694F82F0020F0020084F82F00E4
:100F1000A56220892188484301B294F82D004843F6
:100F2000FFF717FC124A134BFFF70DFBFFF73BFCD3
:100F3000208170BD400707D5616B0020884794F879
:100F40002F0020F001000BE0608EB4F908108842F9
:100F5000F2DA616B0120884794F82F0040F001001D
:100F600084F82F0070BD00000000A0400000A0C069
:100F70007B14AE47E17A843F0200C2EBC20001EB72
:100F8000C00004D0034A42637131FFF761BF024AD7
:100F90004A63F9E7B13A0008115000082DE9FC5FF7
:100FA000054600200C460090019001462846FFF7B8
:100FB000A7FEADF800000321A81DFFF7A1FEADF8C4
:100FC0000600BDF90000FFF7C4FB744A744BFFF73D
:100FD000BAFA744A744BFFF70FFAFFF72FFC734D00
:100FE000824635F9120FFFF7B4FB714A714BFFF7D8
:100FF000AAFA07468846B5F90200FFF7AAFB6E4A2F
:101000006E4BFFF7A0FA00226D4BFFF7F5F906468D
:1010100089465046FFF7E6FB32464B46FFF793FA08
:101020003A464346FFF7E8F9FFF708FC654F834669
:101030003868FFF7D7FB81468846606AFFF7D2FB26
:10104000614A624BFFF77FFA06464A4643460091E3
:10105000FFF779FA8246894630460022584B0099BC
:10106000FFF76EFA064688465846FFF7BBFB324646
:101070004346FFF768FA52464B46FFF7BDF9FFF7C4
:10108000DDFB60618246B5F93400B5F93260801B42
:10109000FFF751FB01464E48FFF770F98146304695
:1010A000FFF757FB424A434BFFF74DFA0646884687
:1010B000BDF90600FFF74DFB4FF06632454BFFF7D9
:1010C00042FA6FF00B02FFF71FFB4FF03332424B37
:1010D000FFF7ABFA32464346FFF72FFA064688463B
:1010E0004846FFF77FFB32464346FFF72CFAFFF7EF
:1010F000A5FB8346B5F90400FFF72BFB2C4A2D4BCB
:10110000FFF721FA81468846B5F90600FFF721FB73
:10111000294A2A4BFFF717FA0022294BFFF76CF9EF
:1011200005460E465846FFF75DFB2A463346FFF755
:101130000AFA4A464346FFF75FF9FFF77FFB83460B
:101140007868FFF74FFB06468846E06DFFF74AFBDD
:101150001D4A1E4BFFF7F7F90546324643460091FC
:10116000FFF7F1F98046894628460022144B009982
:10117000FFF7E6F905460E465846FFF733FB2A46C9
:101180003346FFF7E0F942464B46FFF735F9FFF7E4
:1011900055FBE064C7E900A0BDE8FC9F5839B4C81E
:1011A00076BEAF3F280F0BB5A679F93FB8050020F2
:1011B0009A9999999999B93F2D431CEBE2361A3FB8
:1011C0000000F03F500100207B14AE47E17A843FDD
:1011D00000007A4466660A403333E33F014800F07A
:1011E00079BB00003802002030B590F8405001244F
:1011F000AC40C56B6C60046863604368102B036887
:1012000003D099600068C26030BD9A600068C16018
:1012100030BD00002DE9F0410C460646FFF7AAFA62
:101220002149054616F1FF4F8846304619D3FFF78E
:101230006DF8FFF79FFA07461C48864206D34146E1
:101240003046FFF711F8FFF795FA00E00120AF42B2
:101250001ADBA8421EDCAC421CDC681E84421EDB8A
:101260001EE0FFF701F8FFF785FA074640464645BE
:1012700006DB01463046FFF749F8FFF77BFA01E04D
:101280004FF0FF30AF4201DD3C4609E0A84201DBF0
:10129000AC4201DA2C4603E0681C844200DD0446BF
:1012A0002046BDE8F0810000CDCC4C3ECDCC4CBEFC
:1012B000704772B6FEE77047F8B50023009390F8C8
:1012C00024201C46012A12D0012280F824204A68DA
:1012D0001F26072A0DD205686F6B521E02EB820291
:1012E0009640B7430E68964037436F6319E002207B
:1012F000F8BD05680D2A0AD22F6BD21F02EB8202BD
:101300009640B7430E68964037432F6309E0EF6A73
:101310000D3A02EB82029640B7430E68964037437F
:10132000EF620A68072605680A2A0AD3EF680A3AB4
:1013300002EB42029640B7438E6896403743EF6017
:1013400008E02F6902EB42029640B7438E68964050
:1013500037432F610A68102A01D0112A20D1124D7B
:101360000268AA4217D195682D0219D4956845F4F0
:10137000000595600968102912D10C490C4A0968CA
:10138000B1FBF2F101EB8101490000E0491E00913F
:101390000029FBD104E0816A41F020018162012330
:1013A00080F824401846F8BD002401405000002079
:1013B00040420F0070477047704770B504460068A0
:1013C00006684568A90625D5B10723D5A16AC906CF
:1013D00003D4A16A41F40071A1628168C1F3424162
:1013E000072910D1217B71B9416821F020014160AA
:1013F000A06A20F48070A062A06AC00403D4A06A2E
:1014000040F00100A0622046FFF7D4FF21686FF092
:101410001200086028062ED570072CD5A06AC006D9
:1014200003D4A06A40F40050A06220688168C1F330
:101430000231072909D04168490515D48168C1F3F3
:101440004241072910D1217B71B9416821F0800107
:101450004160A06A20F48050A062A06AC00503D455
:10146000A06A40F00100A0622046FFF724FF216837
:101470006FF00C00086068060CD5F0070AD0A06A6F
:1014800040F48030A062204600F098F821686FF0A8
:101490000100086070BD00002DE9F04104004FF02C
:1014A000000514D0A06A002628B9E66284F82460FA
:1014B000204600F085F82046FFF782FBA16A01F084
:1014C0001001014304D0A06A40F01000A0626AE05D
:1014D000A16A21F4885141F00201A16233492368D5
:1014E0008B42E16904D1B1F5402F01D14FF40021C5
:1014F000277B4FF4807C41EA470261680A43A16878
:10150000614508D0012906D0002194F814E0BEF10D
:10151000010F02D00AE06146F7E7C7B1A76A47F0BA
:101520002007A762E76A47F00107E7625F6827F4D0
:1015300069470F435F6021688B681D4F3B40134331
:101540008B60A16861450BD0012909D00CE0DFF860
:1015500064E0A7690EEB47370F4347F40061E5E706
:10156000218A0D05A5F580152168CB6A23F4700347
:101570002B43CB62216889680F4B1940914208D1F7
:10158000E662A16A21F0020141F00101A162BDE819
:10159000F081A06A20F0020040F01000A062E06A32
:1015A00040F00100E0620120F1E70000003C014052
:1015B000FDF7E1FF00E0FFFFFE0E1FFF7047000098
:1015C00070B586B0002406460094019402940394FA
:1015D00000681A4988422ED11949886940F4007080
:1015E0008861886900F400700490886940F0040004
:1015F00088618869694600F0040004901720009013
:10160000032001900F4800F011FB104D0E48C5E972
:1016100000048020C5E90240400028618000686124
:101620002020C5E90604284600F078FA08B1FFF743
:1016300040FE35626E6206B070BD000000240140BD
:10164000001002400008014008000240380200205B
:101650002DE9F047894604463B4900683B4F0E1D83
:101660009046884201D0B84207D1306810F4702FFC
:1016700003D001252846BDE8F08794F8240001280E
:101680000CD0012084F824002046FFF7FDFA050065
:101690004FF0000104D084F82410EBE70220EAE7C1
:1016A000A06A40F60162904340F48070A062206816
:1016B000B84218D1326812F4702F14D0A06A40F4E6
:1016C0008010A0623068400505D5A06A20F4005063
:1016D00040F48050A062A06AC0040AD5E06A20F0FD
:1016E0000600E06206E0A26A22F48012A26240686C
:1016F000E9E7E16284F82410216A15488862216ACA
:101700001448C862216A1448086321686FF0020017
:1017100008602068816841F48071816021684346D7
:101720004A464C31206A00F037FA20688168C1F3DC
:1017300042410729816803D041F48011816099E713
:1017400041F4A001FAE70000002401400028014014
:10175000150C00087D0C0008630C000810B590F80B
:1017600021100022022905D00421816380F8202065
:10177000012010BD01680B6823F00E030B600168A7
:101780000B6823F001030B6090F84030012404FA49
:1017900003F1C36B596080F8214080F82020104687
:1017A00010BD00002DE9F05F90F8211000240229FF
:1017B00003D004218163012485E001680A6822F0D6
:1017C0000E020A6001680A6822F001020A603F4EB8
:1017D0003E4FB215DFF8F4C0DFF8F090DFF8ECA070
:1017E000DFF8E8B0DFF8E4E00168783F13011502A4
:1017F000ACF1640CA9F15009AAF13C0AABF1280B39
:10180000AEF1140E4FF48018B14227D9B9420ED070
:10181000614512D049451DD0514518D0594518D0C1
:10182000714501D1424615E0294EB14201D1012254
:1018300010E0274E1436B14201D110220AE0244EA6
:101840002836B14206D0224A3C32914201D11A4692
:1018500000E02A461E49091F0A602BE0B94213D056
:10186000614517D0494522D051451DD059451DD05D
:10187000714501D142461AE0B14202D14FF0807267
:1018800015E0134EB14201D1012210E0104E143682
:10189000B14201D110220AE00D4E2836B14206D0E5
:1018A0000B4A3C32914201D11A4600E02A460749D0
:1018B00080394A60012180F82110002180F8201031
:1018C000416B01B188472046BDE8F09F800002408F
:1018D000080402402DE9F05FC16B0B6801680A68DB
:1018E000046C4FF0040808FA04F8844D844E854FC8
:1018F000DFF814C2DFF81492DFF814A2DFF814B294
:10190000DFF814E218EA030F65D05FEA427862D587
:101910000A68920603D40A6822F004020A60DFF81B
:10192000F0814FF48062016808F114081301140279
:10193000414524D9A9420DD0B1420FD0B9421AD0A5
:10194000614515D0494515D0514501D1120312E02A
:10195000594501D104220EE0714501D140220AE02F
:101960006D4D1435A94206D06B4A2832914201D1FF
:101970001A4600E022466749091F0A6029E0A94289
:1019800013D0B14215D0B94220D061451BD0494592
:101990001BD0514502D14FF4800217E0414502D1DE
:1019A0004FF0806212E0594501D104220EE07145EA
:1019B00001D140220AE0584D1435A94206D0564ABA
:1019C0002832914201D11A4600E022464B4908399B
:1019D0004A60C16A71E04FF0020808FA04F818EA98
:1019E000030F70D05FEA82786DD50A68920606D43C
:1019F0000A6822F00A020A60012180F82110DFF84B
:101A000010814FF40072016808F1140813011402E8
:101A1000414524D9A9420DD0B1420FD0B9421AD0C4
:101A2000614515D0494515D0514501D1120312E049
:101A3000594501D102220EE0714501D120220AE070
:101A4000354D1435A94206D0334A2832914201D18E
:101A50001A4600E022462F49091F0A6029E0A942E0
:101A600013D0B14215D0B94220D061451BD04945B1
:101A70001BD0514502D14FF4001217E0414502D16D
:101A80004FF0007212E0594501D102220EE071457B
:101A900001D120220AE0204D1435A94206D01E4A69
:101AA0002832914201D11A4600E0224613490839F2
:101AB0004A60002180F82010816A00291CD0BDE80E
:101AC000F05F0847FFE70825A5401D4214D0120724
:101AD00012D50A6822F00E020A6090F84020C36B0B
:101AE000012101FA02F25A60816380F8211000217D
:101AF00080F82010016BE0E7BDE8F09F080002408D
:101B00001C000240300002404400024058000240E5
:101B10006C000240080402401C04024030B560B171
:101B20001A4B01681422994209D2194B0B44B3FB9A
:101B3000F2F292000264174A0AE0012030BD134B12
:101B40005B420B44B3FBF2F2920002640F4A083A84
:101B5000C263022280F821200A6843F6F0739A4398
:101B6000F0E901342343D0E902452C4323430469BF
:101B70002343446923438469234313430B600021B7
:101B80004163012242770177084630BD08040240D4
:101B9000F8FFFDBF0000024070B5044690F8200039
:101BA000002501280CD0012084F8200094F8216041
:101BB0000020012E06D084F820000225284670BDA2
:101BC000022070BD022684F82160A06320680668A8
:101BD00026F0010606602046FFF706FBE06A0028B3
:101BE0002068016802D041F00E0106E021F00401F6
:101BF00001602068016841F00A0101602068016805
:101C000041F001010160D9E770B5044600F010F918
:101C10000546601C02D004480078044400F008F92E
:101C2000401BA042FAD370BD440000202DE9F84FBC
:101C3000DFF8C0910024A9F1040B23464FF00F08F0
:101C400009F1040AABF1040ECCE00127A7403A40A9
:101C5000BA4272D1DFF8A0C14D68A5EB0C0665450C
:101C60002BD00DDC032D34D005DC35B3012D19D07C
:101C7000022D2FD11BE0112D16D0122D2AD119E0E3
:101C8000B6F5881F19D006DCB6F5803F15D0B6F53D
:101C9000801F1FD111E0B6F5001F0ED0B6F5041F4E
:101CA00018D10AE0CB6815E0CB681B1D12E0CB68A9
:101CB00008330FE0CB680C330CE08B682BB1012BA1
:101CC0004FF0080303D0476104E0042302E00761FA
:101CD00000E00023FF2A01D8064601E000F10406D7
:101CE0004FEA840501D9A5F12005376808FA05FCFB
:101CF00027EA0C0703FA05F547EA050737604D6840
:101D0000ED006ED53D4DAE6946F00106AE61AD69A0
:101D100024F0030605F001050095394D7719BE68DA
:101D2000A5072D0F08FA05FC26EA0C06DFF8D4C03B
:101D3000604503D14FF0000C25E052E0DFF8C8C049
:101D4000604502D14FF0010C1DE0DFF8C0C06045D6
:101D500002D14FF0020C16E0DFF8B4C0604502D1AA
:101D60004FF0030C0FE0DFF8ACC0604502D14FF03C
:101D7000040C08E0DFF8A0C0604502D14FF0050C6C
:101D800001E04FF0060C0CFA05FC4CEA060CC7F813
:101D900008C04D68D9F80060ED024D4601D51643E4
:101DA00000E096432E604D68DAF80060AD025546BB
:101DB00001D5164300E096432E604D68DBF80060C5
:101DC000AD035D4601D5164300E096432E604D6895
:101DD000DEF80060ED03754601D5164300E096433A
:101DE0002E60641C0A6832FA04F57FF42EAFBDE859
:101DF000F88F00000804014000001110001002409C
:101E00000000014000080140000C014000100140AA
:101E10000014014000180140001C01408068084087
:101E200000D0012070470AB1016170470904FBE747
:101E30000148806870470000440000200248816823
:101E4000027811448160704744000020074810B5B3
:101E5000016841F010010160032000F095F80F20A7
:101E600000F006F800F03EF8002010BD002002400F
:101E700000B5014687B00022192000F065F819204E
:101E800000F054F81348816941F400618161806970
:101E900005A900F400600690684600F0F9F900F02A
:101EA00027FA0D490D4AB0FBF1F10D48491E0260B9
:101EB000416040F2E7320021C0E90321816001F076
:101EC000CBF810B1012007B000BD054801F040F982
:101ED000F9E700000010024040420F00002C0140D2
:101EE000500400200F4808B5816941F0010181616B
:101EF000816901F001010091C16941F08051C16126
:101F0000C069002200F0805000900F21901E00F068
:101F10001BF80549486820F0E06040F00070486018
:101F200008BD00000010024000000140002809DB4D
:101F300000F01F02012191404009800000F1E020E3
:101F4000C0F8001170470000F0B40E4B1B68C3F3DB
:101F50000223C3F10704042C00D904241D1D072DFE
:101F600001D2002300E0DB1E012606FA04F56D1EF7
:101F70000D409D409E40761E164045EA0601F0BC8D
:101F800003F0B2BA0CED00E0064A00F00701106859
:101F90004FF6FF03184040EA012003490843106050
:101FA000704700000CED00E00000FA050149012037
:101FB0000862704700000E4210B501460020284C10
:101FC00004292FD00BDC012930D0022929D100F0BF
:101FD0008FF96168C1F38131491C49001FE008296C
:101FE00020D010291DD161682268D20119D51D4861
:101FF000C1F38342C903805C0AD56168194AC1F301
:102000004041921E515C184AB2FBF1F1484301E095
:10201000164948436168490203D440000321B0FBDC
:10202000F1F010BDBDE8104000F072B9216AC1F3B3
:102030000122012A03D1890701D5D00310BD022A4C
:1020400005D1616A890702D549F6404010BD032ACF
:10205000FCD121688903F9D54FF2244010BD00005E
:10206000001002400C8D000800127A0000093D00AB
:102070002DE9F84304460078344FC00752D0F86980
:102080000025C00008D4F86940F08050F861F86974
:10209000012500F0805000902D480168C90511D439
:1020A0000168804641F480710160FFF7C1FE064679
:1020B00004E0FFF7BDFE801B642822D8D8F800009A
:1020C000C005F6D5386A10F4407020D0A18801F41C
:1020D000407181421BD0386A1E49012220F44070B1
:1020E0000A6000220A603862C00710D0FFF7A0FE25
:1020F000064641F2883807E0FFF79AFE811B41450A
:1021000002D90320BDE8F883386A8007F4D5386A1D
:10211000616820F44070084338621DB1F86920F00E
:102120008050F8612078800705D57868A16820F490
:102130004040084378602078C00605D5786861691A
:1021400020F48000084378600020DBE700100240A4
:1021500000700040400442422DE9F0470D46040063
:1021600067D0DFF81881D8F8000000F00700A84217
:102170000CD2D8F8001021F007012943C8F800104C
:10218000D8F8000000F00700A84252D120683C4E69
:10219000810712D5400703D5706840F4E060706095
:1021A0002078000703D5706840F460507060706854
:1021B000A16820F0F000084370602078C00727D0A5
:1021C0006068012810D03168022810D089070029E2
:1021D0002FDA716821F0030101437160FFF728FED7
:1021E000074641F288390CE031688903EFE789013D
:1021F000EDE7FFF71DFEC11B494502D90320BDE8ED
:10220000F0877068616800F00C00B0EB810FF0D1CE
:10221000D8F80010404601F00701A9420BD9016827
:1022200021F0070129430160006800F00700A8427F
:1022300001D00120E3E72078400705D57068E16808
:1022400020F4E060084370602078000706D57068CD
:10225000216920F4605040EAC100706000F058F835
:102260007168084AC1F30311515CC840064908600F
:1022700006480068FFF7FCFD0020C0E70020024090
:10228000001002401C8D0008500000204800002073
:102290000F2202600C4A536803F003034360536843
:1022A00003F0F0038360536803F4E063C360526893
:1022B0004FF4E06303EAD20202610448006800F0D0
:1022C0000700086070470000001002400020024034
:1022D0000448054900684968044AC1F30221515C79
:1022E000C840704750000020001002402C8D0008AC
:1022F0000448054900684968044AC1F3C221515C99
:10230000C840704750000020001002402C8D00088B
:102310000E4B59680E4801F00C02042A11D0082A0D
:102320000FD10C48C1F38342C903805C0AD55968B8
:10233000084AC1F34041921E515C054A5043B0FB2C
:10234000F1F0704704494843704700000010024014
:1023500000127A00FA8C000800093D002DE9F84FC0
:1023600004006FD02078BE4DC00747D06868C0F326
:102370008100012807D06868C0F38100022809D1D4
:102380006868C00306D52868800337D560680028D0
:10239000E7D033E06068B0F5803F0BD010B1B0F506
:1023A000A02F11D0286820F480302860286820F4FD
:1023B000802002E0286840F480302860606888B19E
:1023C000FFF736FD064609E0286840F480202860C3
:1023D000F0E7FFF72DFD801B642873D82868800381
:1023E000F7D50BE0FFF724FD064604E0FFF720FDDC
:1023F000801B6428F1D828688003F7D42078DFF8A0
:10240000648280074FF0010A4FF0000939D56868EF
:1024100010F00C0F07D06868C0F38100022809D1C2
:102420006868C00306D42868800714D5206901288D
:1024300008D110E02069B0B1C8F800A0FFF7F8FC9F
:10244000064605E007E1FFF7F3FC801B0228C4D82D
:1024500028688007F7D52868616920F0F80040EA0D
:10246000C10028600DE0C8F80090FFF7E1FC0646C7
:1024700004E0FFF7DDFC801B022823D828688007D2
:10248000F7D4207800072CD57748A169D9B1C0F8D6
:1024900000A0FFF7CDFC064604E0FFF7C9FC801B57
:1024A00002280FD8686A8007F7D570484FF4FA51B0
:1024B0000068B0FBF1F0009000BF0098411E009151
:1024C000FAD20EE07CE0C0F80090FFF7B1FC0646BF
:1024D00004E0FFF7ADFC801B022871D8686A800712
:1024E000F7D4207840075BD5E8690027C00008D4FE
:1024F000E86940F08050E861E869012700F0805009
:1025000000905B480168C90511D40168834641F415
:1025100080710160FFF78CFC064604E0FFF788FC41
:10252000801B64284CD8DBF80000C005F6D5E068B5
:1025300001280AD008B1052813D0286A20F001002C
:102540002862286A20F0040002E0286A40F00100B6
:102550002862E06841F2883B88B1FFF769FC0646D3
:1025600009E0286A40F004002862EEE7FFF760FC0B
:10257000811B59455BD8286A8007F7D50BE0FFF728
:1025800057FC064604E0FFF753FC811B59454ED823
:10259000286A8007F7D41FB1E86920F08050E8610D
:1025A000E069A8B36968C1F38101022946D0022815
:1025B000484606D0C8F86000FFF73AFC044639E008
:1025C00035E04746C8F86000FFF732FC064604E0F5
:1025D000FFF72EFC801B022829D828688001F7D439
:1025E000206AB0F5803F05D16868A16820F400300A
:1025F00008436860D4E908010843696821F474114C
:1026000008436860C7F860A0FFF712FC044605E0C5
:1026100023E0FFF70DFC001B022808D82868800182
:10262000F7D51AE0FFF704FC001B022802D90320AB
:10263000BDE8F88F28688001F4D40EE00128F7D0B7
:102640006868226A00F48031914204D1616A00F422
:102650007010884201D00120EAE70020E8E700007E
:10266000001002400000424280044242500000201C
:1026700000700040F8B505004FF0000016460C460B
:10268000009006D02CB100226946284600F019F8C7
:1026900008B10120F8BD287B2070E87BE070697BE1
:1026A0006170A97BA17056B101F091FFE070607874
:1026B00001F08DFF6070A07801F089FFA07000200C
:1026C000F8BD2DE9F04791460C465FEA00084AD074
:1026D00084B3D8F800004068400744D4404602F074
:1026E00013F84FF46162B0FBF2F10546B0FBF2F073
:1026F00002FB10533C20B3FBF0F36370B5FBF2F325
:1027000002FB1352B2FBF0F300FB1320A070182958
:1027100031D31820B1FBF0F6B1FBF0F200FB121040
:102720002070404601F0E9FF411C04D0A84202D9C4
:10273000471B02E017E04FF0FF37A6EB061000EB57
:102740004000C0EB001005EBC0152946404602F0E2
:102750002AF840B9781C01D0791900E03946404682
:1027600002F00DF810B10120BDE8F0873146404677
:1027700001F038FF00E02170B9F1000F0BD0207894
:1027800001F025FF2070607801F021FF6070A078D3
:1027900001F01DFFA0700020E6E7000070B5040006
:1027A00003D0607C002610B105E0012070BD2674C6
:1027B000204600F03DF802206074204600F00CF93D
:1027C000042550BB204601F064FF30BB20684168FF
:1027D00021F007014160A06820B11448016821F090
:1027E000010101601148001F0168A26821F46071B5
:1027F000114301606068411C04D10120FFF7DCFB3C
:1028000058B1401E2268C0F303419160216880B234
:10281000C860204601F057FF08B16574C5E7E6734C
:1028200001206073A0736074002070BD306C0040A4
:1028300008B50068084988420DD1FFF7B7FB074883
:10284000C16941F00061C161C069054900F00060E3
:1028500000900120086008BD0028004000100240E0
:102860003C0442422DE9F0410D4604003BD0C5B383
:10287000207C01283AD04FF0010884F81080022013
:102880006074E87872B301F099FEE073687801F043
:1028900095FE6073A87801F091FEA073C2B2617BCF
:1028A000E07B01F041FF20732870204601F02CFFEF
:1028B0004FF46161B0FBF1F1002518292DD91822E0
:1028C000B1FBF2F1A1EB011101EB4101C1EB0111EF
:1028D00000EBC1163146204601F065FF0427C8B958
:1028E0000BE000E004E00120BDE8F0810220FBE7FE
:1028F000E07368786073A878CFE7204601F0FDFEAA
:10290000411C0AD0B04208D206490144204601F0D9
:1029100036FF10B167742574E5E784F811802574DB
:102920000020E1E7805101002DE9F0410D4604004F
:1029300024D01DB3207C012823D04FF0010884F857
:10294000108002206074F2B1287801F037FE4FF455
:10295000616100FB01F6687801F030FEC0EB001009
:1029600006EB8006A87801F029FE35182946204696
:1029700001F019FF0026042718BB10E00120BDE874
:10298000F0810220FBE729784FF4616041436878C9
:10299000C0EB001001EB8000A9784518E6E720683D
:1029A000416821F005014160204601F0A6FE411C6E
:1029B0000AD0A84208D207490144204601F0DFFEB0
:1029C00010B167742674D9E784F81180267400204A
:1029D000D5E700008051010070B504000AD02068DE
:1029E000416821F008014160FFF722FA05464FF4E3
:1029F0007A7608E0012070BDFFF71AFA401BB0425A
:102A000001D9032070BD206840680007F4D500207C
:102A100070BD70B5040009D0606A002540B1256121
:102A20006561A56294F8510040B10CE0012070BDD1
:102A30006068B0F5827FF4D0E561F2E784F8505029
:102A4000204600F03FF8022084F851002068016819
:102A500021F040010160A088218900F4827001F416
:102A600004410843A18901F400610843217C01F07D
:102A700002010843217D01F001010843218B01F48B
:102A800000710843217F01F03801084394F82010B9
:102A900001F080010843218D01F4005108432168B1
:102AA0000860A069042101EA10402168486020689C
:102AB000C16921F40061C1616565012084F851009C
:102AC000002070BD30B585B00024009401940294BC
:102AD000039400681549884225D11548C16941F41D
:102AE0008041C161C16901F480410491816941F073
:102AF0000801816180690F4D00F0080004904FF4D7
:102B0000204000900220019003200390694628464F
:102B1000FFF78CF84FF48040CDE900046946284661
:102B20000294FFF783F805B030BD00000038004084
:102B300000100240000C01402DE9F84F044690F8C7
:102B400051001D46904689460026012801D00226E4
:102B500093E060684FF0040BB0F5827F01D1A0686C
:102B600020B394F8500001282AD04FF0010A84F8CD
:102B700050A0FFF75DF90746B9F1000F79D0B8F121
:102B8000000F76D084F851B000206065C4F838900A
:102B9000A4F83C80A4F83E802063A086E0862064F0
:102BA0006064A068B0F5004F0CD015E084F851B017
:102BB000009313460A46204600F019F9BDE8F88F45
:102BC0000220FBE72068016821F0400101602068D5
:102BD000016821F48041016020680168490603D43E
:102BE000016841F040010160E068B8B134E020685C
:102BF0008168C90709D0007BA16B0870A06B401CDD
:102C0000A063E08F401EE08708E0FFF711F9C01BCA
:102C1000A84202D3681C01D004E01DB1E08F002857
:102C2000E5D11CE0032626E020688168C90709D0A9
:102C3000C068A16B0880A06B801CA063E08F401E61
:102C4000E08709E0FFF7F4F8C01BA84202D3681C34
:102C500002D0E7E7002DE5D0E08F0028E4D13A4626
:102C60002946204601F098FE08B120206065606D7D
:102C700008B1012601E084F851A0002084F850003A
:102C800030469BE72DE9F84F044690F850000026A7
:102C90001D4690468A4601280ED04FF0010984F85F
:102CA0005090FFF7C5F8074694F851004146B346E7
:102CB000012804D0022696E00220BDE8F88FBAF180
:102CC000000F6ED0B8F1000F6BD0032084F85100D4
:102CD000C4F854B0C4F830A0A4F83480A4F8368006
:102CE000C4F838B0A4F83CB0A4F83EB0C4F844B07E
:102CF000C4F840B0A068B0F5004F09D12068026860
:102D000022F0400202602068026842F480420260C1
:102D100020680268520603D4026842F04002026052
:102D2000E068B0F5006F606803D038B3012925D0A2
:102D300042E008B101291BD1206B21680088C860DE
:102D400006E020688168890709D5216B0988C16080
:102D5000206B801C2063E08E401EE08608E0FFF7B9
:102D600067F8C01BA84202D3681C01D004E01DB163
:102D7000E08E0028E5D122E0032632E0206B2168B6
:102D80000078087306E02068816889070AD5216BFE
:102D900009780173206B401C2063E08E401EE086A2
:102DA0000AE01CE0FFF744F8C01BA84202D3681CED
:102DB00002D0E1E7002DDFD0E08E0028E3D13A46D3
:102DC0002946204601F016FE08B120206065A06863
:102DD00018B92068C16880680090606D08B101264C
:102DE00001E084F8519084F850B0304665E72DE951
:102DF000FF4F81B0044690F85000012500270E9E39
:102E00009846934601280FD0AA4684F850A0FFF7B1
:102E10000FF894F8511081466268404601290DD0A0
:102E2000B2F5827F08D103E0022005B0BDE8F08F43
:102E3000A2680AB9042901D00227C7E00299002933
:102E400068D0BBF1000FFBD0B8F1000FF8D094F8B8
:102E50005110042902D0052184F851100021616528
:102E6000C4F838B0A4F83E80A4F83C80029A2263EB
:102E7000A4F83680A4F834802164616421680A686B
:102E8000520603D40A6842F040020A60E168B1F5D4
:102E9000006F616803D0E1B3012843D07AE009B143
:102EA000012838D1206B21680088C860206B801C05
:102EB0002063E08E401EE0862DE02068816889074F
:102EC0000DD5E18E59B1012D09D1216B0988C16061
:102ED000206B801C2063E08E401EE0860025206869
:102EE0008168C9070BD0E18F49B1C068A16B088028
:102EF000A06B801CA063E08F401EE0870125FEF7D9
:102F000097FFA0EB0900B04205D3701C03D0032744
:102F10005AE007E056E0E08E0028CED1E08F00288E
:102F2000CBD13DE0206B216800780873206B401CFA
:102F30002063E08E401EE0862CE0206881688907CF
:102F40000DD5E18E59B1012D09D1216B097801739D
:102F5000206B401C2063E08E401EE0860025206828
:102F60008168C9070BD0E18F49B1C068A16B0870B7
:102F7000A06B401CA063E08F401EE0870125FEF798
:102F800057FFA0EB0900B04202D3701C02D0BEE78D
:102F9000002EBCD0E08E0028CFD1E08F0028CCD10D
:102FA0004A463146204601F025FD18B10127202070
:102FB00060650BE0A06818B92068C168806800905F
:102FC000606D08B1012701E084F851A0002084F869
:102FD0005000384629E770477047000070B590F8F8
:102FE0003C20012A2CD0012580F83C50022280F898
:102FF0003D2002685368946823F070060B683343E1
:103000005360104B02689A420ED00F4B9A420BD07D
:10301000B2F1804F08D00D4B9A4205D00C4B9A422A
:1030200002D00C4B9A4204D1496824F08003194322
:10303000916080F83D50002180F83C10084670BD3A
:10304000022070BD002C014000340140000400400B
:1030500000080040000C004010B5040003D094F8B4
:103060003D0010B107E0012010BD002084F83C00B5
:10307000204600F01FF8022084F83D00211D206842
:1030800001F008FE012084F8460084F83E0084F830
:103090003F0084F8400084F8410084F8420084F83E
:1030A000430084F8440084F8450084F83D00002083
:1030B00010BD000000B585B0002100910191029182
:1030C00003911E4A01681E48914217D1C16941F01F
:1030D0000201C161C16901F002010491816941F0FD
:1030E000200181618069694600F02000049004207D
:1030F00000901448FEF79AFD05B000BD124A9142B7
:1031000008D1C16941F00401C161C06900F0040047
:103110000490F1E70D4A9142EED1C16941F00801F6
:10312000C161C069002200F0080004900121322032
:10313000FEF70AFF3220FEF7F9FEDDE7000400404B
:10314000001002400014014000080040000C004044
:1031500090F83D10012901D001207047022180F82C
:103160003D100168CA6842F00102CA6000680E4959
:1031700088420ED00D4988420BD0B0F1804F08D064
:103180000B49884205D00B49884202D00A4988423F
:1031900004D1816801F00701062903D0016841F0DC
:1031A0000101016000207047002C01400034014003
:1031B0000004004000080040000C004070B50446C8
:1031C00090F83C000025012817D0012684F83C60C7
:1031D000022084F83D002068826822F0770222F401
:1031E0007F4282600868502838D00DDC20284FD0FC
:1031F00005DC90B3102811D14AE0022070BD3028C0
:1032000046D040280AD13BE060282FD070280DD04E
:10321000B0F5805F03D0B0F5005F12D0012584F8CF
:103220003D60002084F83C00284670BDCB68D1E9A1
:103230000121206801F074FD2068816841F0770168
:1032400009E0CB68D1E90121206801F069FD20681F
:10325000816841F480418160E1E719E0CA6849680A
:10326000206801F077FE5021206806E0CA684968AE
:10327000206801F080FE6021206801F05BFDCEE750
:10328000CA684968206801F065FE40212068F4E7BB
:10329000226801461046F0E7704770B504460068A2
:1032A00001694FF00005C943890715D4C168C943B6
:1032B000890711D4E91E0161012020772068806907
:1032C0008007204602D0FFF7E7FF04E000F0BEF8D9
:1032D000204600F050F9257720680169C943490765
:1032E00017D4C168C943490713D46FF004010161C1
:1032F000022020772068806910F4407F204602D0A9
:10330000FFF7CAFF04E000F0A1F8204600F033F90F
:10331000257720680169C943090716D4C168C943E4
:10332000090712D46FF0080101610420207720689A
:10333000C0698007204602D0FFF7AEFF04E000F02E
:1033400085F8204600F017F9257720680169C94300
:10335000C90617D4C168C943C90613D46FF0100158
:103360000161082020772068C06910F4407F204662
:1033700002D0FFF791FF04E000F068F8204600F06B
:10338000FAF8257720680169C943C90708D1C168DF
:10339000C943C90704D1891E0161204600F0ECF839
:1033A00020680169C943090609D4C168C9430906EF
:1033B00005D46FF0800101612046FFF70CFE206804
:1033C0000169C943490609D4C168C943490605D4FE
:1033D0006FF040010161204600F001F920680169A9
:1033E000C94389060BD4C168C943890607D46FF065
:1033F000200101612046BDE87040FFF7EDBD70BDC2
:1034000000B585B0002100910191029103910068FF
:103410000B49884211D10B48816941F00401816157
:103420008069694600F0040004904020009002206A
:10343000019003900448FEF7F9FB05B000BD0000C1
:10344000000400400010024000080140704770B5C1
:10345000044690F83C0000260D4601280FD00120BC
:1034600084F83C006AB1042A1DD0082A2FD00C2A07
:103470003FD00126002084F83C00304670BD022079
:1034800070BD206801F05EFC2068816941F0080190
:1034900081612068816921F004018161206881696E
:1034A0002A69114311E0206801F07CFC20688169E1
:1034B00041F4006181612068816921F4806181614A
:1034C000206881692A6941EA02218161D2E7206886
:1034D00001F09EFC2068C16941F00801C1612068CB
:1034E000C16921F00401C1612068C1692A691143E1
:1034F00011E0206801F0C0FC2068C16941F400615E
:10350000C1612068C16921F48061C1612068C1691D
:103510002A6941EA0221C161ACE710B5040003D079
:1035200094F83D0010B107E0012010BD002084F8A0
:103530003C00204600F01EF8022084F83D00211DCA
:10354000206801F0A7FB012084F8460084F83E00C3
:1035500084F83F0084F8400084F8410084F8420079
:1035600084F8430084F8440084F8450084F83D0062
:10357000002010BD7047704700680349884201D1A0
:10358000FEF75CBC70470000002C014070B504469B
:1035900090F83C00012810D0012584F83C5002200E
:1035A00084F83D00204601F08FFC002138B184F8FA
:1035B0003D5084F83C10012070BD022070BD206891
:1035C000C26822F04002C2602068C26822F48042D1
:1035D000C26084F83D5084F83C10002070BD7047F4
:1035E0007047000003480068C16841F02001C160D5
:1035F000704700000804002010F8411F407808437D
:1036000070470000F8B5016804460868CA684B694D
:1036100010F00F0F4FF000055AD003F0010602F42E
:103620009077374365D0C10705D0D10503D5616CCC
:1036300041F001016164410705D5D90703D0616CF0
:1036400041F002016164810705D5D90703D0616C9F
:1036500041F004016164010707D502F02001314304
:1036600003D0616C41F008016164616C00293BD0BA
:10367000800604D5900602D5204601F010FD206892
:103680004069616CC0F3801001F0080101432046DD
:103690002BD001F0DDFC20684069400621D5206870
:1036A000143050E8001F21F0400140E80012002AC9
:1036B000F5D1E06BA8B16D494163E06BFEF772F89C
:1036C000002811D0E06B416B01B0BDE8F040084725
:1036D00083060ED593060CD52046BDE8F84001F0D0
:1036E000DEBC2046FFF77EFFF8BDFFF77BFF656479
:1036F000F8BD266B2023012E7CD1C6067AD5D606CE
:1037000078D508684868009048694FF0020640067E
:1037100040D5E16B086840680004000CE8D0A28D39
:103720008242E5D9E085886920282DD020680C30B8
:1037300050E8001F21F4807140E80012002AF5D102
:103740002068143050E8001F21F0010140E8001209
:10375000002AF5D12068143050E8001F21F0400104
:1037600040E80012002AF5D184F842302563206831
:103770000C3050E8001F21F0100140E80012002A30
:10378000F5D1E06BFDF7EAFF6663A08DE18D401A8D
:1037900081B22AE0A08DE18D401A81B2E08D00282F
:1037A000A6D00029A4D020680C3050E8002F22F4C5
:1037B000907240E80027002FF5D12068143050E8BF
:1037C000002F22F0010240E80027002FF5D184F8F5
:1037D0004230256320680C3050E8002F22F01002A0
:1037E00040E80023002BF5D166632046FFF7F8FE82
:1037F000F8BDFFE705062BD5150629D594F841003D
:103800002128F5D1A068B0F5805F01D12069B0B161
:10381000206A411C2162216800784860E08C401ECB
:103820000004000CE084E3D12068C16821F080012D
:10383000C1602068C16841F04001C160D8E7206ADA
:103840000088C0F308004860206A801C2062E5E719
:103850004006CDD55006CBD5CA68204622F040029E
:10386000CA6084F8413000F014F9C1E74150000803
:1038700070B5040004D094F84100002510B106E0B2
:10388000012070BD84F84050204600F023F8242029
:1038900084F841002068C16821F40051C1602046CD
:1038A00001F05EFC2068016921F49041016120680B
:1038B000416921F02A0141612068C16841F4005149
:1038C000C1606564202084F8410084F8420065638B
:1038D000002070BDF0B585B00024009401940294DE
:1038E000039400682D4F2E49022303222D4E2E4DA6
:1038F000B84225D1C86940F40030C861C86900F4F5
:1039000000300490886940F0200088618869694629
:1039100000F0200004902020CDE9000303923046FF
:10392000FEF784F94020CDE9000469463046029450
:10393000FEF77CF9686840F0E06040F0080029E09C
:103940001A4FB84227D1C86940F48020C861C869BD
:1039500000F480200490886940F020008861886924
:10396000694600F020000490B815CDE900030392E9
:103970003046FEF75BF97815CDE90004694630461C
:103980000294FEF753F9686820F0300040F0E060E0
:1039900040F03000686005B0F0BD00000044004019
:1039A00000100240001401400000014000480040A7
:1039B00090F84230202B01D00220704721B11AB17B
:1039C0000023036301F028BC0120704710B50446B2
:1039D00000680749884209D10648FFF70DFE2028F4
:1039E000FAD12068C16841F02001C16010BD00001B
:1039F00000480040080400202DE9F843044690F8F0
:103A000041001F4615460E46202802D00220BDE880
:103A1000F8837EB175B100206064212084F84100F4
:103A2000FEF706FAA5848046E584A068B0F5805FBD
:103A300002D003E00120EAE7206910B135460026F4
:103A40000EE000250CE08021204601F000FCA0B92A
:103A5000ADB115F8010B21684860E08C401EE08490
:103A6000E08C43464FF0000200970028EBD14FF066
:103A70004001204601F0EBFB30B10320C7E736F8E8
:103A8000020BC0F30800E6E7202084F84100002084
:103A9000BDE77047FEE70000044B20B10122802102
:103AA0001846FEF7C0B90022F9E7000000100140F7
:103AB000044B20B1012280211846FEF7B4B9002240
:103AC000F9E700000010014070B505460C46808CF7
:103AD000FCF73AFEE065688F6087A88FA087E88FC3
:103AE000E087288F208795F8400084F8640095F8D7
:103AF000360084F8650094F87100800701D5E889E4
:103B000000E06889FCF720FEA064A87914F8671F1C
:103B100060F38611217070BD2DE9F041054611F06A
:103B20001F000C4602F01F01C0F12007C2F3471628
:103B300088460FD07EB1D01BC0F3471600F01F0897
:103B400047B33A462146284602F000FDE01984B208
:103B50003D441FE04EB90A460EE020222146284689
:103B600002F0F4FC2034A4B22035761EF6B2F4D272
:103B70005FEA080012D0024621462846BDE8F0411F
:103B800002F0E4BC20222146284602F0DFFC20346B
:103B9000A4B22035761EF6B2F4D2E9E7BDE8F08192
:103BA000FEB500242048009401941E49029401604F
:103BB00089158160012505730475042606614FF49B
:103BC00060214460C161FDF767FC08B1FDF771FB3E
:103BD00007200094CDE9015069461348FDF76CFBBE
:103BE00008B1FDF766FB0224CDE9005469460E4892
:103BF000FDF762FB08B1FDF75CFB0320CDE9004057
:103C000069460948FDF758FB08B1FDF752FB0096DD
:103C1000694605480196FDF74FFB002801D0FDF7E6
:103C200048FBFEBD0024014008020020054808B5FD
:103C3000416941F001014161406900F001000090DB
:103C400008BD00000010024010B5244B00220121E5
:103C5000234803F079F8234C606338B14FF47A714C
:103C600003F0B4F810B120A001F02EFC1B4A022191
:103C7000183A042002F078FF2063214A00212148ED
:103C800003F010F81E4A6061243200211E4803F040
:103C900009F81B4AA061483200211C4803F002F8D1
:103CA000174AE0616C320021194802F0FBFF0B4A11
:103CB0002062843A0021174802F0F4FF074A60624C
:103CC000603A0021144802F0EDFF044AA0623C3A39
:103CD0000021124802F0E6FFE06210BDE88C000807
:103CE000910B000800000020206F7354696D65720D
:103CF0005374617274206661696C65642100000010
:103D0000D48B0008CD4A00084D4900089D68000882
:103D1000B90D00083545000815450008290E0008B2
:103D20002DE9F04F85B00024464800940194029498
:103D30000394816941F040018161816901F0400192
:103D40000491816941F010018161816901F01001E4
:103D50000491816941F004018161816901F00401EC
:103D60000491816941F008018161816901F00801D4
:103D70000491816941F0200181618069DFF8C89078
:103D800000F020000490002240F25B214846FEF73C
:103D90004AF8DFF8B8A0002208215046FEF743F8A1
:103DA000DFF8ACB04FF48058002241465846FEF789
:103DB0003AF80022C0212748FEF735F840F21B20D0
:103DC00001250226CDE90005CDE9024669464846AF
:103DD000FDF72CFF4027CDE90075CDE90256694675
:103DE0004846FDF723FF0820CDE90005CDE902464E
:103DF00069465046FDF71AFFCDF800800396CDE9DD
:103E0000015469465846FDF711FF4FF49260CDE921
:103E10000004694610480294FDF708FFCDE90075DB
:103E2000CDE9025669460B48FDF700FF80208DE87A
:103E30006100694607480396FDF7F8FE05B0BDE846
:103E4000F08F0000001002400018014000080140FF
:103E5000000C014000100140001401401CB500247A
:103E600017480094154901940160611EC0E90114CE
:103E7000FEF794FC08B1FDF71CFA8DF800408DF8B0
:103E800001408DF80240012269460D48FEF74CFDC5
:103E900008B1FDF70EFA01208DF804008DF8050039
:103EA0008DF8060002468DF8074001A90448FEF788
:103EB000D9FC002801D0FDF7FCF91CBD002800400A
:103EC0007C020020104810B50E4901604FF4827149
:103ED000416000218160C1604FF400720161C0E95E
:103EE00005123822C0E90721416281620A21C162BC
:103EF000FEF78FFD08B1FDF7DCF9BDE81040FF20AB
:103F000000F03ABD003800409002002010B58EB09D
:103F100000240794089409940A940B941C21684681
:103F20000C94FCF796F921481F4901604721C0E92C
:103F3000011440F2E731C0E9031480218161FFF7E9
:103F40008BF808B1FDF7B5F94FF40050CDE907043F
:103F5000099407A915480A94FFF730F908B1FDF74D
:103F6000A8F91248FFF7D9FA08B1FDF7A2F94020E5
:103F7000CDE90B040BA90D48FFF730F808B1FDF7A8
:103F800098F96020CDE900040294002269460748B0
:103F90000494FFF75CFA08B1FDF78BF90348FFF7CB
:103FA0002FFA0EB010BD000000040040E80200200F
:103FB00010B586B00024184800940194029403942C
:103FC00004941449059401604721C0E9011440F2AA
:103FD000E731C0E9031480218161FFF73DF808B1A2
:103FE000FDF767F94FF48050009069460A48FFF7E3
:103FF000E5F808B1FDF75DF9049404A906480594B5
:10400000FEF7ECFF08B1FDF754F90348FFF7A0F8FD
:1040100006B010BD000C0040780300200C4810B51D
:104020000A4901604FF416514160002181600C2261
:10403000C160C0E904128161C161FFF719FC002869
:1040400003D0BDE81040FDF734B910BD0044004076
:10405000C0030020FEE7FEE72DE9F04F0446B0F96B
:10406000020087B08246B4F90670FCF772FB054681
:104070000E46D4E90401FCF749F920F00040FCF7B2
:10408000B1FB2A463346FCF7C1FB03D260692062CC
:10409000E06142E094F82C904846FCF755FB8046DE
:1040A00000903846FCF747FB834666695D4630461C
:1040B000E169FCF72BF92946FCF72EF94146FCF79C
:1040C0002BF905465846216AFCF726F92946FCF7E4
:1040D000CBF8B4F9005080462846DDF800B0FCF774
:1040E0002AFB3146FCF718F95946FCF715F9414609
:1040F000FCF7BAF8804605FB0970FCF71CFB01468B
:104100004046FCF73BF96E49884202DA6D49884225
:1041100001D3216200E02062E6615046FCF70BFB10
:1041200083465D46216A2069FCF7F0F82946FCF7D2
:10413000ABFB04D84FF47A70208100200AE05D4682
:104140002169206AFCF7E2F82946FCF79DFB05D8B7
:1041500000202081E06007B0BDE8F08FD4E90410B2
:10416000FCF788FB27D205219AFBF1F0FCF7E3FA74
:104170000746D4E90401FCF7C9F83946FCF784FB8B
:1041800019D225695E462846216AFCF7BFF88046A9
:1041900039463046FCF7BAF8074628466169FCF70D
:1041A000B5F83146FCF7B5F84146FCF7B5F83946A5
:1041B000FCF7E4F803E0216A2069FCF7A7F894F81B
:1041C0002F10890700D400203F4E3146FCF7A4F899
:1041D00007465D46B4F90000FCF7ADFA3946FCF736
:1041E0009BF82946FCF7CAF80546E068FCF7A3FAF5
:1041F0002946FCF739F8FCF7BDFAE060002801DA3F
:104200000020E060B4F9048090FBF8F0FCF793FA2A
:10421000DFF8B89005462F46C9F80C00B04205DB20
:104220004FF47A7108FB01F03546E060D4F820A025
:1042300020695146FCF76AF82349FCF76DF85946A6
:10424000FCF79CF80646C9F80800D9F80400401CA1
:10425000C9F8040006903846FCF7C4FA8346304695
:104260000091FCF7BFFA814688465046FCF7BAFA3F
:1042700082460F466069FCF7B5FA009BCDF800A0B6
:10428000CDE904B3CDF80C80CDE9017902460B46A7
:104290000FA0069901F018F931462846FBF7E4FF14
:1042A00010F1FF4F01D3002007E00749884202DDEB
:1042B0004FF47A7001E0FCF75DFA20814BE70000D3
:1042C00000C0DA450000FAC300007A443001002043
:1042D00025642C252E31662C252E3166202C252E8A
:1042E0003166202C252E31660D0A00000246012081
:1042F0008C2A0DD8C2EBC203064A02EB8302B2F944
:104300000230B2F90420994200DA0020914200DD27
:1043100000207047908F000870B54FF4407421461C
:10432000002002F0B5FB05462146002002F0B0FB5C
:104330000446002D45D0002C43D0002034F8101046
:10434000C94325F81010401C8C28F7D94FF48D76FE
:1043500032460021284602F0BEF8324600212046AF
:1043600002F0B9F858B10021084635F8102034F8A9
:1043700010309A4207D013A001F0A6F8DDE717A08D
:1043800001F0A2F813E0401C8C28EED90029D4D10A
:10439000184A194B194E002034F8101022F810104A
:1043A00023F8101026F81010401C8C28F4D9294648
:1043B000002002F051FB2146BDE87040002002F0D1
:1043C0004BBB70BD5061724C6F616420457272537B
:1043D00074203D20313B2121210D0A005061724C97
:1043E0006F61642072656164206661696C212121BE
:1043F0000D0A0000B8050020D4060020001200209D
:104400002DE9F84305468C282CD21748174F4580D4
:104410004FF6FF7007EB450800EA45063146404677
:104420000222FFF779FB37F81500C043ADF8000012
:104430000524082002F042FB31460222684602F0C1
:104440004AF858B1641EF4D5BDF8000037F81510CD
:10445000884207D006A001F037F8DFE70DA001F091
:1044600033F8F1E7BDE8F88388010020B8050020A3
:10447000506172582E7556616C20213D205061723A
:104480005461625B506F735D2E7556616C21212102
:104490000D0A000050617253617665207265616497
:1044A000206661696C2121210D0A00002DE9F0418F
:1044B000154E164D042436F8140035F814108842B1
:1044C0001DD0134F042C02D0052C08D00EE02889F3
:1044D000FCF73AF97969FBF719FFB86206E06889D9
:1044E000FCF732F9F96CFBF711FF386635F8140068
:1044F00026F81400A0B2BDE8F041FFF781BF641CAC
:104500008C2CD8D3BDE8F08100120020D406002006
:10451000CC150020002002F01FFA00F0DBFA04495D
:1045200001204880FFF7C2FF142002F0C7FAF9E724
:10453000B805002086B014221A496846FBF770FEC1
:10454000002000F0E3FE0121684600F085FF6420B2
:1045500002F0B4FA4FF480710A46134800F008FFE5
:10456000134C1248144F6063124804F1380604F1EA
:104570007105E06629460E48FCF76AFC294630467C
:10458000FCF766FC94F87100800601D5012200E07A
:10459000002240213846FDF746FC0A2002F08EFA40
:1045A000E8E70000348F00081C130020F94F0008D2
:1045B000CC150020993A000800180140010901EBD0
:1045C000810100F00F0000EB4100C0B270470021F4
:1045D00002E00A38C0B2491C0A28FAD2090740EAA8
:1045E000116070472DE9F04104460025C07B627BD5
:1045F000A37B42E0012A16D0032A14D0052A12D048
:10460000072A10D0082A0ED00A2A0CD00C2A0AD069
:10461000042A10D0062A0ED0092A0CD00B2A0AD060
:10462000022A0DD028E01F2B0CD30C2A05D1012221
:104630001346401C20E01E2B04D30123521C1BE018
:104640001C2B02D203F1010316E011D183B29E07A5
:1046500010D16426B3FBF6F706FB173636B94FF4D4
:10466000C876B3FBF6F706FB17331BB91D2303E02F
:104670001D2B01D1032201236D1C8D42BAD3D1B26F
:10468000E0736173DAB2A27300F04EF82073BDE8F4
:10469000F08170B50546FDF7CBFB04464FF47A7602
:1046A00006E0FDF7C5FB001BB04201D9032070BD39
:1046B000286840688006F4D52868416841F01001F8
:1046C0004160002070BD70B505460068416821F06A
:1046D00010014160FDF7ACFB04464FF47A7606E02A
:1046E000FDF7A6FB001BB04201D9032070BD28686E
:1046F00040688006F4D5002070BD0068016A406AF9
:1047000080B240EA01407047006881698AB2C1699D
:104710008BB2816989B28A4203D0C06961F31F40BC
:10472000704743EA02407047F0B56426C1EBC1030D
:104730000925B700072403EB01130329B3FBF5F1A7
:1047400000F5FA60114401440AD2401EB0FBF6F2B3
:1047500001EB9001B0FBF7F0891A0844001D08E056
:10476000B0FBF6F201EB9001B0FBF7F0891A0844B8
:10477000801CB0FBF4F104FB1100C0B2F0BD70B5B9
:104780000D4606460024FFF784FF48B93168280C1F
:1047900008623168A8B248623046FFF794FF00B162
:1047A0000124204670BD70B50D4606460024FFF773
:1047B00070FF48B93168280C88613168A8B2C861B7
:1047C0003046FFF780FF00B10124204670BD000095
:1047D0002DE9F0410024A0F5965243498C2A06D8D1
:1047E00001EB4000A0F54050B0F9804A78E040F27B
:1047F00004551323A0F20452A8422DD016DCB0F5C4
:10480000A06F21D009DC12F1E80062D0012862D04B
:10481000022862D0032863D161E0A0F5A0600138CE
:1048200014D0012814D002285AD113E02F4D304E55
:10483000DFF8C0803048092A52D2DFE802F0514E3A
:104840000F111317203642000B2449E0092447E0DA
:10485000102445E0112443E0122441E014243FE0F9
:10486000A86900E0286DFBF785FF1CE0B5F90000A2
:10487000FBF76FFF04460F46B5F9080007E0B5F9EE
:104880003800FBF766FF04460F46B5F94000FBF71A
:1048900060FF32464346FBF756FE22463B46FBF797
:1048A000C4FEFBF780FF04B21AE080210546FDF745
:1048B000B5FA044610212846FDF7B0FA44EA400450
:1048C0000EE04FF48061FDF7A9FA012808D0012419
:1048D00006E0182404E00A2402E01C4600E04C88AC
:1048E000A0B2BDE8F0810000B8050020CC15002082
:1048F0009A9999999999B93F0014014070B50D465C
:104900000146A0F596500E4A8C280ED284B214812E
:1049100029B22046FFF7EAFC78B10A4820F8145083
:10492000A0F58E7020F8145007E0A1F58851933956
:1049300088B20549108121F81050284670BD00004A
:1049400014010020D4060020F0070020FFF786FAAB
:10495000002206490648FDF7B4FE00220549044836
:10496000FDF788FE052002F0A9F8F1E738000020E5
:104970007C0200203B00002001B582B04FF47A7029
:104980000090012301AA02A90248FEF730FA9DF81F
:1049900004000EBD90020020F8B5044640684FF4B4
:1049A0008273984217D1A0684FF48065B0F5004F2C
:1049B00001D0A8420FD12068066826F040060660A4
:1049C0006068984207D1A068A84204D100920B46C3
:1049D0000022012103E000920B46002280212046A4
:1049E00000F018F8002804D0606D40F020006065E9
:1049F0000320F8BD38B50B46009204460022802102
:104A000000F008F8002804D0606D40F020006065D8
:104A1000032038BD2DE9F8431E46914688460446DA
:104A2000089DFDF705FA401B351AFDF701FA074608
:104A300025480068C0F3CB30684338E0701C37D09D
:104A4000FDF7F6F9C01BA84203D215B1009860B378
:104A50002CE02068416821F0E00141606068B0F519
:104A6000827F0BD1A068B0F5004F02D0B0F5806F07
:104A700004D12068016821F040010160A06AB0F50E
:104A8000005F09D12068016821F4005101602068AD
:104A9000016841F400510160012084F851000020B8
:104AA00084F850000320BDE8F8830025401E0090E4
:104AB0002068816838EA010004D000204845BDD153
:104AC0000020F0E70120F9E750000020012001F06C
:104AD000F5FFFBE770B50024FFF71EFC0A4D2888A0
:104AE000B0F5965F0ED0094EC4EBC40006EB800013
:104AF000C08825F814002046FFF782FC641CA4B28D
:104B00008C2CF1D370BD0000B8050020908F0008F8
:104B100010B5502080F31188BFF34F8FBFF36F8F14
:104B200003F04CFE18B104494FF08050086000209B
:104B300080F3118810BD000004ED00E030B595B0A1
:104B400028216846FBF785FB14210AA8FBF781FBA7
:104B500018210FA8FBF77DFB05204FF480310024BE
:104B60008DE813000120039004904FF4E010CDE98C
:104B70000810022507956846FDF7F0FB08B172B6EC
:104B8000FEE70F20CDE90A054FF48060CDE90C4027
:104B900002210AA80E94FDF7DFFA08B172B6FEE70B
:104BA00003200F904FF4807010904FF4404011900C
:104BB0000FA8FDF75DFA002801D072B6FEE715B028
:104BC00030BD70470148FEF768BB0000500400206C
:104BD00010B50948FEF761FB0748FEF75EFB064883
:104BE0000068C168C943C90705D1891E0161BDE8D4
:104BF000104002F0E9BC10BD3003002010B5204881
:104C0000FEF74BFB1F4900221F4C0888401C80B256
:104C10000880B0F57A7F12D30A80B4F86800401C8F
:104C2000A4F86800208E401C208694F86600401C82
:104C300084F8660094F82E00401C84F82E0094F846
:104C40007000411C84F87010642801D384F870202F
:104C50000E4894F87010B0F810210D48914201D21E
:104C6000012200E000221021FDF7DDF834F86A0F80
:104C7000401C24F838092088401C208010BD00000A
:104C80007803002040000020CC150020B80500204B
:104C900000180140F0B502681C4D1D4E1D4FDFF895
:104CA00078C01E4B4FF0804EA84209D0984207D0E2
:104CB000704505D0B04203D0B84201D0604503D161
:104CC00022F070044A682243A84209D0984207D0D3
:104CD000704505D0B04203D0B84201D0604503D141
:104CE00022F44074CA6822434C6922F080022243B5
:104CF00002608A68C2620A688262A84201D0984251
:104D000001D10969016301214161F0BD002C01401D
:104D10000004004000080040000C00400034014046
:104D200010B5846842EA032224F47F440A432243F4
:104D3000826010BD826822F070020A4342F00701CF
:104D400081607047F0B5026A036A23F001030362D1
:104D500043688469114E24F073050C68104F2C438E
:104D600022F002058A682A43B04201D0B84205D138
:104D700022F00805CA682A4322F00402B04201D09A
:104D8000B84205D14D6923F440731D438B692B4311
:104D900043608461496841630262F0BD002C0140B8
:104DA00000340140F0B5026A036A23F01003036285
:104DB000436884690D6824F4E64444EA05248D6858
:104DC00022F0200242EA05120F4D104EA84201D0F7
:104DD000B04206D1CF6822F0800242EA071222F0E8
:104DE0004002A84201D0B04207D14D6923F440638C
:104DF00043EA85038D6943EA85034360846149681A
:104E000081630262F0BD0000002C014000340140CB
:104E1000F0B5026A036A23F4807303624368C469CD
:104E200022F4007224F073050C68124E2C438D6836
:104E300042EA05220E4DA84201D0B04206D1CF6809
:104E400022F4006242EA072222F48062A84201D0E2
:104E5000B04207D14D6923F4405343EA05138D69ED
:104E600043EA05134360C4614968C1630262F0BD4F
:104E7000002C01400034014030B5036A026A22F47C
:104E8000805202624268C4690D6824F4E64444EA30
:104E900005248D6823F4005343EA0533084DA842E6
:104EA00002D0084DA84204D14D6922F4804242EA62
:104EB00085124260C46149680164036230BD00002C
:104EC000002C01400034014070B502680024936852
:104ED0004D6823F070031D430B6825F007052B4335
:104EE00093604A6812F00F0F31D11211082A2ED2A6
:104EF000DFE802F02E2E2E2E0B2127040B69D1E9BC
:104F000002210068FFF70CFF22E00A68052A10D092
:104F10000268156A136A23F0010313620268936939
:104F2000096923F0F00343EA011191610068056209
:104F30000EE0012070BD0A698968006800F00AF877
:104F400006E00A698968006800F015F800E00124AD
:104F5000204670BD10B5046A036A23F001030362A2
:104F6000836923F0F00343EA021324F00A020A43A0
:104F70008361026210BD10B5036A046A24F0100454
:104F80000462846923F0A00324F4704444EA0232EA
:104F900043EA01118261016210BD70B505460C46FD
:104FA000C08BFBF7D1FB6062688D6080A88DA0800C
:104FB000E88DE080688E208095F8340084F82C001D
:104FC00095F8300084F82D0094F87160B00701D591
:104FD000A88900E02889FBF7B7FB2061A87914F8BD
:104FE0002F1F60F38611217095F8480060F3451675
:104FF00084F8426070BD0000044B20B101224021C2
:105000001846FCF710BF0022F9E70000001001402D
:10501000044B20B1012240211846FCF704BF0022B6
:10502000F9E700000010014010B502F057FB00281E
:1050300005D0D0E90012BDE810401046084710BD69
:1050400010B5406A0021C185C184FEF7CBFA10BDBE
:1050500001680C3151E8002F22F4907241E80023DE
:10506000002BF5D10168143151E8002F22F0010224
:1050700041E80023002BF5D1016B012909D101681A
:105080000C3151E8002F22F0100241E80023002BE0
:10509000F5D1202180F8421000210163704708B546
:1050A00090F84210222901D0022008BD81684FF4F7
:1050B0008053994201D1026922B1826A99421BD080
:1050C00049B10AE00268816A5268C2F308020A80A4
:1050D000816A891C08E0016971B10168496801F0C1
:1050E0007F011170816A491C8162C18D491E0904CA
:1050F000090CC18503D01BE001684968F1E701682C
:10510000CA6822F02002CA600168CA6822F480726C
:10511000CA6001684A6922F001024A61202180F8D0
:10512000421000214163026B012A03D0FEF74EFCBE
:10513000002008BD016301680C3151E8002F22F006
:10514000100241E80023002BF5D101680A68D2065D
:1051500002D50A6849680091818DFEF741FAE7E7B8
:1051600070B5044600680169E26821F440511143BA
:105170000161A16820690143606901432068C26838
:1051800041F20C639A430A43C26020684169A269F4
:1051900021F44071114341611E492068884202D1C7
:1051A000FDF7A6F801E0FDF793F800EBC00101EB75
:1051B0000011606864228000B1FBF0F3B3FBF2F3EE
:1051C0006FF018067343B1FBF0F5B1FBF0F605EB99
:1051D0008305322303EB0515B5FBF2F5B6FBF2F6BA
:1051E00005F0F00505EB0615B1FBF0F6B1FBF0F0AC
:1051F000B0FBF2F06FF01801484306EB800003EBC0
:105200000010B0FBF2F0216800F00F002844886025
:1052100070BD00000038014081628285C285002196
:105220004164222180F84210016921B10168CA68F5
:1052300042F48072CA6001684A6942F001024A6120
:105240000068C16841F02001C160002070472DE96D
:10525000F0411E46174688460446069D26E0681C17
:1052600024D025B1FCF7E4FD801BA8421ED920689C
:105270000C3050E8001F21F4D07140E80012002AE1
:10528000F5D12068143050E8001F21F0010140E8FA
:105290000012002AF5D1202084F8410084F8420051
:1052A000002084F840000320BDE8F08120680168F8
:1052B00038EA010004D00020B842D0D00020F3E743
:1052C0000120F9E70148FEF79DB90000C003002066
:1052D00010B50C48FEF796F90A4C2068C16889069B
:1052E00004D56FF02001016002F074F92068C168F4
:1052F000090606D56FF080010160BDE8104002F09C
:105300006FB910BD08040020FEE7000038B5202169
:105310008DF8001001098DF8011000018DF80200D0
:1053200000208DF8030000F079F800F057F80E4DDA
:105330004FF48054002221462846FCF774FD0A20D1
:10534000FCF762FC4FF47A73042269460748FDF7C4
:1053500099FC012221462846FCF765FD0A20FCF74E
:1053600053FC00F03BF838BD000C014090020020D7
:10537000F8B5064603208DF80000080C8DF80100F2
:10538000080A8DF8020015468DF8031000F026F883
:10539000104F4FF48054002221463846FCF743FD5D
:1053A0000A20FCF731FC4FF4FA63042269460A48EC
:1053B000FDF768FCAAB244F6206331460648FDF7C3
:1053C000BBFB012221463846FCF72DFD0A20FCF7E5
:1053D0001BFCF8BD000C01409002002070B50E4D82
:1053E0004FF48054002221462846FCF71CFD0A2079
:1053F000FCF70AFC0520FFF7BFFAFF20FFF7BCFA15
:105400000646012221462846FCF70DFD0A20FCF73E
:10541000FBFBF007E6D170BD000C014070B5FFF753
:10542000DDFF0C4D4FF48054002221462846FCF746
:10543000FAFC0A20FCF7E8FB0620FFF79DFA0122A0
:1054400021462846FCF7EFFCBDE870400A20FCF737
:10545000DBBB0000000C0140F8B5044602208DF8CB
:105460000000080A8DF801008DF8021000208DF868
:105470000300FFF7D3FFFFF7B1FF114E4FF4805544
:10548000002229463046FCF7CEFC0A20FCF7BCFB84
:105490004FF4FA673B46042269460A48FDF7F2FBDF
:1054A0003B462A1121460748FDF7ECFB012229461D
:1054B0003046FCF7B8FC0A20FCF7A6FBF8BD00005C
:1054C000000C0140900200200FB4054B10B503A959
:1054D000044A029800F0DAF810BC5DF814FB0000F2
:1054E000CD650008040200200907090E002804DB2E
:1054F00000F1E02080F80014704700F00F0000F188
:10550000E02080F8141D704702E008C8121F08C18F
:10551000002AFAD170477047002001E001C1121F34
:10552000002AFBD1704700002DE9FF5FDDE9022072
:10553000010DDDF838B0024318D044F61050A1F246
:10554000FF3141430D140F98012820D0A5EB0B002B
:10555000401C5FEA000A4FF00004474EDFF81C9140
:10556000A046504616D5CAF1000728E00F9801243E
:1055700043A2012808D0002100980F9BC0E9002118
:10558000C0E90243BDE8FF9F6FEA0B01F4E7CBF1EE
:105590000000DEE7074612E0F80707D02246334650
:1055A00040464946FAF7CFFF8046894622463346B1
:1055B00010461946FAF7C7FF04460E467F10002F23
:1055C000EAD1DDE90201BAF1000F42464B4602DAA8
:1055D000FAF7B9FF01E0FBF728F804460E4600226F
:1055E000284BFBF713F903D84FF0FF30014607E0D3
:1055F0000022254B20463146FAF7FEFEFBF74AFA19
:10560000102409E0002C0ADB0A220023FBF75CF9D6
:10561000019B30321A55641E50EA0102F2D1641C1B
:10562000019AC4F1110314440F9A012A03D00122F4
:1056300008430DD10AE0084304D000204FF0110BBD
:105640000F9080E7A3EB0B056D1E0DE05B4504DDBD
:105650004FF0000205F1010504E003DA4FF000020B
:10566000A5F10105002AECD000980F99C0E902319C
:10567000C0E9004586E70000000024400000F03F3C
:10568000300000000000F0430000E03F2DE9FF4F34
:1056900095B09B468946064600250FE2252877D11E
:1056A00000242746F84A0121059400E0044316F837
:1056B000013F203B01FA03F01042F7D130782A284D
:1056C00011D06FF02F033078A0F13002092A16D8DC
:1056D000059A44F0020402EB820203EB42021044FA
:1056E000761C0590EFE759F8042B0592002A03DA9F
:1056F000504244F40054059044F00204761C307883
:105700002E2816D116F8010F44F004042A280DD0D3
:105710006FF02F023078A0F13003092B09D807EB86
:10572000870302EB4303C718761CF3E759F8047BA1
:10573000761C30786C280FD006DC4C2817D06828EF
:105740000DD06A2814D104E0742810D07A280FD123
:105750000DE044F400140AE044F4801401E044F441
:1057600040147278824202D104F58014761C761CB3
:10577000307866280BD013DC582877D009DC002855
:1057800075D04528F6D04628F4D047281AD19DE197
:1057900018E0632835D0642879D0652812D195E1C6
:1057A000702873D008DC6728F1D069286FD06E2884
:1057B0000DD06F2806D1B5E073282CD0752875D090
:1057C000782874D05A46179990476D1C75E1C4F338
:1057D0000250022809D003280DD0D9F8001004285F
:1057E0000DD00D6009F1040967E1D9F80010EA173E
:1057F000C1E90052F6E7D9F800100D80F2E70D700C
:10580000F0E719F8041B8DF8001000208DF8010056
:10581000EA46012003E059F804AB4FF0FF3061077E
:105820004FF0000102D40DE008F101018846B942B1
:105830000FDA8045F8DB1AF808100029F4D108E0E7
:1058400008F1010188468142FADB1AF808100029A4
:10585000F6D105985B46A0EB080721463846179A13
:1058600000F094FA284400EB080507E04DE029E138
:105870000DE01AF8010B5A4617999047B8F1010844
:10588000F7D25B4621463846179A13E142E00A22D6
:105890000092C4F302524FF0000A022A08D059F8CD
:1058A00004CB032A4FEAEC710AD00DE029E02AE08C
:1058B00009F1070121F00702F2E802C1914609E06F
:1058C0000FFA8CFC4FEAEC71042A03D14FFA8CFCDE
:1058D0004FEAEC71002907DA0A460021DCF1000CDE
:1058E00061EB02012D2202E0220504D52B228DF866
:1058F0000420012203E0E20701D02022F7E79046CE
:1059000059E00A2102E010220DE010214FF0000AB8
:1059100000910BE010224FF0000A44F00404082725
:10592000009203E008224FF0000A0092C4F30252F2
:10593000022A05D059F804CB0021032A08D009E037
:1059400009F1070121F00702F2E802C1914605E0E2
:105950001FFA8CFC042A01D10CF0FF0C4FF0000858
:10596000220728D5702806D0009B83F0100353EA45
:105970000A0305D00EE040228DF80420012208E041
:105980005CEA010206D030228DF804208DF8050073
:1059900002229046009B83F0080353EA0A030AD1CF
:1059A0005CEA010201D1620705D530228DF804209E
:1059B0004FF001087F1E582804D034A003900EA891
:1059C00002900DE036A0F9E753466046009AFAF7D8
:1059D0007BFF84460398825C0298401E029002700E
:1059E0005CEA0100F0D1029806A9081A00F1200A29
:1059F000600702D524F4803400E00127574502DD1A
:105A0000A7EB0A0000E0002000EB0A0100900598D7
:105A10004144401A0590E00306D45B462146179A9C
:105A2000059800F0B3F90544002706E001A85A469E
:105A3000C05D179990476D1C7F1C4745F6DBE0035E
:105A40000CD55B462146179A059800F09FF905444E
:105A500004E030205A46179990476D1C0099481E63
:105A600000900029F5DC08E0029802995A46007877
:105A7000491C0291179990476D1CBAF10001AAF1D7
:105A8000010AF1DC65E10000092801003031323300
:105A9000343536373839616263646566000000006A
:105AA0003031323334353637383941424344454654
:105AB0000000000000F058F90544761C30780028FA
:105AC0007FF4ECAD19B02846BDE8F08F620700D432
:105AD000062709F1070222F0070CFCE80223E14641
:105AE00003F000485FEA080C02D00FF2702C0DE0C2
:105AF0005FEA045C02D50FF2682C07E05FEAC47C21
:105B000002D00FF2602C01E0AFF2700C4FF0FF38C2
:105B100023F00043CDF850C065280CD006DC4528A2
:105B200009D046281DD047283DD13DE0662818D031
:105B300067287ED138E00021112F01DB112000E021
:105B4000781CCDE9000106A90EA8FFF7EDFCDDE900
:105B50000F010E9A03910021009207F1010A0491AE
:105B60004DE04FF000400097CDE9011006A90EA8C6
:105B7000FFF7DAFCDDE90F0203920E9B1199002278
:105B8000DDF80CA00093049211B9791C00EB010A16
:105B9000B7EB0A0004D4C0F1FF3007F1010A04900A
:105BA000AAEB0700019044E0012F00DA0127002151
:105BB000112F01DD112000E03846CDE9000106A9D2
:105BC0000EA8FFF7B1FCDDE90F010E9A0391002149
:105BD00004910092BA4621070CD40399514500DA8A
:105BE0008A46BAF1010F05DD009AAAF10101515C64
:105BF000302908D0B84202DA10F1040F06DA012188
:105C0000CDE9011015E0AAF10101E9E7002805DC62
:105C1000049901440491AAEB000102E0411C5145A2
:105C200000DD8A460499401A401C01904FF0004064
:105C30000290200704D40198504501DBCDF8048080
:105C400000208DF84F0002980DF14F07B0F1004F82
:105C500025D02B200E9002984FF0020800280CDA75
:105C6000404202902D200E9007E00A210298FAF798
:105C700015FE3031029007F8011DB8F10001A8F1BE
:105C80000108F2DC02980028EFD1791E0E98087006
:105C9000307800F0200040F0450007F8020D12A80F
:105CA000C01B00F107081498007800B1012000EB38
:105CB0000A01019801EBE07105984144401A401E29
:105CC0000590E00306D45B462146179A059800F03C
:105CD0005DF805441498007818B15A461799904712
:105CE0006D1CE00324D55B462146179A059800F009
:105CF0004DF805441CE00498002807DBDDE90301AA
:105D0000884203DD0098405C179901E01799302024
:105D10005A469047049805F10105401C04900198EB
:105D2000401E019004D12E205A46179990476D1CB1
:105D3000BAF10001AAF1010ADDDC05E017F8010B58
:105D40005A46179990476D1CB8F10001A8F1010857
:105D5000F4DC5B462146179A0598ABE62D0000005F
:105D60002B000000200000002DE9F0410446002532
:105D70001E461746880404D405E039462020B04763
:105D80006D1C641EF9D52846BDE8F0812DE9F0416F
:105D9000044600251E469046C80301D5302700E082
:105DA0002027880404D505E041463846B0476D1CDD
:105DB000641EF9D52846BDE8F081000070B5064D97
:105DC00000242878012802D00624204670BD2869C6
:105DD000804700202870F8E76800002070B50C4666
:105DE0000988002605292FD1417840F2CF750A0293
:105DF00081781143C278491C1302027989B21A438F
:105E0000531EAB4220D200232380012500F8015B02
:105E100023885B1C2380530703D005EBD203DDB23C
:105E200001E0C2F3C70500F8015B23885B1C2380F7
:105E3000002300F0E9FA18B101F0B9FB064604E0CE
:105E400020882844208000E00326304670BD70B5CD
:105E50000C460988002605292FD1417840F2CF75DC
:105E60000A0281781143C278491C1302027989B26F
:105E70001A43531EAB4220D200232380022300F892
:105E8000013B23885B1C2380530704D0012303EBD1
:105E9000D203DDB201E0C2F3C70500F8015B23883D
:105EA0005B1C238000F0B2FA18B101F080FB0646BB
:105EB00004E020882844208000E00326304670BD9E
:105EC00070B50C4609880026052925D14178057949
:105ED0000A0281781143491C6A1E89B27C2A1BD8A8
:105EE00000222280032200F8012B22880023521C6A
:105EF00022806A0000F8012B2288521C22802A4648
:105F000000F086FA18B101F052FB064605E0208841
:105F100000EB4500208000E00326304670BD70B5E0
:105F20000C4609880026052927D141788278057911
:105F300042EA0122521C91B2C27845EA02256A1E49
:105F40007C2A1AD200222280042200F8012B228807
:105F5000521C22806A0000F8012B2288521C2280E9
:105F60002A4600F08DFA18B101F021FB064605E043
:105F7000208800EB4500208000E00326304670BDFD
:105F80002DE9F0410446088800270D460A2842D32F
:105F9000607826790102A078227A0843401C1FFA13
:105FA00080F8E07846EA00266079731E0102A07945
:105FB0000843401C81B2E0797C2B42EA0022607ADF
:105FC00028D83AB3792A25D8B0EB420F22D1012341
:105FD00004F10A0000F01CFA98B900212980172169
:105FE00021702988601C491C2980710000F8011B60
:105FF00029880023491C29803246414600F008FACE
:1060000018B101F0D4FA074605E0288800EB4600F5
:10601000288000E003273846BDE8F08170B5064CC3
:106020000D4606492288401CFAF7FAF82088401CE1
:106030002880002070BD0000580000209804002037
:1060400038B50988002405290BD141780A028178E6
:106050001143491C027989B21AB9C278FF2A03D0C8
:1060600012B10324204638BD00228DF80120C078EB
:10607000FF280CD08DF8002001231A46684600F056
:10608000C3F90028EED001F092FA0446EAE70120B5
:106090008DF80000F0E700000D4A10B51060098887
:1060A0000024052902D00324204610BD4178012395
:1060B0000A028178C01C1143491C89B21A4600F0BB
:1060C000A7F90028F0D001F072FA0446ECE70000CE
:1060D000540000202DE9F0410D46098800240529CF
:1060E00026D941788278437942EA0122521C96B23D
:1060F000C178027942EA0122510704D0012101EB63
:10610000D201C9B201E0C2F3C701571EB7F5F66F5D
:106110000ED299420CD101233146801D00F074F952
:1061200018B101F044FA044603E00520288000E09D
:1061300003242046BDE8F08170B50D46098800248F
:1061400006291DD341780A0281781143C278491C7F
:106150001302027989B21A434379561E772E0FD85B
:106160005606360E9E420BD10123801D00F050F9D9
:1061700018B101F01CFA044603E00520288000E075
:106180000324204670BD00002DE9F0411C46069B0B
:106190001746064629B1F72903D8134D0846297139
:1061A0000EB102241BE011492961114969611149AD
:1061B000E9601149A9610021E9611049296210498A
:1061C00069621049A9622246394600F077F8040056
:1061D00005D101F077FD28B16E71012028702046AD
:1061E000BDE8F0810324FAE768000020C9630008D5
:1061F000ED63000861630008056300082D7E000858
:10620000D57E0008957E000838B52B4C207808B163
:10621000062038BD684601F047FD012849D19DF8A8
:106220000000E8B3012802D0022842D10FE0224A40
:10623000A369921D911CC81F984788BB607821797B
:10624000884200D060BB022001F044FD31E0A0682C
:106250000121194B0578A570E17000212C3313F84A
:10626000312062B1AA4207D103EBC1014A68124949
:10627000891D9047E07002E0491C1029EFDB60782F
:1062800070B1E27882B10020E080A07840F0800117
:10629000A0680170E188491C89B2E180425400E0A5
:1062A00007E0E088401CE080D4E90213E28820790E
:1062B0009847002038BD00006800002070B5002419
:1062C00015460E46012080F31088082229463046E4
:1062D00001F018FD01280DD1B5F5964F01D9232005
:1062E00003E007496800B1FBF0F080B201F04CFD1B
:1062F000012800D00324002080F31088204670BDC0
:10630000A07F17002DE9F041064600241546884677
:10631000012080F31088104FB888FF2801D9AFF30F
:106320000080B888042804D3B9880C4801F0FAF931
:1063300030B10524002080F310882046BDE8F081AC
:10634000064800783070B888C01E28800348401C7A
:10635000C8F80000EEE700005C000020B804002050
:1063600070B503460025012080F31088144C607836
:10637000012805D00525002080F31088284670BD2F
:10638000491E0126A160084666800B706188114491
:106390006180618801F0C6F901466088094A1318D6
:1063A000401C608019706088090A0244401C6080AB
:1063B000117026700121002001F02CFADBE70000AB
:1063C0005C000020B804002010B5012080F3108884
:1063D0000548002444702146012001F01BFA01F019
:1063E0004FFA84F3108810BD5C00002010B5012026
:1063F00080F310880021084601F00CFA01F022FA1F
:10640000002080F3108810BD0120704701207047E4
:106410002DE9F0470446194816464FF000098180DF
:1064200042888D1A871D7BB1012B23D11FE0A8B2B2
:10643000FEF7CEF93880787804F8010B761E3878AC
:1064400004F8010BB6B26D1C002EF0D112E0C8F8B2
:106450000C4014F8010B787014F8010B387039886F
:10646000A8B2FEF74BFA761EB6B26D1C00E080466D
:10647000002EECD14846BDE8F08700001401002052
:1064800030B50024B9B18B18052B14D80B4B1B88E1
:10649000C91A0A4B10330BE033F81150521E2D0A63
:1064A00000F8015B13F8115000F8015B92B2491C2F
:1064B000002AF1D100E00124204630BD1401002063
:1064C00010B5AC2000F0D2F818B100F04DF9002062
:1064D00010BD012010BD2DE9F04115460C460746C0
:1064E00000F02CF9AC2000F009F900F04DF998B952
:1064F000200A00F003F900F047F968B9E0B200F0B3
:10650000FDF800F041F938B900F018F9AD2000F0BD
:10651000F5F800F039F920B100F026F90020BDE8C7
:10652000F08100246E1E0BE000F0CAF83855B4422A
:1065300002D000F057F801E000F0AEF8641CA4B2FD
:10654000AC42F1D300F010F90120E8E72DE9F04763
:1065500090460D46814600264FF47A772FE00EB123
:10656000E8061CD100F000F9002400F0E7F8AC20A8
:1065700000F0C4F800F008F918B1641CA4B2BC42E1
:10658000F3D3BC4212D0280A00F0B8F800F0FCF8AF
:1065900060B9E8B200F0B2F800F0F6F830B919F8D6
:1065A000060000F0ABF800F0EFF820B100F0DCF8E6
:1065B0000020BDE8F0876D1C761CADB2B6B2464532
:1065C000CDD300F0D1F80120F3E7000013B54FF46C
:1065D0007A73012269460248FDF70EFA00981CBD45
:1065E000C0030020084A10B58021116000F04EF869
:1065F000054B40241B1F1C6000F048F8146000F09D
:1066000045F8196010BD0000140C014030B5154864
:1066100085B0816941F0080181618069124D00F007
:106620000800049000224FF4E0712846FBF7FBFBC2
:10663000C02000901120019000200224CDE9020426
:1066400069462846FBF7F2FA0121E001CDE9021480
:10665000CDE9000169462846FBF7E8FA00F084F826
:1066600005B030BD00100240000C014010B50446DA
:10667000FFF7CCFF00F062F8204600F03FF800F092
:1066800083F8034600F070F8184610BD0020401C47
:10669000C0B20A28FBD37047084A00B580201060BA
:1066A000FFF7F4FF40211160FFF7F0FF0348001DE2
:1066B00001605DF804EBFFF7E9BF0000100C01403A
:1066C00070B50D4D00210C4C083D40230A46261D97
:1066D0004806010E2360FFF7D9FF2868000601D5A0
:1066E000491CC9B23360FFF7D1FF521CD2B2082A4D
:1066F000EED3084670BD0000100C014070B50E4E80
:106700000021402380240246351F100601D52C604D
:1067100000E03460FFF7BAFF2B60FFF7B7FF33608C
:10672000FFF7B4FF072900D12C605006491C020E68
:10673000C9B20829E9D370BD140C0140094900B55C
:1067400080230B60FFF7A2FF40220A60FFF79EFF45
:106750000449091D0B60FFF799FF0A605DF804EB1F
:10676000FFF794BF100C0140064800B5802101607E
:10677000FFF78CFF034A4020121F1060FFF786FFCF
:10678000116000BD140C014000B5FFF77FFF0C49FC
:1067900080200860FFF77AFF40220A60FFF776FF4B
:1067A000074808380068000601D5012100E00021F3
:1067B0000348001D0260FFF769FF084600BD0000A6
:1067C000100C01400EB50024009401940294FBF7D4
:1067D0003DFBFEF7B3F9FDF7A3FAFDF727FAFDF746
:1067E000DFF9FDF73BFBFDF719FCFDF7E1FBFDF7DA
:1067F00069FBFDF78BFB00220A210B20FBF7A4FBB2
:106800000B20FBF793FB002206211220FBF79CFBD9
:106810001220FBF78BFB002203211E20FBF794FBC9
:106820001E20FBF783FB002203212620FBF78CFBB5
:106830002620FBF77BFB002202212720FBF784FBAD
:106840002720FBF773FBFFF73BFE4FF47A752846D2
:10685000FBF7DAF9FDF760FD0A2269460948FDF702
:10686000A7F809490948CC80C48000F041F9FDF738
:10687000EBF900F059F906A0FEF726FE2846FBF7D3
:10688000C3F9F8E7C0030020D4060020B8050020B3
:10689000BBB6D3AD7374696B0A00000008B5022063
:1068A0000022014600904FF496431046FFF76CFC1F
:1068B000010002D007A0FEF707FEFFF77FFA0100F4
:1068C00002D009A0FEF700FEFFF79EFC052000F0B5
:1068D000F5F8F9E7654D42496E69745F6553746177
:1068E0007475733D25640000654D42456E61626CB0
:1068F0006520655374617475733D25640000000064
:1069000070B5134A13181B7E93B1124B53F8203005
:106910008B421AD90F4B02EB8002083B53F8203010
:106920001069B1FBF3F130F811400020034608E094
:1069300011688847012070BD15690E18401C25F8A4
:106940001630A042F8DB002070BD022070BD0000B0
:106950006C010020888F000870B504460B480C4E6F
:10696000002150F8240006EB84054200286900F05D
:106970009FF806480021103050F82420A86800F045
:1069800097F801203119087670BD0000788F000853
:106990006C0100202DE9F0411F4E054600247019BE
:1069A0000F46007E10B93168284688474FF0FF3205
:1069B0007FB31A4B53F82510B7FBF1F0B7FBF1FC8E
:1069C00001FB1C7101B1401C1449083951F8251014
:1069D000491E1ED406EB8506376937F811C0BCF195
:1069E000000F05D00024844211D1002284B207E0B8
:1069F000641CF8E7376901EB020C521C27F81C40B5
:106A00008242F7D353F825004843BDE8F081491E80
:106A1000E3D51046F9E700006C010020808F0008E4
:106A200010B50B4B0B4C002253F82030114604EBF1
:106A3000800005E0046934F8114004B1521C491C7F
:106A40008B42F7D864204243B2FBF3F0C0B210BDD2
:106A5000788F00086C01002070B50C4D0C4606467E
:106A60004FF47A71286800F0B9F8002C0CD0281D7A
:106A700000EB86008068211A3046FFF741FF286846
:106A8000BDE8704000F0E0B870BD00006801002073
:106A900010B50446FFF77EFF411C05D0034901EB0A
:106AA00084018968084410BD002010BD6C010020DD
:106AB00001E000F8011B521EFBD2704710B5EFF346
:106AC000058149B9EFF3108131B9084909680229F4
:106AD00005D1EFF3118111B16FF0050403E000243B
:106AE00008B100F0B5FF204610BD0000DC01002019
:106AF000EFF3058058B9EFF3108040B909490868F1
:106B0000022801D030B109E0EFF3118030B16FF00D
:106B10000500704701200860002070474FF0FF30EB
:106B200070470000DC01002010B5EFF3058060B96C
:106B3000EFF3108048B90B490868022802D00128F9
:106B400006D00BE0EFF3118040B16FF0050010BDEF
:106B50000220086001F02CF8002010BD4FF0FF303B
:106B600010BD0000DC010020F8B514464FF0000510
:106B7000EFF305826ABBEFF3108252BB164A12682C
:106B8000022A02D1EFF311821ABB10B309B3ACB1E0
:106B9000D4E902326BB1502A1BD32269CAB16769AA
:106BA00000FB01F6B74214D30025009501F038FA36
:106BB00007E072B9226962B9626952B9002201F034
:106BC0000BFA050005D00CB1216800E0002100F0AF
:106BD0000BFF2846F8BD0000DC0100202DE9F04144
:106BE0000D46014620F0010001F001014FF00004C4
:106BF000EFF305824AB9EFF3108232B9114A1268F5
:106C0000022A05D1EFF3118212B16FF0050416E0EC
:106C100048B100296FF001066FF00207294608D03D
:106C200001F0FEFC07E06FF0030408E035B13446E4
:106C300005E001F039FC0128F8D100E03C4620468F
:106C4000BDE8F081DC01002070B5014620F00100B4
:106C500001F001014FF00004EFF305824AB9EFF3B0
:106C6000108232B90E4A1268022A05D1EFF311825E
:106C700012B16FF0050411E028B16FF0020529B1DF
:106C800001F056FB07E06FF0030407E000231A460B
:106C9000194601F03DFA012800D02C46204670BD6F
:106CA000DC010020F0B585B00B464FF00005EFF396
:106CB00005810395A1BBEFF3108189BB21490968C8
:106CC000022902D1EFF3118151BB48B340261821AC
:106CD0008DF8105004AC42B3176807B13C46976971
:106CE00007B139464F1E382F02D21779FF0702D05D
:106CF000002005B0F0BD576907B1BE08D2F808C042
:106D0000BCF1000F0DD0D5685C2D18D312693AB1D3
:106D100037B18DE806103246214601F008FD039098
:106D20000DE0D7685FB912694AB903AACDE900122C
:106D3000B2B2214601F0CEFC012800D003950398A1
:106D4000D7E70000DC0100202DE9FC411C46174676
:106D5000884606464FF00005EFF3058078BBEFF359
:106D6000108060BB17480068022802D1EFF3118041
:106D700028BB26B3082000F039FC03001FD0B8F16F
:106D8000000FC3E9006711D001220F4E00208CB123
:106D9000216801B10846A16851B1E468302C0ED3D6
:106DA000CDE90061012101F09BFE07E00022ECE744
:106DB000E16821B90121009601F078FE05462846D8
:106DC000BDE8FC81DC0100202950000808B5EFF384
:106DD00005834BB9EFF3108333B90E4A1268022AC8
:106DE00005D1EFF3118313B16FF0050008BD58B161
:106DF0000022134600920A46042101F0B9FE012840
:106E000005D06FF0020008BD6FF0030008BD002040
:106E100008BD0000DC0100202DE9F041134E0F46B3
:106E2000044675693068001D00F092FC601C07D1B3
:106E300037B13168BDE8F0410D48091D00F0DEBCF6
:106E400030682C44AC424460316805D2B068BDE87B
:106E5000F041091D00F0BABC7068091D00F0B6FCD5
:106E6000306B844200D23463BDE8F0818C01002095
:106E7000304300202DE9F041054600F017FD2D4E6E
:106E80003069401C306130682B4F10B1F06930B36D
:106E90002BE035603069012827D1002404EB840001
:106EA00007EB800000F084FC641C382CF6D32348E8
:106EB00000F07EFC2148143000F07AFC1F48283096
:106EC00000F076FC1D483C3000F072FC1B4850304E
:106ED00000F06EFC194870601430B06005E0306856
:106EE000E96AC06A884200D83560F06A401CF062E6
:106EF0006864E86AB169884200D9B06100EB80003B
:106F000007EB8000291D00F079FC00F0EFFCF06930
:106F100000280CD03068E96AC06A884207D2084964
:106F20004FF080500860BFF34F8FBFF36F8FBDE805
:106F3000F08100008C010020803E0020E042002013
:106F400004ED00E038B500F0B1FC104CA068C8B901
:106F50000F4800F02DFC0E48143000F029FC0C48BE
:106F60002060143060600A4B00202833009003F149
:106F7000500210210A2001F053F8A06010B105A1C1
:106F800000F032FDBDE8384000F0B0BCC801002080
:106F900044430020546D72510000000030B4026C74
:106FA0000B46002A0BD0C1681144C1604468A1425D
:106FB00001D30168C16030BC1846F9F731B930BC63
:106FC00070472DE9F041856B174604460026026C98
:106FD00082B1C7B1E068F9F723F9E168206C091ABA
:106FE000E1602268914202D26168081AE060022FD3
:106FF00016D017E02068A8B9606801F043FC064687
:10700000002060600EE0A068F9F70AF9216CA06822
:107010000844A0606168884204D32068A06001E051
:1070200005B16D1E6D1CA5633046BDE8F08110B53D
:10703000044690F8590058B101280CD002280FD00E
:10704000502080F31188BFF34F8FBFF36F8FFEE79F
:10705000206B00F05FFC2046BDE8104000F05ABCF9
:1070600010BD000010484FF48051420706D0C01DEB
:107070000D4920F00700411AC1F580510B4A002349
:107080000144C2E900030839103A21F007011160F8
:107090004B600B600B1AC0E9001393604FF0004087
:1070A0005360D0607047000014480020F0010020B9
:1070B000134E144DA6F29C474FF08058DFF84890CD
:1070C00011E000F0F3FBF068C468201D00F040FB05
:1070D0002869401E2861E868401EE86000F006FC50
:1070E0002046FFF7A4FFE8680028EAD138680128A5
:1070F000F9D9C9F80080BFF34F8FBFF36F8FF2E764
:107100001C4300208C01002004ED00E070B51D46FA
:10711000049C49B12260C4E90F010121204600F01E
:10712000B3FF84F84C5070BD2460F4E72DE9F047BC
:107130000E46DDE909841746824691009946089D6E
:10714000A522206BF9F77EF86FF00301206B01EBAD
:107150008701084420F00707780707D0502080F304
:107160001188BFF34F8FBFF36F8FFEE72218315C9A
:1071700082F83410315C11B1401C1028F6D300267F
:1071800084F84360382D00D33725E562C4E91356EF
:10719000201D00F018FB04F1180000F014FB24611E
:1071A000C5F138006462A061666584F858604A469B
:1071B0005146384600F0A4FA2060B8F1000F01D023
:1071C000C8F80040BDE8F0872DE9F0471E46DDE92C
:1071D000089417460D0080460ED0002C14D0FFF7FF
:1071E000B1FEC4F80080C4E90657C4E90869201D4F
:1071F000BDE8F04700F0E7BA502080F31188BFF3F4
:107200004F8FBFF36F8FFEE7BDE8F08730B51149B0
:1072100000E011460A688242FBD34B685C18844246
:1072200003D1406818444860084643681C189442DB
:1072300009D1084C103C2468A24209D052681A4473
:1072400042600A6812680260814200D0086030BD66
:107250000460F9E7F001002070B5002441600B4D97
:107260000061914206D8D11A8269914206D2011D6D
:10727000686807E09A4203D2994201D3012403E0EF
:10728000011D286800F0A2FA204670BDC801002048
:1072900010B5044600F00AFBA06B20B1002400F0FA
:1072A00025FB204610BD0124F9E7000030B587B06A
:1072B000304D55E00198002806DADDE90301029A15
:1072C0009047019800284BDB039C606910B1201D9A
:1072D00000F03EFA05A800F0B9F8024601980A2825
:1072E0003ED2DFE800F00505053D263705053D26C1
:1072F0000298A169034601442046FFF7ADFF00B3A1
:10730000616A20468847E069012829D10020009061
:107310000298A169002342181946204601F028FC72
:1073200078B9502080F31188BFF34F8FBFF36F8F70
:10733000FEE70298A06128B1811813462046FFF7A6
:107340008BFF0DE0502080F31188BFF34F8FBFF308
:107350006F8FFEE794F82C0010B9204600F0DAFA9F
:10736000002201A9A86801F003F80028A2D107B003
:1073700030BD0000C80100202DE9FC410E46054645
:1073800000F058FC01A800F061F80446019818B11B
:1073900001F02CFBBDE8FC81224FAEB1786800689B
:1073A000A8B30026291B3246B86800F02FFB01F075
:1073B0001DFB0028EED11C494FF080500860BFF340
:1073C0004F8FBFF36F8FE5E7A542EBD801F00EFBBF
:1073D00038682646C068C468201D00F0B9F9E06925
:1073E000012810D1A0692B46411932462046FFF7EB
:1073F00033FF40B100200346014600902A46204654
:1074000001F0B6FB20B1616A20468847C2E707E079
:10741000502080F31188BFF34F8FBFF36F8FFEE7CB
:107420000126BFE7C801002004ED00E006484168DE
:10743000096829B14168C968C9684968016370472A
:107440004FF0FF31FAE700008C01002070B50546CF
:1074500001F0AEF9064E04463069844203D200F0D2
:1074600009F8012000E0002028602046346170BD4A
:10747000C8010020F8B5194E1FE0C068C46805684F
:10748000201D00F065F9616A20468847E0690128FF
:1074900013D1A0692844A84206D924616060211D47
:1074A000306800F093F908E00020034601460090A0
:1074B0002A46204601F05CFB38B13068016800299B
:1074C000DBD17168C6E90010F8BD502080F3118847
:1074D000BFF34F8FBFF36F8FFEE70000C80100209E
:1074E000002101E0401C491C0278A52AFAD0C1F312
:1074F0008F00704708484068401C4FF0500080F3F0
:10750000118804D0BFF34F8FBFF36F8FFEE7BFF337
:107510004F8FBFF36F8FFEE7F8010020084C206803
:10752000016839B1002139B10020FFF725FFFFF7CD
:10753000BDFEF4E70121F6E7C0680068F5E700004A
:10754000C80100202DE9F041044600F0AFF994F99C
:10755000455004F1240609E0606A48B1304601F064
:107560000DFA08B100F0A2FA6D1E6DB2002DF3DC29
:107570004FF0FF3684F8456000F0B8F900F096F956
:1075800094F9445004F1100709E0206948B13846E5
:1075900001F0F4F908B100F089FA6D1E6DB2002D0A
:1075A000F3DC84F84460BDE8F04100F09FB90028A6
:1075B00004D0012803D0072803D0042070470220FC
:1075C000704706207047000001480068004700002F
:1075D000900000200148006800470000880000205B
:1075E00001480068004700008C0000202DE9F041B0
:1075F0000546002600F01EFB314F386808B9FFF73A
:1076000031FDF86805424BD1C5B3083568070ED087
:1076100005F00700C0F108000544680707D05020B6
:1076200080F31188BFF34F8FBFF36F8FFEE72DB349
:107630007868854234D8224910310846046801E050
:10764000214604466068A84202D220680028F7D18B
:107650003868844224D00E68206808606068083664
:10766000411B10290FD96019420708D0502080F320
:107670001188BFF34F8FBFF36F8FFEE710E04160BB
:107680006560FFF7C3FD61687868401A7860BA6882
:10769000904200D2B860F86801430020C4E90001BC
:1076A00001F0A4F9700707D0502080F31188BFF3D0
:1076B0004F8FBFF36F8FFEE73046BDE8F0810000CB
:1076C000E00100200449086818B10868026D521CE6
:1076D00002650868704700008C01002010B50400A6
:1076E00006D000F0E3F8246A00F000F9204610BD4F
:1076F000502080F31188BFF34F8FBFF36F8FFEE7E9
:1077000010B5031F4FF080741C601B1F21F0010196
:107710001960191F024B0B60143940380A6010BD04
:10772000F574000870B5094DFF231A4605F58076FB
:1077300005E010F8014B54402A5D5A40335D491E64
:1077400089B2F6D242EA032070BD0000348D0008F1
:10775000D0E9013201699A60D0E901235A604A6890
:10776000824201D182684A60002202610868401E9C
:10777000086008687047000008B902480068006B9C
:10778000FFF7AEBE8C010020034B036003F15C00E9
:1077900008604020106070475C440020034B036089
:1077A00003F15C000860802010607047B84500203D
:1077B00000F108014FF0FF32C0E90112C160016120
:1077C00000210160704700210161704730B50C68ED
:1077D000621C02D000F1080202E0026904E01A46CD
:1077E00053681D68A542FAD953684B6099608A6056
:1077F000516008610168491C016030BD42684A60FF
:1078000093688B6093685960916008610168491CB6
:10781000016070470A4B00281A68D06802D040F017
:10782000200001E020F02000D06018680029C16825
:1078300002D041F0800101E021F08001C160704779
:10784000080400200D490868026A41F211131A4227
:1078500007D1026A9B101A4203D1026822F001028A
:1078600002600A68002050620868C26822F00102C3
:10787000C26009686FF001000861704730030020A2
:1078800009496FF001000A6810610868C26842F097
:107890000102C2600A68002050620868016841F075
:1078A000010101607047000030030020502080F388
:1078B0001188BFF34F8FBFF36F8F0A494868401C90
:1078C000486001280CD10848006810F0FF0F07D06D
:1078D000502080F31188BFF34F8FBFF36F8FFEE707
:1078E00070470000F801002004ED00E008494868F6
:1078F00028B1401E486001D180F3118870475020A4
:1079000080F31188BFF34F8FBFF36F8FFEE7000046
:10791000F801002070B5002827D0144DA0F108040C
:107920006068E968084207D1502080F31188BFF3EE
:107930004F8FBFF36F8FFEE722683AB1502080F37C
:107940001188BFF34F8FBFF36F8FFEE788436060EE
:1079500000F070F960686968084468602046FFF7C5
:1079600055FCBDE8704001F041B870BDE001002059
:107970004FF0E02000210161816105494FF47A72E6
:107980000968B1FBF2F1491E4161072101617047AD
:107990005000002010B5F8F71DFC114910280ED337
:1079A00000F1E02090F8F0030A78904207D25020CE
:1079B00080F31188BFF34F8FBFF36F8FFEE7094845
:1079C0000068896800F4E060884207D9502080F39D
:1079D0001188BFF34F8FBFF36F8FFEE710BD00001C
:1079E000F80100200CED00E010B5074B002253F821
:1079F00032401CB1521C082AF9D310BD43F8321092
:107A000003EBC201486010BD403E002070B5154632
:107A10000E460446FFF74AFF94F944100020491C23
:107A200001D184F8440094F94510491C01D184F82F
:107A30004500FFF75BFFA06B28B92A46314604F1E9
:107A4000240000F051F82046BDE87040FFF77ABDF1
:107A500010B5020014D00F48806B38B1502080F36D
:107A60001188BFF34F8FBFF36F8FFEE700F0E2F88E
:107A700000211046FFF7D0F900F0B8FF002807D129
:107A800005494FF080500860BFF34F8FBFF36F8FF1
:107A900010BD00008C01002004ED00E002498A6A5C
:107AA00002604969416070478C0100200149012052
:107AB000486270478C01002010B50C4650B109494E
:107AC00009681831FFF782FE2046BDE81040012109
:107AD000FFF7A2B9502080F31188BFF34F8FBFF397
:107AE0006F8FFEE78C01002070B514460D4668B11B
:107AF0000A4909681831FFF781FE0CB14FF0FF35D4
:107B000021462846BDE87040FFF786B9502080F333
:107B10001188BFF34F8FBFF36F8FFEE78C010020FA
:107B200070B50B4604003ED0226DA2B1E16C9942C3
:107B300000D21946E06A884235D0012A33D11A4D65
:107B40002A6894420FD1502080F31188BFF34F8FE1
:107B5000BFF36F8FFEE7502080F31188BFF34F8F84
:107B6000BFF36F8FFEE7E162A269002A02DBC1F179
:107B70003801A1610D4E00EB8000616906EB8000C9
:107B8000814210D1201DFFF7E3FDE06AA969884218
:107B900000D9A86100EB800006EB8000211DBDE844
:107BA0007040FFF72BBE70BD8C010020803E00208E
:107BB00030B587B00025039505AA04A903A804954C
:107BC000FFF7E2FDDDE903010095CDE90110002397
:107BD00014A11648059A00F0AAFD154C606318B16F
:107BE00000F096FF012809D0401C19D1502080F3E5
:107BF0001188BFF34F8FBFF36F8FFEE7502080F3E4
:107C00001188BFF34F8FBFF36F8F4FF0FF302063AA
:107C10000120E061656107B0BDE8304000F088B93F
:107C200007B030BD49444C4500000000B170000869
:107C30008C0100200248816B491C81637047000061
:107C40008C010020164B10B5986B10B101205862C2
:107C500010BD002058629869124901E0B8B1401E79
:107C600000EB800251F82220002AF7D000EB8002BE
:107C700001EB820101F108044A6852684A60A2429D
:107C800001D152684A60D1681960986110BD5020D6
:107C900080F31188BFF34F8FBFF36F8FFEE70000B3
:107CA0008C010020803E00200549024600204B78D0
:107CB000002B04D008781070002048700120704715
:107CC0002C0100200249002048700120704700006C
:107CD0002C010020024901224A70087010467047AA
:107CE0002C01002005490968017005480068C16839
:107CF00041F02001C16001207047000004480040AD
:107D00000804002070B5184A00241648D460C2E95F
:107D100000010C20C2E90504D46110680C3050E861
:107D2000001F21F0080140E80015002DF5D14FF4A7
:107D30008050012B0BD0022B0CD04000C2E9030471
:107D400094600948FBF794FD48B1002070BD4FF4E2
:107D5000C06101E04FF4806111619060F1E70120A2
:107D600070BD0000004800400804002001B5012358
:107D70001A4669460348FBF73FFE08B1002008BDDC
:107D8000012008BD0804002070B58CB00024064610
:107D9000009401940294142104A80394F8F759FA6A
:107DA0001F4809940A94006844F62061B0FBF1F082
:107DB0001D4D1C49401E02C580B2761E51C5802053
:107DC00045F81049A8611848FBF746F908B1F9F7DA
:107DD00070FA4FF48050CDE90004029469461248CD
:107DE0000394FBF7EBF908B1F9F763FA049404A9DB
:107DF0000D480594FBF7CAFB08B1F9F75AFA099444
:107E000009A909480A94FBF7E9F808B1F9F751FA0A
:107E10002868C16841F00101C1600CB0012070BD4B
:107E200050000020000800403003002038B5174CF7
:107E30000025207808B1AFF300806846FFF752FFB5
:107E4000617831B1124A012907D0022910D00329E3
:107E500001D1FFF715FD284638BD0020A0809DF810
:107E60000000A1880A44491CA180107002200BE088
:107E7000A088FF2807D89DF80010A0880244401C65
:107E8000A0801170E5E703206070E2E75C0000204D
:107E9000B804002070B50E4D0024687870B1022837
:107EA0000BD003280DD0687858B16878022808D024
:107EB0006878032805D0AFF300800120FFF70AFFA0
:107EC0000446FFF7BFFC01206870204670BD00002B
:107ED0005C00002070B5154C00256078012801D0A9
:107EE000AFF30080217811B101291CD104E00021F9
:107EF0000120FFF78FFC16E0608850B1A068007881
:107F0000FFF734FFA068401CA0606088401E6080BE
:107F100009E00320FFF7DEFE054600210120FFF700
:107F200079FC00202070284670BD00005C00002015
:107F30001CB5264908780190FF20087008788DF854
:107F400000009DF800009DF8002000F0F000904235
:107F500007D0502080F31188BFF34F8FBFF36F8F8E
:107F6000FEE79DF800001A4B00F050001870072043
:107F7000986006E0401E98609DF8000040008DF873
:107F800000009DF8000000069868F3D4032807D08D
:107F9000502080F31188BFF34F8FBFF36F8FFEE740
:107FA0004FF440709860019808700A48016841F4E5
:107FB00070010160016841F070410160FFF7D8FC79
:107FC00000205860F8F7D0F800201CBD00E400E065
:107FD000F801002020ED00E0F8B517460E46050038
:107FE00014D0DEB105FB06F05030FFF7FFFA0400B5
:107FF0000AD0002084F8460004F150023B46314686
:1080000028460094FFF782F82046F8BD502080F300
:108010001188BFF34F8FBFF36F8FFEE70020E3E7B8
:1080200038B5049D18B153B1CAB181B120E05020D8
:1080300080F31188BFF34F8FBFF36F8FFEE750209F
:1080400080F31188BFF34F8FBFF36F8FFEE750208F
:1080500080F31188BFF34F8FBFF36F8FFEE739B105
:10806000502080F31188BFF34F8FBFF36F8FFEE76F
:1080700050241C46012384F846302B460094FFF719
:1080800045F8204638BD000070B50D46040025D0E7
:10809000FFF70CFCD4E90F20216802FB001161609E
:1080A0000021A1632168A1600A46D4E90F01401EA6
:1080B00000FB0121E16021464FF0FF3001F8440F41
:1080C000487004F110008DB1FFF772FB04F1240039
:1080D000FFF76EFBFFF70AFC012070BD502080F314
:1080E0001188BFF34F8FBFF36F8FFEE7216900291F
:1080F000F0D000F043FC0028ECD004494FF0805051
:108100000860BFF34F8FBFF36F8FE3E704ED00E02C
:108110002DE9FF4F83B01F468B4604004FF0000649
:1081200003D0BBF1000F08D011E0502080F311887C
:10813000BFF34F8FBFF36F8FFEE7206C38B1502035
:1081400080F31188BFF34F8FBFF36F8FFEE7022FCD
:108150000AD1E06B012807D0502080F31188BFF3CB
:108160004F8FBFF36F8FFEE700F014FBDFF8009135
:108170004FF0000A4FF0805848B9059838B15020A8
:1081800080F31188BFF34F8FBFF36F8FFEE7FFF7C8
:108190008DFBA06BE16B884205D3022F03D00598BD
:1081A000C8B1DEB11EE03A4659462046FEF709FF47
:1081B000616A19B104F1240000F0E0FB28B1C9F8AC
:1081C0000080BFF34F8FBFF36F8FFFF78FFB01204E
:1081D00007B0BDE8F08FFFF789FB21E06846FFF7A5
:1081E0005DFC0126FFF782FBFFF724FDFFF75EFB36
:1081F00094F94400401C01D184F844A094F945004E
:10820000401C01D184F845A0FFF770FB05A9684622
:1082100000F026FA30B12046FFF794F900F0E6FBB3
:108220000020D5E7FFF742FBA06BE16B884201D14C
:10823000012500E00025FFF759FB95B104F110007E
:108240000599FFF739FC2046FFF77CF900F0CEFBDB
:1082500000289CD1C9F80080BFF34F8FBFF36F8F08
:1082600095E72046FFF76EF900F0C0FB8FE70000AE
:1082700004ED00E02DE9F0471F46904689460400D2
:1082800003D0B9F1000F08D011E0502080F311881D
:10829000BFF34F8FBFF36F8FFEE7206C38B15020D4
:1082A00080F31188BFF34F8FBFF36F8FFEE7022F6C
:1082B0000AD1E06B012807D0502080F31188BFF36A
:1082C0004F8FBFF36F8FFEE7FFF764FB5020EFF394
:1082D000118680F31188BFF34F8FBFF36F8FA06BB0
:1082E000E16B884206D3022F04D0002086F3118868
:1082F000BDE8F08794F945503A4649462046FEF7D6
:1083000060FE681C04D06D1C84F845500120EDE728
:10831000606A0028FAD004F1240000F02FFB002846
:10832000F4D0B8F1000FF1D00121C8F80010EDE74A
:1083300010B5040009D000F027FA6168884214D112
:10834000E068401EE06008D00DE0502080F3118806
:10835000BFF34F8FBFF36F8FFEE700231A46194616
:108360002046FFF7D5FE012010BD002010BD000003
:108370002DE9F74783B08A4604004FF0000603D08A
:10838000BAF1000F08D011E0502080F31188BFF33C
:108390004F8FBFF36F8FFEE7206C38B1502080F312
:1083A0001188BFF34F8FBFF36F8FFEE700F0F2F934
:1083B000DFF8F09000274FF0805848B9059838B1A1
:1083C000502080F31188BFF34F8FBFF36F8FFEE70C
:1083D000FFF76CFAA56BC5B151462046FEF7DEFDEE
:1083E0006D1EA563206950B104F1100000F0C6FABB
:1083F00028B1C9F80080BFF34F8FBFF36F8FFFF72D
:1084000075FA012006B0BDE8F087059808B11EB1E5
:1084100006E0FFF76BFA27E06846FFF73FFB01260F
:10842000FFF764FAFFF706FCFFF740FA94F94400FF
:10843000401C01D184F8447094F94500401C01D1DE
:1084400084F84570FFF752FA05A9684600F008F96C
:10845000002820460AD0FFF775F800F0C7FA20463A
:10846000FEF716FF0028B3D00020CBE7FEF710FF81
:1084700090B104F124000599FFF71EFB2046FFF799
:1084800061F800F0B3FA0028A2D1C9F80080BFF368
:108490004F8FBFF36F8F9BE72046FFF753F800F035
:1084A000A5FA95E704ED00E02DE9F3434FF0000550
:1084B00083B004002E4609D0206C78B1502080F3A0
:1084C0001188BFF34F8FBFF36F8FFEE7502080F30B
:1084D0001188BFF34F8FBFF36F8FFEE700F05AF99B
:1084E000DFF8389100274FF0805848B9049838B128
:1084F000502080F31188BFF34F8FBFF36F8FFEE7DB
:10850000FFF7D4F9A06BC8B1401EA063206810B972
:10851000FFF7D8F86060206950B104F1100000F056
:108520002DFA28B1C9F80080BFF34F8FBFF36F8FCA
:10853000FFF7DCF9012005B0BDE8F083049808B12D
:1085400065B10FE03EB1502080F31188BFF34F8F2B
:10855000BFF36F8FFEE7FFF7C9F95DE06846FFF7ED
:108560009DFA0125FFF7C2F9FFF764FBFFF79EF9BB
:1085700094F94400401C01D184F8447094F94500FA
:10858000401C01D184F84570FFF7B0F904A9684692
:1085900000F066F80028204612D0FEF7D3FF00F066
:1085A00025FA2046FEF774FE0028A9D09EB3FFF7F7
:1085B0007DF9606A50B3206B0068C0F1380126E095
:1085C000FEF766FEE0B1206838B9FFF76FF9606822
:1085D00000F096F90646FFF789F904F124000499A2
:1085E000FFF76AFA2046FEF7ADFF00F0FFF900281A
:1085F00086D1C9F80080BFF34F8FBFF36F8F7FE73D
:108600002046FEF79FFF00F0F1F979E7002160684E
:10861000FFF786FA9FE7FFE700208CE704ED00E014
:1086200070B50D46040009D000F0AEF861688842CC
:108630000CD1E068401CE060012070BD502080F348
:108640001188BFF34F8FBFF36F8FFEE72946204697
:10865000FFF72AFF0028F0D0E168491CE16070BDF7
:108660002DE9F0410C46050011D0C4B1FFF71EF909
:10867000174E71696B682268C81A571C17D02F688B
:10868000B66AB74219D08B4217D8012410E05020A7
:1086900080F31188BFF34F8FBFF36F8FFEE7502039
:1086A00080F31188BFF34F8FBFF36F8FFEE7002475
:1086B000FFF71CF92046BDE8F081824205D9101A67
:1086C00020602846FFF7EAF9F1E700202060DCE7A8
:1086D0008C0100202DE9FF5F8346DDE90E87994676
:1086E00016468A469000FEF781FF05001CD05C20EC
:1086F000FEF77CFF040014D00020256384F85900A5
:10870000CDE90240CDE900874B46324651465846F6
:10871000FEF70CFD2046FEF7ADFB012004B0BDE8DE
:10872000F09F2846FFF7F6F84FF0FF30F6E7F0B578
:1087300085B00546DDE90B040A9EA8B1E4B15C27CB
:1087400000972063022084F859000020CDE9024000
:1087500004AF2846CDE90067FEF7E8FC2046FEF7A7
:1087600089FB049805B0F0BD502080F31188BFF359
:108770004F8FBFF36F8FFEE7502080F31188BFF358
:108780004F8FBFF36F8FFEE701480068704700000E
:108790008C0100200548C16919B1806B18B1002017
:1087A0007047012070470220704700008C010020B4
:1087B00001484069704700008C0100202DE9F0411C
:1087C0002E4F0026B86B40B1386A401C3862786A78
:1087D00000B101263046BDE8F0817D696D1C7D61E8
:1087E00013D17868006838B1502080F31188BFF346
:1087F0004F8FBFF36F8FFEE77868B9687960B86014
:10880000B86A401CB862FEF711FE386BDFF8708062
:10881000854209D37868006880B17868C068C46808
:10882000606885420DD238633868C06A00EB800109
:1088300058F821000128CAD90126C8E74FF0FF30B7
:10884000F1E7201DFEF784FFA06A18B104F11800BB
:10885000FEF77EFFE06AB969884200D9B86100EB93
:10886000800108EB8100211DFEF7C8FFE06A39682E
:10887000C96A8842CED30126CCE700008C010020D3
:10888000803E002070B504004FF000002BD01A4D40
:1088900029688C4207D0502080F31188BFF34F8F96
:1088A000BFF36F8FFEE7216DF1B1491E2165E36CC7
:1088B000E26A9A4217D0002915D1201DFEF748FF21
:1088C000E06CE062C0F13800A061E06AA96988420A
:1088D00000D9A861094900EB800001EB8000211D4F
:1088E000FEF78CFF012070BD502080F31188BFF38C
:1088F0004F8FBFF36F8FFEE78C010020803E00207A
:1089000070B504004FF000002CD01A4DE16A2A68BF
:10891000D26A914227D2A069002804DB2868C06A85
:10892000C0F13800A061E06A134E00EB800061697D
:1089300006EB8000814211D1201DFEF709FF286857
:10894000C06AE062A969884200D9A86100EB800092
:1089500006EB8000211DFEF751FF02E02868C06A87
:10896000E062012070BDE16C2A68D26A9142F8D3BE
:1089700070BD00008C010020803E002070B5C068F2
:10898000C46854B104F118000646FEF7E1FE144D28
:10899000A86B50B13146134815E0502080F3118880
:1089A000BFF34F8FBFF36F8FFEE7201DFEF7D0FEA2
:1089B000E06AA969884200D9A8610B4900EB8000F0
:1089C00001EB8000211DFEF719FFE06A2968C96AE2
:1089D000884202D90120686270BD002070BD00008D
:1089E0008C01002008430020803E00202DE9F04744
:1089F0002B4D00242746A86B38B1FEF757FFA86B14
:108A0000401EA863A86B40B145E0502080F3118858
:108A1000BFF34F8FBFF36F8FFEE72869214901260F
:108A2000C8B3A1F591698846D8F80010E1B1D8F82B
:108A30000C00C46804F11800FEF78AFE201DFEF742
:108A400087FEE06AA969884200D9A86100EB80012D
:108A500009EB8100211DFEF7D1FEE06A2968C96A91
:108A60008842E1D36E62DFE70CB1FEF7DFFC2C6ACF
:108A70003CB1FFF7A3FE00B16E62641EF9D1002085
:108A80002862686A38B10849012738070860BFF3CF
:108A90004F8FBFF36F8FFEF729FF3846BDE8F08791
:108AA0008C0100200843002004ED00E02DE9FC4784
:108AB00081461E461746884630200A9DFEF796FDE1
:108AC00004000AD0CDE9005433463A4641464846B0
:108AD000FEF77AFB002084F82C002046BDE8FC87D6
:108AE0007CB53025DDE90664009544B1CDE900642C
:108AF000FEF76AFB012084F82C0020467CBD502044
:108B000080F31188BFF34F8FBFF36F8FFEE7000034
:108B100010B586B0FEF716FA114CA068B8B1002067
:108B20000390049005AA04A903A8FEF737FEDDE927
:108B3000032102208DE8070000230AA10B48059AB3
:108B4000FFF7F5FDE06010B106B0012010BD502028
:108B500080F31188BFF34F8FBFF36F8FFEE70000E4
:108B6000C8010020546D7220537663001D75000803
:108B70002DE9FF411F4603000A9E4FF0000015D06B
:108B8000134DAC68002C0ED08DE80E00062917DAC4
:108B9000FFF700FE02284FF000030FD000226946C5
:108BA000A868FFF7B5FA04B0BDE8F081502080F363
:108BB0001188BFF34F8FBFF36F8FFEE73246EEE7AA
:108BC00000233A4669462046FFF754FBEBE70000D6
:108BD000C8010020AC9F0008000000000000000059
:108BE000000000000000000000020000180000006B
:108BF0000000000000000000849F0008000000004A
:108C00000000000000000000000000000001000063
:108C1000080000000000000000000000D09F0008D5
:108C20000000000000000000000000000000000044
:108C3000000200001800000000000000000000001A
:108C40007C9F000800000000000000000000000001
:108C5000000000000002000008000000000000000A
:108C6000000000009C9F00080000000000000000C1
:108C700000000000000000000002000008000000EA
:108C800000000000000000008C9F000800000000B1
:108C900000000000000000000000000000020000D2
:108CA000080000000000000000000000B89F00085D
:108CB00000000000000000000000000000000000B4
:108CC000000100000800000000000000000000009B
:108CD0006C9F000800000000000000000000000081
:108CE0000000000000000000C49F00080000000019
:108CF0000000000000000000010202030405060756
:108D000008090A0B0C0D0E0F1010010202030405D6
:108D1000060708090A0B0C0D0E0F101000000000CA
:108D2000000000000102030406070809000000001B
:108D30000102030400C1814001C0804101C08041A3
:108D400000C1814001C0804100C1814000C181401B
:108D500001C0804101C0804100C1814000C181400B
:108D600001C0804100C1814001C0804101C08041FB
:108D700000C1814001C0804100C1814000C18140EB
:108D800001C0804100C1814001C0804101C08041DB
:108D900000C1814000C1814001C0804101C08041CB
:108DA00000C1814001C0804100C1814000C18140BB
:108DB00001C0804101C0804100C1814000C18140AB
:108DC00001C0804100C1814001C0804101C080419B
:108DD00000C1814000C1814001C0804101C080418B
:108DE00000C1814001C0804100C1814000C181407B
:108DF00001C0804100C1814001C0804101C080416B
:108E000000C1814001C0804100C1814000C181405A
:108E100001C0804101C0804100C1814000C181404A
:108E200001C0804100C1814001C0804101C080413A
:108E300000C1814000C0C101C30302C2C60607C70A
:108E400005C5C404CC0C0DCD0FCFCE0E0ACACB0B7A
:108E5000C90908C8D81819D91BDBDA1A1EDEDF1FAA
:108E6000DD1D1CDC14D4D515D71716D6D21213D39A
:108E700011D1D010F03031F133F3F23236F6F7374A
:108E8000F53534F43CFCFD3DFF3F3EFEFA3A3BFB3A
:108E900039F9F83828E8E929EB2B2AEAEE2E2FEFEA
:108EA0002DEDEC2CE42425E527E7E62622E2E3235A
:108EB000E12120E0A06061A163A3A26266A6A7678A
:108EC000A56564A46CACAD6DAF6F6EAEAA6A6BABFA
:108ED00069A9A86878B8B979BB7B7ABABE7E7FBF2A
:108EE0007DBDBC7CB47475B577B7B67672B2B3731A
:108EF000B17170B0509091519353529296565797CA
:108F0000559594549C5C5D9D5F9F9E5E5A9A9B5BB9
:108F100099595898884849894B8B8A4A4E8E8F4F69
:108F20008D4D4C8C448485458747468682424383D9
:108F30004181804011003322554477669988BBAA4D
:108F4000DDCCFFEE34120000000000000000000045
:108F50009D0F000801000000000000004D0B0008FC
:108F600002000000B80500209B4F0008030000002D
:108F7000B8050020C93A0008000400000004000001
:108F80000800000008000000002000000020000091
:108F90000000C012C012C01256455253494F4E49EC
:108FA000440000000000000000000000000000007D
:108FB0000100000055706461746154696D650000C2
:108FC00000000000000000000000000001000000A0
:108FD000557064617465000000000000000000002E
:108FE00000000000010000000100000052756E53F7
:108FF000746F70436F6D6D616E640000000000005F
:109000000100E7FF6400140054656D7053760000A2
:10901000000000000000000000000000010000004F
:109020006400190048756D69537600000000000067
:10903000000000000000000001000000010000002E
:1090400054656D7050726F53760000000000000090
:1090500000000000010000000100000048756D697B
:1090600050726F5356000000000000000000000026
:10907000010000000F27000052756E54696D6553A2
:10908000560000000000000000000000010018FC75
:10909000E803000054656D7050620000000000009D
:1090A0000000000000000000000060F0A00F0000C1
:1090B00054656D70506B000000000000000000005F
:1090C00000000000000018FCE803000048756D690E
:1090D00050620000000000000000000000000000DE
:1090E000000060F0A00F000048756D69506B000033
:1090F000000000000000000000000000010000006F
:109100000F27000054656D70414C00000000000006
:109110000000000000000000000000000F27000019
:1091200054656D7041480000000000000000000020
:1091300000000000000000006400000054656D7035
:1091400046696C74657200000000000000000000B9
:10915000000000000F27000048756D69414C0000B9
:1091600000000000000000000000000000000000FF
:109170000F27000048756D6941480000000000009D
:10918000000000000000000001000000640000007A
:1091900048756D6946696C746572000000000000D6
:1091A00000000000000000000F27000048756D69F6
:1091B00044696666436F756E74000000000000002D
:1091C000000000000F27000054656D70446966665A
:1091D000436F756E74000000000000000000000086
:1091E00064000A0054656D705365745000000000FF
:1091F000000000000000000000000000100E5E01F2
:1092000054656D7053657449000000000000000053
:109210000000000001000000100EC80054656D70D1
:1092200053657444000000000000000000000000CE
:10923000010000006400640054656D705365744162
:1092400052000000000000000000000001000000CB
:109250006400030054656D70536574540000000091
:109260000000000000000000000000006400320068
:1092700054656D7047616D610000000000000000E2
:1092800000000000010000006400640048756D6982
:10929000415200000000000000000000000000003B
:1092A000000000006400050048756D69540000006E
:1092B00000000000000000000000000000000000AE
:1092C0006400050048756D69500000000000000052
:1092D000000000000000000000000000100EC800A8
:1092E00048756D69490000000000000000000000A2
:1092F0000000000000000000100E640048756D6959
:109300004400000000000000000000000000000019
:10931000010000006400320048756D6947616D61AD
:10932000000000000000000000000000000000003D
:109330000100000050726F4D6F646543686F696390
:109340006500000000000000000000007800000040
:1093500048756D694C6F77566F6C74616765000076
:109360000000000000000000F401240048756D6951
:1093700048696768566F6C7461676500000000009B
:109380000000000001000000436F6D707265737390
:109390006F725365740000000000000000000000C0
:1093A000E803FA00436F6D707265734F4E54656D3C
:1093B000704C6F770000000002000000E803F40129
:1093C000436F6D70726573734F4E48756D694C6F66
:1093D0007700000002000000E803F401436F6D70A5
:1093E000726573734F464654656D70480000000007
:1093F00002000000E803F401436F6D70726573733F
:109400004F464648756D69480000000002000000A4
:109410000F270300436F6D70726573734F4E446C7A
:109420007900000000000000000000000F2700008D
:109430004164645761746572446C790000000000F7
:1094400000000000010000000100000041646457BA
:109450006174657252656C790000000000000000C4
:10946000000000000F270000447261696E576174AC
:109470006572446C790000000000000000000100EB
:109480003200050050726F537465700000000000D8
:10949000000000000000000000000000E8030000E1
:1094A00050726F54656D70300000000000000000C5
:1094B0000000000000000000E803000050726F4848
:1094C000756D693000000000000000000000000021
:1094D000000000000F27000050726F54696D653066
:1094E000000000000000000000000000000000007C
:1094F000E803000050726F54656D70310000000089
:10950000000000000000000000000000E803000070
:1095100050726F48756D6931000000000000000056
:1095200000000000000000000F27000050726F5480
:10953000696D6531000000000000000000000000BF
:1095400000000000E803000050726F54656D703237
:10955000000000000000000000000000000000000B
:10956000E803000050726F48756D6932000000001A
:109570000000000000000000000000000F270000B5
:1095800050726F54696D65320000000000000000E9
:109590000000000000000000E803000050726F545B
:1095A000656D703300000000000000000000000046
:1095B00000000000E803000050726F48756D6933C9
:1095C000000000000000000000000000000000009B
:1095D0000F27000050726F54696D65330000000062
:1095E000000000000000000000000000E803000090
:1095F00050726F54656D7034000000000000000070
:109600000000000000000000E803000050726F48F6
:10961000756D6934000000000000000000000000CB
:10962000000000000F27000050726F54696D653410
:10963000000000000000000000000000000000002A
:10964000E803000050726F54656D70350000000033
:10965000000000000000000000000000E80300001F
:1096600050726F48756D6935000000000000000001
:1096700000000000000000000F27000050726F542F
:10968000696D65350000000000000000000000006A
:1096900000000000E803000050726F54656D7036E2
:1096A00000000000000000000000000000000000BA
:1096B000E803000050726F48756D693600000000C5
:1096C0000000000000000000000000000F27000064
:1096D00050726F54696D6536000000000000000094
:1096E0000000000000000000E803000050726F540A
:1096F000656D7037000000000000000000000000F1
:1097000000000000E803000050726F48756D693773
:109710000000000000000000000000000000000049
:109720000F27000050726F54696D6537000000000C
:10973000000000000000000000000000E80300003E
:1097400050726F54656D703800000000000000001A
:109750000000000000000000E803000050726F48A5
:10976000756D693800000000000000000000000076
:10977000000000000F27000050726F54696D6538BB
:1097800000000000000000000000000000000000D9
:10979000E803000050726F54656D703900000000DE
:1097A000000000000000000000000000E8030000CE
:1097B00050726F48756D69390000000000000000AC
:1097C00000000000000000000F27000050726F54DE
:1097D000696D653900000000000000000000000015
:1097E00000000000E803000050726F54656D703196
:1097F0003000000000000000000000000000000039
:10980000E803000050726F48756D69313000000048
:109810000000000000000000000000000F27000012
:1098200050726F54696D6531300000000000000017
:109830000000000000000000E803000050726F54B8
:10984000656D703131000000000000000000000074
:1098500000000000E803000050726F48756D693128
:1098600031000000000000000000000000000000C7
:109870000F27000050726F54696D65313100000090
:10988000000000000000000000000000E8030000ED
:1098900050726F54656D703132000000000000009E
:1098A0000000000000000000E803000050726F4854
:1098B000756D6931320000000000000000000000FA
:1098C000000000000F27000050726F54696D653171
:1098D0003200000000000000000000000000000056
:1098E000E803000050726F54656D70313300000062
:1098F000000000000000000000000000E80300007D
:1099000050726F48756D693133000000000000002F
:1099100000000000000000000F27000050726F548C
:10992000696D653133000000000000000000000098
:1099300000000000E803000050726F54656D703144
:1099400034000000000000000000000000000000E3
:10995000E803000050726F48756D693134000000F3
:109960000000000000000000000000000F270000C1
:1099700050726F54696D65313400000000000000C2
:109980000000000000000000E803000050726F5467
:10999000656D70313500000000000000000000001F
:1099A00000000000E803000050726F48756D6931D7
:1099B0003500000000000000000000000000000072
:1099C0000F27000050726F54696D6531350000003B
:1099D000000000000000000000000000E80300009C
:1099E00050726F54656D7031360000000000000049
:1099F0000000000000000000E803000050726F4803
:109A0000756D6931360000000000000000000000A4
:109A1000000000000F27000050726F54696D65311F
:109A20003600000000000000000000000000000000
:109A3000E803000050726F54656D7031370000000C
:109A4000000000000000000000000000E80300002B
:109A500050726F48756D69313700000000000000DA
:109A600000000000000000000F27000050726F543B
:109A7000696D653137000000000000000000000043
:109A800000000000E803000050726F54656D7031F3
:109A9000380000000000000000000000000000008E
:109AA000E803000050726F48756D6931380000009E
:109AB0000000000000000000000000000F27000070
:109AC00050726F54696D653138000000000000006D
:109AD0000000000000000000E803000050726F5416
:109AE000656D7031390000000000000000000000CA
:109AF00000000000E803000050726F48756D693186
:109B0000390000000000000000000000000000001C
:109B10000F27000050726F54696D653139000000E5
:109B2000000000000000000000000000E80300004A
:109B300050726F54656D70323000000000000000FC
:109B40000000000000000000E803000050726F48B1
:109B5000756D693230000000000000000000000058
:109B6000000000000F27000050726F54696D6532CD
:109B700030000000000000000000000000000000B5
:109B8000E803000050726F54656D703231000000C0
:109B9000000000000000000000000000E8030000DA
:109BA00050726F48756D693231000000000000008E
:109BB00000000000000000000F27000050726F54EA
:109BC000696D6532310000000000000000000000F7
:109BD00000000000E803000050726F54656D7032A1
:109BE0003200000000000000000000000000000043
:109BF000E803000050726F48756D69323200000052
:109C00000000000000000000000000000F2700001E
:109C100050726F54696D6532320000000000000020
:109C20000000000000000000E803000050726F54C4
:109C3000656D70323300000000000000000000007D
:109C400000000000E803000050726F48756D693233
:109C500033000000000000000000000000000000D1
:109C60000F27000050726F54696D65323300000099
:109C7000000000000000000000000000E8030000F9
:109C800050726F54656D70323400000000000000A7
:109C90000000000000000000E803000050726F4860
:109CA000756D693234000000000000000000000003
:109CB000000000000F27000050726F54696D65327C
:109CC0003400000000000000000000000000000060
:109CD000E803000050726F54656D7032350000006B
:109CE000000000000000000000000000E803000089
:109CF00050726F48756D6932350000000000000039
:109D000000000000000000000F27000050726F5498
:109D1000696D6532350000000000000000000000A1
:109D200000000000E803000050726F54656D70324F
:109D300036000000000000000000000000000000ED
:109D4000E803000050726F48756D693236000000FC
:109D50000000000000000000000000000F270000CD
:109D600050726F54696D65323600000000000000CB
:109D70000000000000000000E803000050726F5473
:109D8000656D703237000000000000000000000028
:109D900000000000E803000050726F48756D6932E2
:109DA000370000000000000000000000000000007C
:109DB0000F27000050726F54696D65323700000044
:109DC000000000000000000000000000E8030000A8
:109DD00050726F54656D7032380000000000000052
:109DE0000000000000000000E803000050726F480F
:109DF000756D6932380000000000000000000000AE
:109E0000000000000F27000050726F54696D65322A
:109E1000380000000000000000000000000000000A
:109E2000E803000050726F54656D70323900000015
:109E3000000000000000000000000000E803000037
:109E400050726F48756D69323900000000000000E3
:109E500000000000000000000F27000050726F5447
:109E6000696D65323900000000000000000000004C
:109E7000000000000F27000050726F456E64436FB2
:109E8000756E74000000000000000000000000007B
:109E90000F270000456E6400000000000000000075
:109EA00000000000000000000000D8073408E807A8
:109EB00043757272656E742059656172000000000E
:109EC00000000000000001000C00010043757272E8
:109ED000656E74204D6F6E74680000000000000015
:109EE000000001001F00010043757272656E74204E
:109EF0004461790000000000000000000000000044
:109F00001700010043757272656E7420486F757298
:109F10000000000000000000000000003C00010004
:109F200043757272656E74204D696E7574650000BC
:109F300000000000000000003C0001004375727248
:109F4000656E74205365636F6E640000000000004E
:109F5000000000006400010046414E204152000014
:109F60000000000000000000000000005265616475
:109F70006F6E6C7951756575653000007469645F4A
:109F8000415050007469645F527463007469645F87
:109F90005061726153617665000000007469645F0E
:109FA00050726F6D6F64655461736B0064656661B8
:109FB000756C745461736B007469645F43686563A6
:109FC0006B496E004144435F54696D657200000047
:109FD0007469645F6D6F646275730000FC9F0008B4
:109FE0000000002008020000E80A000874A0000831
:109FF00008020020105A00001855000801443201E0
:10A000008210031524F4022B023211131D60330851
:10A0100004131F5F33080313C15E2A0864133961F8
:10A020003308061A992032171A8120298013DD5D22
:10A030003308051A4118320F1AD50829741A4F38F7
:10A040000930D02952A91012021203298E012E4B79
:10A05000790F9C2908411359691408216A14084092
:10A060001632201C6840360812200278681AAA01AD
:04A07000810000006B
:0400000508000131BD
:00000001FF
