:020000040800F2
:1000000058510020DD010008074600082D40000877
:1000100005460008DD1000082D5C00080000000007
:100020000000000000000000000000004501000882
:10003000111900080000000089010008B5520008ED
:10004000F7010008F7010008F7010008F7010008B0
:10005000F7010008F7010008F7010008F7010008A0
:10006000F7010008F7010008F70100083D18000833
:10007000F7010008F7010008F7010008F701000880
:10008000F7010008F7010008B10B0008F7010008AC
:10009000F7010008F7010008F7010008F701000860
:1000A000F701000869530008F7010008F70100088C
:1000B000F7010008F701000875530008F701000870
:1000C000F7010008F7010008F7010008F701000830
:1000D000F7010008F7010008E95B0008F55B00087C
:1000E000F7010008F7010008F7010008F701000810
:1000F000F7010008F7010008F7010008F701000800
:10010000F7010008F7010008A1530008F7010008F3
:10011000F7010008F7010008F7010008F7010008DF
:10012000F7010008F7010008F7010008F7010008CF
:10013000DFF80CD000F0FEFC00480047A96F000873
:1001400058510020224B19680868B0E8F00F80F37E
:100150000988BFF36F8F4FF0000080F311884EF0D5
:100160000D0E70470000000006480068006880F32C
:10017000088862B661B6BFF34F8FBFF36F8F00DFA1
:1001800000BF00BF08ED00E0EFF30980BFF36F8F01
:100190000F4B1A6820E9F00F106008B54FF05000BF
:1001A00080F31188BFF34F8FBFF36F8F08F032F9E0
:1001B0004FF0000080F31188BDE808401968086816
:1001C000B0E8F00F80F30988BFF36F8F704700BF6E
:1001D000A0010020EFF3058070470000064880472B
:1001E00006480047FEE7FEE7FEE7FEE7FEE7FEE71C
:1001F000FEE7FEE7FEE7FEE767530008310100086F
:10020000202A04DB203A21FA02F00021704721FA6B
:1002100002F3D040C2F120029140084319467047D2
:1002200040EA01039B0703D009E008C9121F08C078
:10023000042AFAD203E011F8013B00F8013B521EF8
:10024000F9D27047D2B201E000F8012B491EFBD26F
:1002500070470022F6E710B513460A4604461946D1
:10026000FFF7F0FF204610BDF0B480EA0102D40F82
:100270004200B2EB410F02D20246084611464A0044
:1002800042D0C30DDDB2C1F3C752AD1A202D35DA0D
:10029000C1F3160141F4000204B15242C5F1200637
:1002A00002FA06F12A411044B3EBD05F23D0C4B167
:1002B000012DA0EBC35009DCF0BC4FF0004202EA74
:1002C000C352DBB200F5000000F091BB400000F12A
:1002D000807000EBC350A0F1807040EAD1704900FB
:1002E00009E0490841EAC071A0EBC35000F50000E5
:1002F000400800EBC350F0BC00F070BB614201222B
:1003000002EB4101001BF6E7F0BC704781F00041B1
:10031000AAE780F00040A7E780EA010210B502F0EA
:100320000043400022D04A001FD0010E01EB1261B1
:10033000C0F35600C2F3560240F4000042F400023B
:10034000A0FB022000047F39140400D0401C50EAB6
:10035000124001D44000491EC2B20C0604EBD0107A
:10036000401C4008802A02D003E0002010BD20F08D
:100370000100002900DA0020184310BD30B480EAE3
:10038000010202F0004530F0004221F0004013D09D
:1003900090B1C30DD40DC2F31601C0F31600E41AD8
:1003A00041F4000140F400027D34914201D3641C09
:1003B00000E04900002C02DA30BC002070474FF406
:1003C00000000023914201D3891A034340084FEAF9
:1003D0004101F7D151B1914202D14FF0004105E006
:1003E00002D24FF0010101E06FF0010103EBC450B4
:1003F000284430BC00F0F2BA2DE9FE4F804681EA75
:100400000300C00F0C46009021F0004123F000458E
:10041000B8EB0200A94105D24046214690461C4651
:100420000B46024623F00040104347D0270DC7F388
:100430000A00C3F30A510290401A019040286BDA77
:10044000C3F3130040F4801B0098924620B10023B0
:10045000D2EB030A63EB0B0B01985946C0F1400243
:10046000504600F09AFA06460D4650465946019A03
:1004700000F0A2FA10EB08006141002487EA115253
:1004800084EAE7731A4340D0009A62B3019A012AC2
:100490004FEA075215DC001B61EB02014FF00042EE
:1004A00002EA0752CDE90042001C41F580113246B4
:1004B0002B4600F0D9FA03B0BDE8F08F4046214644
:1004C000F9E7001B61EB0201001C41F580130018E5
:1004D0005B412018A2F5001747EB030140EAD570F5
:1004E000B6196D4111E06D084FEA360645EAC07550
:1004F0004FEA0752001B61EB0201001C41F580111D
:1005000049084FEA30000019514132462B4603B0EA
:10051000BDE8F04F00F099BA009801224000002396
:10052000D0EB020263EBE073009821464FEAE074DF
:10053000B8EB000061EB0401E9E783F000435BE7FF
:1005400081F0004158E72DE9FE4F81EA030404F0F1
:10055000004421F0004100944FF0000B23F00043D1
:1005600050EA01045ED052EA03045BD0C3F30A549C
:10057000C1F30A552C44A4F2F3340194A0FB0254B5
:10058000C1F3130141F48011C3F3130343F4801347
:1005900001FB024400FB034E840A970A44EA81549B
:1005A00047EA8357A4FB076802958D0A05FB078578
:1005B0004FEA932C04FB0C542705029D4FEA065882
:1005C00047EA1637B5EB08056EEB070C870E920E5F
:1005D00047EA811742EA8312A7FB0201B6EB0B013F
:1005E00064EB00042B0D43EA0C335E1844EB1C5003
:1005F000DA465146E7FB0201C5F313044FEA0B3319
:1006000043EA14534FEA0432019C43EA0603A4F17F
:100610000C040294009CCDE900B400F025FA03B06C
:10062000BDE8F08F00200146F9E72DE9F04D81EAA1
:10063000030404F0004B21F0004514464FF0000A7B
:1006400023F0004150EA050220D054EA01021DD0F7
:10065000C5F30A570246C5F31303C1F31300C1F3F0
:100660000A5640F4801543F48013A7EB0608101BCC
:10067000D64608F2FD3873EB050002D308F10108F5
:1006800001E092185B41B8F1000F03DA0020014647
:10069000BDE8F08D00204FF48011064684460EE040
:1006A000171B73EB050705D3121B63EB050306430A
:1006B0004CEA010C49084FEA300092185B4150EABD
:1006C0000107EDD152EA030012D082EA040083EA66
:1006D0000501084305D0101BAB4106D201220023BF
:1006E00006E000224FF0004302E06FF001025310D9
:1006F0001AEB06004CEB085110EB0A0041EB0B0122
:10070000BDE8F04D00F0A1B970B521F000430343FE
:100710000CD0C1F30A550024D5EB040564EB0403A7
:10072000D617AD1AB34102DB0020014670BD201878
:1007300041EB025170BDC10F80EAE0700844CA0766
:100740009623002100F053B996230022114600F0B1
:100750004EB90EB5C10F80EAE0700844CA07002107
:1007600040F233438DE80E000A460B4600F07CF958
:1007700003B000BD0EB540F2334102910021CDE936
:1007800000110A460B4600F06FF903B000BD00F0FF
:10079000004220F00040C10DC0F3160040F40000FC
:1007A0007F2901DA00207047962903DCC1F1960108
:1007B000C84001E096398840002AF4D04042704792
:1007C00020F00040C10DC0F3160040F400007F2966
:1007D00001DA00207047962903DCC1F19601C84078
:1007E000704796398840704770B5C1F30A5201F0DE
:1007F00000450024C1F3130140F2FF3341F480119E
:100800009A4201DA002070BD40F233439A42A2F2CC
:10081000334203DC5242FFF7F3FC00E090402C43EC
:10082000F1D0404270BD00F0004230F000400AD0EC
:10083000C10D01F56071C0F3160042EA0151C20812
:1008400040071143704700200146704730B5041E31
:1008500071F1000404DB4FF00044404264EB0101FD
:10086000141E73F1000405DB1C464FF00043524296
:1008700063EB04038B4208BF824230BD30B5041ED7
:1008800071F1000404DB4FF00044404264EB0101CD
:10089000141E73F1000405DB1C464FF00043524266
:1008A00063EB0403994208BF904230BD01F000435E
:1008B00030B421F0004150EA010206D00A0DA2F541
:1008C0006072C1F31301002A02DC30BC00207047C3
:1008D000440F44EAC104C100E01830BC00EBC25030
:1008E00000F07CB8002801DBC0F10040002901DBEA
:1008F000C1F1004181427047002801DBC0F1004096
:10090000002901DBC1F100418842704730B50B4638
:10091000014600202022012409E021FA02F59D422F
:1009200005D303FA02F5491B04FA02F52844151E03
:10093000A2F10102F1DC30BD2DE9F05F0546002097
:1009400092469B4688460646814640241BE0284640
:10095000414647462246FFF753FC53465A46C01AC3
:10096000914110D311461846224600F016F82D1A70
:1009700067EB01084F4622460120002100F00DF8E8
:1009800017EB00094E41201EA4F10104DFDC4846AC
:1009900031462A464346BDE8F09F202A04DB203A30
:1009A00000FA02F1002070479140C2F1200320FAC2
:1009B00003F3194390407047202A06DBCB17203AF7
:1009C00041FA02F043EAE07306E041FA02F3D04054
:1009D000C2F1200291400843194670470029A8BF80
:1009E0007047401C490008BF20F00100704710B458
:1009F000B0FA80FC00FA0CF050EA010404BF10BC0D
:100A0000704749B1CCF1200421FA04F411FA0CF139
:100A100018BF012121430843A3EB0C01CB1D4FEA72
:100A200000614FEA102042BF002010BC704700EB6D
:100A3000C35010440029A4BF10BC7047401C49009B
:100A400008BF20F0010010BC704710B5141E73F1F0
:100A5000000408DA401C41F1000192185B411A437E
:100A600001D120F0010010BD2DE9F04D92469B46CA
:100A700011B1B1FA81F202E0B0FA80F22032904670
:100A8000FFF78BFF04460F4640EA0A0041EA0B01DC
:100A900053465A46084313D0114653EA010019D071
:100AA000C8F140025046FFF7ABFB05460E465046E4
:100AB00059464246FFF771FF084305D0012004E084
:100AC00020463946BDE8F08D0020054346EAE07631
:100AD0002C4337430A986305E40AA0EB0800002280
:100AE000FD0A44EA47540A3002D500200146E9E7EE
:100AF000010510196941DDE9084500196941BDE8A2
:100B0000F04DA2E7C1F30A52C1F3130140F2FF33E3
:100B100041F480119A4202DA00200146704740F207
:100B200033439A42A2F2334202DC5242FFF768BBDF
:100B3000FFF733BF064C074D06E0E06840F00103C5
:100B400094E8070098471034AC42F6D3FFF7F4FA64
:100B5000DCAB0008FCAB000870B58C1810F8015B2A
:100B600015F0070301D110F8013B2A1106D110F846
:100B7000012B03E010F8016B01F8016B5B1EF9D14A
:100B80002B0705D40023521E0DD401F8013BFAE7D0
:100B900010F8013BCB1A921C03E013F8015B01F83B
:100BA000015B521EF9D5A142D8D3002070BD0000D0
:100BB000014801F03AB800001C02002070B50C4654
:100BC0008869FFF7E4FD0D4D064629466069FFF789
:100BD000A3FB314600F04EFEFFF7ADFDA061606D56
:100BE000FFF7D5FD06462946206DFFF795FB3146F8
:100BF00000F040FEFFF79FFD606570BD00002041E2
:100C000010B50A4CE06907F09FF92060206A07F0F0
:100C10009BF96060606A07F097F9E060A06907F0EF
:100C200093F9A0602069401C206110BD00000020E5
:100C300070B5044600688168C943C90716D1816848
:100C400021F00101816001F029FD054609E001F074
:100C500025FD401B022804D920688068C043C007D6
:100C600006D020688068C043C007F0D0002070BD67
:100C7000A06A40F01000A062E06A40F00100E0626B
:100C8000012070BD10B50146406A826A12F0500F13
:100C900005D0006A026BBDE8104008461047816A23
:100CA00041F40071816201688968C1F342410729FA
:100CB0000CD1017B51B9816A21F480718162816A12
:100CC000C90403D4816A41F00101816200F0AAFFE6
:100CD00010BD10B5406A816A41F040018162C16A6D
:100CE00041F00401C16200F09FFF10BD10B5406AE1
:100CF00000F099FF10BD0000F8B5002604460096EC
:100D000000688168C943C9072CD0816841F001019E
:100D10008160154815490068B0FBF1F000E0401E05
:100D200000900028FBD101F0B9FC054615E001F068
:100D3000B5FC401B022810D920688068C043C0075A
:100D40000BD0A06A40F01000A062E06A40F0010001
:100D5000E06284F824600120F8BD20688068C04308
:100D6000C007E4D10020F8BD5000002040420F0031
:100D7000F0B52B4C002734F81120521C92B224F805
:100D800011200A2A01D924F811700588254801EBA1
:100D9000810200EB820334F81100224C23F810503A
:100DA0000A20503404EB820203E033F8104022F8AA
:100DB0001040401EC0B2F8D200230020C3F1090C3D
:100DC0000BE002EB400632F810507488A54202D9BD
:100DD00022F810407580401CC0B28445F1DC5B1CD9
:100DE000DBB2092BE9D30E4B0E4C08335089A034EB
:100DF00023F8110054F82120A3F11B05104444F8F6
:100E000021006A5C521CD2B26A54082A05D3C00879
:100E100023F811006F5444F8217033F81100F0BD2D
:100E200050010020300A0020254E8EB0002786F8A1
:100E3000317086F86D700C973022224968460D9704
:100E4000FFF7EEF90CA8019004220CA91E4801F04E
:100E500035F8DFF878806D4619491D4804F09CF993
:100E600017491B4800F036F8002404EB440005EB5A
:100E70008001D1E9010212499047641CE4B2042CBC
:100E8000F3D3D8F8042044460D490020904796F843
:100E90003100C00796F86C000BD020F0080086F8EF
:100EA0006C00E268064901209047C82006F0EEF980
:100EB000D2E740F0080086F86C00A6F84470F0E72E
:100EC000E00A0020049700081C02002068010020AE
:100ED000CC0500202DE9F84F044691F83100764DFD
:100EE0000E46C00778D096F86D00DFF8D091744FA9
:100EF000C007F7D0D6E90410FFF708FA8246D6E912
:100F00001310FFF703FA0090207FFFF733FCB84679
:100F10003A46CB464B46FFF716FB06460F46504671
:100F2000FFF781FC8A46814632463B46FFF7A6FC26
:100F300003D8688C40F0010035E0A07EFFF71AFC72
:100F4000464642465F4BFFF7FEFA02460B464846CE
:100F50005146FFF77BFC03D8688C40F0040022E088
:100F6000207FFFF707FC3246574BFFF7ECFA0246AB
:100F70000B4648465146FFF769FC03D8688C20F0C1
:100F8000010010E0A07EFFF7F5FB32464F4BFFF764
:100F9000DAFA02460B4648465146FFF757FC03D89B
:100FA000688C20F00400688494F82200FFF7E2FBCC
:100FB00042465B46FFF7C7FA06460F460098FFF722
:100FC00032FC8A46814632463B46FFF757FC04D83E
:100FD000688C40F0020026E062E094F82000FFF701
:100FE000C9FB47464246374BFFF7ADFA02460B4670
:100FF00048465146FFF72AFC03D8688C40F00800A9
:1010000011E094F82200FFF7B5FB3A462E4BFFF7AC
:101010009AFA02460B4648465146FFF717FC04D899
:10102000688C20F0020068840DE094F82000FFF73F
:10103000A1FB3A46254BFFF786FA02460B46484687
:101040005146FFF703FC224C4FF48061204601F02B
:101050001BFB0128688C27D020F0100068848021B9
:10106000204601F011FB06461021204601F00CFB42
:1010700046EA4000C1B2174801290171164816D04E
:101080000122012101F005FB8021204601F0FCFA3C
:101090000028688C0DD020F020006884BDE8F88F0F
:1010A000688C20F00F00BEE740F01000D6E7002269
:1010B000E7E740F02000F0E7980800209999B93F51
:1010C0009A9999999999B9BF9999A93F9999A9BF5D
:1010D000001401403801002000180140FEE7000024
:1010E000074C084D05F01EFA0548103800F00CF8C2
:1010F0002146284600F00EFC0A2006F0C7F8F1E76A
:10110000F00A0020060700202DE9F05F654E044636
:10111000654FF088DFF89491654D4FF0000A012883
:101120000ED000224021634801F0B3FAA5F894A044
:10113000A6F802A085F86DA0C5F88CA0BDE8F09FC8
:10114000B046B6F84A00FFF715FBBB463A464B4699
:10115000FFF7F9F906460F462069FFF764FB3246B0
:101160003B46FFF773FB01D8012700E00027464606
:10117000B8F84E00FFF7FEFA5A464C4BFFF7E3F97A
:1011800080468946E06CFFF74EFB42464B46FFF730
:101190005DFB01D8012000E00020074395F89A008C
:1011A00008D040F0200085F89A00B6F8480040F0DA
:1011B000200007E020F0200085F89A00B6F84800EB
:1011C00020F02000A6F84800B6F94C00FFF7C1FA5D
:1011D000DFF8D8905A464B46FFF7B5F907468846E0
:1011E0006069FFF720FB3A464346FFF747FB0BD801
:1011F00095F89A0020F0200085F89A00B6F848008B
:1012000020F02000A6F84800B6F85000FFF7B2FA28
:101210005A464B46FFF797F9074688462069FFF77D
:1012200002FB3A464346FFF729FB14D2D4E90410E7
:10123000FFF762FB03D294F89C00C10712D095F827
:101240009A0020F0200085F89A00B6F8480020F0B7
:101250002000A6F8480095F89A00800611D4A5F859
:1012600094A06BE740F0010084F89C0095F89A0088
:1012700040F0200085F89A00B6F8480040F02000C1
:10128000E7E7B5F89400B6F852108842E9D9012290
:101290004021084801F0FDF94FF4FA60A5F89400E8
:1012A0004CE70000CC0500209A9999999999B93F8B
:1012B000E00A00200018014070B5044690F83000A4
:1012C0000E46010701D4C00603D560692062E061C3
:1012D00070BD30784FF00005000712D52169A06974
:1012E000FFF700FB05D894F8300020F0200084F8C8
:1012F000300094F83000410603D4658620F00200E7
:101300000AE0608EB0F5967F08D94FF49B70608636
:1013100094F8300040F0020084F8300094F8300077
:10132000010701D441060CD4A16B0020884794F832
:101330003000A562658620F0030084F83000E56087
:10134000C3E794F82F10B4F90020914226DB84F80B
:101350002F50A5863146204603F056F91B49A06A56
:10136000884202DA1A49884207D3658694F8300029
:1013700020F0020084F83000A562208921884843CB
:1013800001B294F82E004843FFF7E3F9114A124BDB
:10139000FFF7D9F8FFF728FA208170BD400707D57D
:1013A0000020A16B30348847207820F001000BE04A
:1013B000A08EB4F908108842F2DA0120A16B303413
:1013C0008847207840F00100207070BD0000A040E8
:1013D0000000A0C07B14AE47E17A843F0200C2EB5C
:1013E000021001EB800004D0034A82639A31FFF7B8
:1013F00063BF024A8A63F9E7494000086959000857
:101400002DE9F04F87B0054600200C460090019072
:1014100001462846FFF7ACFCADF800000121A81CEE
:10142000FFF7A6FCADF802000221281DFFF7A0FC83
:10143000ADF804000321A81DFFF79AFCADF80600E3
:10144000BDF90000FFF785F9EB4AEC4BFFF77BF89D
:10145000EB4AEC4BFEF7D0FFFFF728FA8146BDF9C7
:101460000200FFF776F9E44AE44BFFF76CF8E44A30
:10147000E44BFEF7C1FFFFF719FADFF88CA30290E7
:10148000BAF91200FFF765F9E04AE14BFFF75BF8A4
:10149000074650468846B0F91400FFF75AF9DFF8BE
:1014A00074B3DD4B5A46FFF74EF80022DB4BFEF7D4
:1014B000A3FF05460E464846FFF7B5F92A463346D0
:1014C000FFF741F83A464346FEF796FFFFF7EEF97D
:1014D0000AF188010490D24B04AAA1F1180004F08B
:1014E0004BF95046B0F95A00FFF733F9C74AC84BD9
:1014F000FFF729F8074650468846B0F95C00FFF729
:1015000028F95A46C44BFFF71EF80022C34BFEF7DA
:1015100073FF05460E460298FFF785F92A463346C3
:10152000FFF711F83A464346FEF766FFFFF7BEF9AC
:10153000BB4B0AF1E80102905B1C02AAA1F1180062
:1015400004F01AF9DFF8D8B20BF1280BDBF8000031
:10155000FFF769F90646606A0F461434FFF763F92E
:10156000AA4AAB4BFEF7EFFF054632463B460091D9
:10157000FEF7E9FF8046894628460022A74B0099DE
:10158000FEF7DEFF06460F4606910498FFF74BF97B
:101590003B463246FEF7D7FF42464B46FEF72CFF4E
:1015A000FFF784F92060E06EFFF73DF902460B4635
:1015B00028460099FEF7C7FF05460F46DDF818805C
:1015C0000298FFF730F943463246FEF7BCFF2A4641
:1015D0003B46FEF711FFFFF769F9A066BAF946002E
:1015E000BAF944600AF11605801BFFF7A4F801461A
:1015F0008C48FEF7C3FE82463046FFF7AAF88A4AB7
:101600008A4BFEF7A0FF064606910F46BDF904007F
:10161000FFF79FF84FF06632854BFEF794FF6FF0AF
:101620000B02FFF771F84FF03332824BFEF7FDFFEC
:101630003B463246FEF781FF804689465046FFF71B
:10164000F2F8074642464B460091FEF77CFFFFF753
:101650002DF906998246B0460E46BDF90600FFF701
:1016600078F84FF06632724BFEF76DFF6FF00B02A9
:10167000FFF74AF84FF033326E4BFEF7D6FF424683
:101680003346FEF75AFF02460B4638460099FEF7EE
:101690005AFFFFF70BF90390B5F90000FFF759F86F
:1016A000614A624BFEF74FFF07468946B5F90200D3
:1016B000FFF74FF8574A584BFEF745FF0022574BAC
:1016C000FEF79AFE064688465046FFF7ACF83246CB
:1016D0004346FEF738FF4B463A46FEF78DFEFFF7CE
:1016E000E5F849490590B831ABF1260305AAA1F107
:1016F000180004F041F8B5F94800FFF72AF84A4A03
:101700004A4BFEF720FF06468846B5F94A00FFF728
:1017100020F8404A404BFEF716FF00223F4BFEF7F1
:101720006BFE05460F460398FFF77DF82A463B46B9
:10173000FEF709FF43463246FEF75EFEFFF7B6F8B6
:101740003D490390ABF1250303AAA1F1180004F071
:1017500013F85D46DBF80400FFF765F80746884696
:10176000E06CFFF760F8294A294BFEF7ECFE8B4648
:1017700006463A464346FEF7E6FE81468A4630462E
:1017800059460022254BFEF7DBFE074600918846AE
:101790000598FFF748F843463A46FEF7D4FE4A4616
:1017A0005346FEF729FEFFF781F88046E063606F3D
:1017B000FFF739F832465B46FEF7C5FE8A460099C8
:1017C00081463E460F460398FFF72DF832463B46CA
:1017D000FEF7B9FE4A465346FEF70EFEFFF766F8DF
:1017E000014620672068C5E90008A06E6167E066D1
:1017F00007B0BDE8F08F00005839B4C876BEAF3FDF
:10180000280F0BB5A679F93FCC0500207B14AE4715
:10181000E17A843F2D431CEBE2361A3F0000F03F93
:101820003801002000007A449A9999999999B93F12
:1018300066660A403333E33FE4060020014800F0C7
:101840007FBC00004C02002030B590F840500124CD
:10185000AC40C56B6C60046863604368102B036820
:1018600003D099600068C26030BD9A600068C160B2
:1018700030BD00002DE9F0410C460646FEF787FF1B
:101880002149054616F1FF4F8846304619D3FEF729
:101890003DFDFEF77CFF07461C48864206D34146C5
:1018A0003046FEF7E1FCFEF772FF00E00120AF4298
:1018B0001ADBA8421EDCAC421CDC681E84421EDB24
:1018C0001EE0FEF7D1FCFEF762FF074640464645A4
:1018D00006DB01463046FEF719FDFEF758FF01E032
:1018E0004FF0FF30AF4201DD3C4609E0A84201DB8A
:1018F000AC4201DA2C4603E0681C844200DD044659
:101900002046BDE8F0810000CDCC4C3ECDCC4CBE95
:101910007047000070B504460D46B0F90000FEF7B0
:101920000AFF2968FEF7E8FF01D2002028E034F919
:10193000060FFEF700FF2968FEF7DEFF01D2012047
:101940001EE034F9060FFEF7F6FE2968FEF7D4FF15
:1019500001D2022014E034F9060FFEF7ECFE2968EC
:10196000FEF7CAFF01D203200AE034F9060FFEF7A2
:10197000E2FE2968FEF7C0FF01D2042000E0052046
:10198000184A0021184B5578A84203D0A3F89610A6
:10199000A3F8981050701078144D10B101281FD181
:1019A00010E0A088B3F8966000EBC00404EB0010D0
:1019B000B6EB800F01D801220AE0A3F898100120AD
:1019C000107070BDB3F898006488A04206D8002259
:1019D0002846BDE87040082100F05BBEA3F89610D1
:1019E000117070BD98010020E00A0020001801402D
:1019F00072B6FEE790F89A1089071BD4114A124B71
:101A0000118AC3F8901090F86D10C90713D090F8A0
:101A10003110C9070FD0D0F8901000290AD0D0F8A3
:101A20008C30C1EB0111B3EB810F03D30021C0F85F
:101A30008C10D180704710F89B1F21F001010170BC
:101A400070470000CC050020E00A0020F8B5002611
:101A50000446009690F8240001280BD0012084F859
:101A600024002046FFF7E4F82046FFF745F9070079
:101A700002D050E00220F8BDA06A20F4885040F067
:101A80000200A062022000F0CDFE25490968B1FBEA
:101A9000F0F0400000E0401E00900028FBD12068DC
:101AA000816841F00801816000F0F8FD054608E01A
:101AB00000F0F4FD401B0A2803D920688068000765
:101AC00015D4206880680007F2D42068816841F04E
:101AD0000401816000F0E2FD054612E000F0DEFD49
:101AE000401B0A280DD920688068400709D5A06AE4
:101AF00020F0020040F01000A06284F82460012071
:101B0000F8BD206880684007E8D4A06A20F0020091
:101B100040F00100A06284F824603846F8BD00005F
:101B20005000002070470000F8B50023009390F8A3
:101B300024201C46012A12D0012280F824204A6861
:101B40001F26072A0DD205686F6B521E02EB820218
:101B50009640B7430E68964037436F6319E0022002
:101B6000F8BD05680D2A0AD22F6BD21F02EB820244
:101B70009640B7430E68964037432F6309E0EF6AFB
:101B80000D3A02EB82029640B7430E689640374307
:101B9000EF620A68072605680A2A0AD3EF680A3A3C
:101BA00002EB42029640B7438E6896403743EF609F
:101BB00008E02F6902EB42029640B7438E689640D8
:101BC00037432F610A68102A01D0112A20D1124D03
:101BD0000268AA4217D195682D0219D4956845F478
:101BE000000595600968102912D10C490C4A096852
:101BF000B1FBF2F101EB8101490000E0491E0091C7
:101C00000029FBD104E0816A41F0200181620123B7
:101C100080F824401846F8BD002401405000002000
:101C200040420F0070477047704770B50446006827
:101C300006684568A90625D5B10723D5A16AC90656
:101C400003D4A16A41F40071A1628168C1F34241E9
:101C5000072910D1217B71B9416821F02001416031
:101C6000A06A20F48070A062A06AC00403D4A06AB5
:101C700040F00100A0622046FFF7D4FF21686FF01A
:101C80001200086028062ED570072CD5A06AC00661
:101C900003D4A06A40F40050A06220688168C1F3B8
:101CA0000231072909D04168490515D48168C1F37B
:101CB0004241072910D1217B71B9416821F080018F
:101CC0004160A06A20F48050A062A06AC00503D4DD
:101CD000A06A40F00100A0622046FFF723FF2168C0
:101CE0006FF00C00086068060CD5F0070AD0A06AF7
:101CF00040F48030A062204600F096F821686FF032
:101D00000100086070BD00002DE9F04104004FF0B3
:101D100000057FD0A06A002628B9E66284F8246016
:101D2000204600F083F82046FEF782FFA16AC9062C
:101D300000D420B1A06A40F01000A0626AE0A16A5D
:101D400021F4885141F00201A162334923688B429A
:101D5000E16904D1B1F5402F01D14FF40021277B77
:101D60004FF4807C41EA470261680A43A1686145FB
:101D700008D0012906D0002194F814E0BEF1010F2B
:101D800002D00AE06146F7E7C7B1A76A47F020072B
:101D9000A762E76A47F00107E7625F6827F46947CF
:101DA0000F435F6021688B681C4F3B4013438B607F
:101DB000A16861450BD0012909D00CE0DFF860E093
:101DC000A7690EEB47370F4347F40061E5E7218A27
:101DD0000D05A5F580152168CB6A23F470032B430C
:101DE000CB62216889680F4B1940914208D1E662A5
:101DF000A16A21F0020141F00101A162BDE8F08178
:101E0000A06A20F0020040F01000A062E06A40F0FA
:101E10000100E0620120F1E7003C0140FDF7E1FF35
:101E200000E0FFFFFE0E1FFF7047000070B586B098
:101E300000240646009401940294039400681A4911
:101E400088422ED11949886940F4007088618869F8
:101E500000F400700490886940F00400886188698B
:101E6000694600F0040004901720009003200190C0
:101E70000F4800F011FB104D0E48C5E9000480200A
:101E8000C5E9024040002861800068612020C5E962
:101E90000604284600F078FA08B1FFF7A9FD35627C
:101EA0006E6206B070BD00000024014000100240C8
:101EB00000080140080002404C0200202DE9F047D4
:101EC000894604463B4900683B4F0E1D90468842B8
:101ED00001D0B84207D1306810F4702F03D001252B
:101EE0002846BDE8F08794F8240001280CD0012092
:101EF00084F824002046FEF7FFFE05004FF00001A5
:101F000004D084F82410EBE70220EAE7A06A40F648
:101F10000162904340F48070A0622068B84218D1FA
:101F2000326812F4702F14D0A06A40F48010A062BE
:101F30003068400505D5A06A20F4005040F4805078
:101F4000A062A06AC0040AD5E06A20F00600E06240
:101F500006E0A26A22F48012A2624068E9E7E16228
:101F600084F82410216A15488862216A1448C862DE
:101F7000216A1448086321686FF002000860206835
:101F8000816841F480718160216843464A464C3142
:101F9000206A00F037FA20688168C1F342410729BE
:101FA000816803D041F48011816099E741F4A00178
:101FB000FAE700000024014000280140850C0008D9
:101FC000ED0C0008D30C000810B590F82110002289
:101FD000022905D00421816380F82020012010BD52
:101FE00001680B6823F00E030B6001680B6823F097
:101FF00001030B6090F84030012404FA03F1C36B35
:10200000596080F8214080F82020104610BD000063
:102010002DE9F05F90F821100024022903D004215B
:102020008163012485E001680A6822F00E020A60DB
:1020300001680A6822F001020A603F4E3E4FB21565
:10204000DFF8F4C0DFF8F090DFF8ECA0DFF8E8B0DC
:10205000DFF8E4E00168783F13011502ACF1640C8D
:10206000A9F15009AAF13C0AABF1280BAEF1140E0C
:102070004FF48018B14227D9B9420ED0614512D031
:1020800049451DD0514518D0594518D0714501D149
:10209000424615E0294EB14201D1012210E0274EFF
:1020A0001436B14201D110220AE0244E2836B14242
:1020B00006D0224A3C32914201D11A4600E02A461B
:1020C0001E49091F0A602BE0B94213D0614517D0A1
:1020D000494522D051451DD059451DD0714501D1EA
:1020E00042461AE0B14202D14FF0807215E0134E21
:1020F000B14201D1012210E0104E1436B14201D19B
:1021000010220AE00D4E2836B14206D00B4A3C326E
:10211000914201D11A4600E02A46074980394A60B7
:10212000012180F82110002180F82010416B01B1BD
:1021300088472046BDE8F09F800002400804024026
:102140002DE9F05FC16B0B6801680A68046C4FF001
:10215000040808FA04F8844D844E854FDFF814C251
:10216000DFF81492DFF814A2DFF814B2DFF814E2FB
:1021700018EA030F65D05FEA427862D50A689206D2
:1021800003D40A6822F004020A60DFF8F0814FF4F9
:102190008062016808F1140813011402414524D932
:1021A000A9420DD0B1420FD0B9421AD0614515D025
:1021B000494515D0514501D1120312E0594501D1CD
:1021C00004220EE0714501D140220AE06D4D143524
:1021D000A94206D06B4A2832914201D11A4600E04A
:1021E00022466749091F0A6029E0A94213D0B1427B
:1021F00015D0B94220D061451BD049451BD051456F
:1022000002D14FF4800217E0414502D14FF08062C5
:1022100012E0594501D104220EE0714501D140225E
:102220000AE0584D1435A94206D0564A2832914248
:1022300001D11A4600E022464B4908394A60C16A7A
:1022400071E04FF0020808FA04F818EA030F70D0A2
:102250005FEA82786DD50A68920606D40A6822F091
:102260000A020A60012180F82110DFF810814FF482
:102270000072016808F1140813011402414524D9C1
:10228000A9420DD0B1420FD0B9421AD0614515D044
:10229000494515D0514501D1120312E0594501D1EC
:1022A00002220EE0714501D120220AE0354D14359D
:1022B000A94206D0334A2832914201D11A4600E0A1
:1022C00022462F49091F0A6029E0A94213D0B142D2
:1022D00015D0B94220D061451BD049451BD051458E
:1022E00002D14FF4001217E0414502D14FF00072C5
:1022F00012E0594501D102220EE0714501D12022A0
:102300000AE0204D1435A94206D01E4A28329142D7
:1023100001D11A4600E02246134908394A600021DB
:1023200080F82010816A00291CD0BDE8F05F0847C2
:10233000FFE70825A5401D4214D0120712D50A68F0
:1023400022F00E020A6090F84020C36B012101FACE
:1023500002F25A60816380F82110002180F8201079
:10236000016BE0E7BDE8F09F080002401C0002405E
:102370003000024044000240580002406C0002401D
:10238000080402401C04024030B560B11A4B0168D9
:102390001422994209D2194B0B44B3FBF2F292007A
:1023A0000264174A0AE0012030BD134B5B420B4424
:1023B000B3FBF2F2920002640F4A083AC2630222AF
:1023C00080F821200A6843F6F0739A43F0E901345B
:1023D0002343D0E902452C43234304692343446942
:1023E00023438469234313430B600021416301228B
:1023F00042770177084630BD08040240F8FFFDBF70
:102400000000024070B5044690F820000025012825
:102410000CD0012084F8200094F821600020012EC7
:1024200006D084F820000225284670BD022070BD29
:10243000022684F82160A0632068066826F0010661
:1024400006602046FFF700FAE06A0028206801686D
:1024500002D041F00E0106E021F004010160206885
:10246000016841F00A0101602068016841F0010142
:102470000160D9E770B5044600F010F90546601C0C
:1024800002D004480078044400F008F9401BA04240
:10249000FAD370BD440000202DE9F84FDFF8C09159
:1024A0000024A9F1040B23464FF00F0809F1040A98
:1024B000ABF1040ECCE00127A7403A40BA4272D1FA
:1024C000DFF8A0C14D68A5EB0C0665452BD00DDCEF
:1024D000032D34D005DC35B3012D19D0022D2FD1B9
:1024E0001BE0112D16D0122D2AD119E0B6F5881F48
:1024F00019D006DCB6F5803F15D0B6F5801F1FD188
:1025000011E0B6F5001F0ED0B6F5041F18D10AE091
:10251000CB6815E0CB681B1D12E0CB6808330FE0D9
:10252000CB680C330CE08B682BB1012B4FF0080308
:1025300003D0476104E0042302E0076100E00023C8
:10254000FF2A01D8064601E000F104064FEA84059F
:1025500001D9A5F12005376808FA05FC27EA0C0720
:1025600003FA05F547EA050737604D68ED006ED5BB
:102570003D4DAE6946F00106AE61AD6924F003063B
:1025800005F001050095394D7719BE68A5072D0F97
:1025900008FA05FC26EA0C06DFF8D4C0604503D132
:1025A0004FF0000C25E052E0DFF8C8C0604502D1D2
:1025B0004FF0010C1DE0DFF8C0C0604502D14FF0C4
:1025C000020C16E0DFF8B4C0604502D14FF0030CF6
:1025D0000FE0DFF8ACC0604502D14FF0040C08E01A
:1025E000DFF8A0C0604502D14FF0050C01E04FF0CC
:1025F000060C0CFA05FC4CEA060CC7F808C04D683E
:10260000D9F80060ED024D4601D5164300E096432F
:102610002E604D68DAF80060AD02554601D51643CC
:1026200000E096432E604D68DBF80060AD035D4628
:1026300001D5164300E096432E604D68DEF8006039
:10264000ED03754601D5164300E096432E60641CE9
:102650000A6832FA04F57FF42EAFBDE8F88F000067
:102660000804014000001110001002400000014069
:1026700000080140000C014000100140001401401E
:1026800000180140001C01408068084000D0012073
:1026900070470AB1016170470904FBE7014880688F
:1026A000704700004400002002488168027811440D
:1026B0008160704744000020074810B5016841F070
:1026C00010010160032000F095F80F2000F006F8DB
:1026D00000F03EF8002010BD0020024000B5014689
:1026E00087B00022192000F065F8192000F054F896
:1026F0001348816941F400618161806905A900F492
:1027000000600690684600F0F9F900F027FA0D49DC
:102710000D4AB0FBF1F10D48491E0260416040F2E4
:10272000E7320021C0E90321816000F06FFF10B1A2
:10273000012007B000BD054800F0E4FFF9E7000004
:102740000010024040420F00002C014064040020B1
:102750000F4808B5816941F001018161816901F08B
:1027600001010091C16941F08051C161C06900223D
:1027700000F0805000900F21901E00F01BF80549DA
:10278000486820F0E06040F00070486008BD00003C
:102790000010024000000140002809DB00F01F0289
:1027A000012191404009800000F1E020C0F80011B3
:1027B00070470000F0B40E4B1B68C3F30223C3F153
:1027C0000704042C00D904241D1D072D01D2002369
:1027D00000E0DB1E012606FA04F56D1E0D409D404B
:1027E0009E40761E164045EA0601F0BC03F030BA62
:1027F0000CED00E0064A00F0070110684FF6FF03F9
:10280000184040EA01200349084310607047000067
:102810000CED00E00000FA05014901200862704754
:1028200000000E4210B501460020284C04292FD08C
:102830000BDC012930D0022929D100F08FF9616821
:10284000C1F38131491C49001FE0082920D010291B
:102850001DD161682268D20119D51D48C1F3834298
:10286000C903805C0AD56168194AC1F34041921ED0
:10287000515C184AB2FBF1F1484301E01649484364
:102880006168490203D440000321B0FBF1F010BDA0
:10289000BDE8104000F072B9216AC1F30122012A9B
:1028A00003D1890701D5D00310BD022A05D1616A81
:1028B000890702D549F6404010BD032AFCD12168A2
:1028C0008903F9D54FF2244010BD000000100240EA
:1028D000DC94000800127A0000093D002DE9F8435D
:1028E00004460078344FC00752D0F8690025C00074
:1028F00008D4F86940F08050F861F869012500F0CB
:10290000805000902D480168C90511D401688046A7
:1029100041F480710160FFF7C1FE064604E0FFF755
:10292000BDFE801B642822D8D8F80000C005F6D56B
:10293000386A10F4407020D0A18801F440718142BF
:102940001BD0386A1E49012220F440700A60002220
:102950000A603862C00710D0FFF7A0FE064641F2B9
:10296000883807E0FFF79AFE811B414502D9032012
:10297000BDE8F883386A8007F4D5386A616820F4C6
:102980004070084338621DB1F86920F08050F8614A
:102990002078800705D57868A16820F44040084376
:1029A00078602078C00605D57868616920F48000D9
:1029B000084378600020DBE7001002400070004010
:1029C000400442422DE9F0470D46040067D0DFF88D
:1029D0001881D8F8000000F00700A8420CD2D8F8FF
:1029E000001021F007012943C8F80010D8F80000B2
:1029F00000F00700A84252D120683C4E810712D552
:102A0000400703D5706840F4E060706020780007EC
:102A100003D5706840F4605070607068A16820F061
:102A2000F000084370602078C00727D06068012854
:102A300010D03168022810D0890700292FDA716878
:102A400021F0030101437160FFF728FE074641F2C0
:102A500088390CE031688903EFE78901EDE7FFF77A
:102A60001DFEC11B494502D90320BDE8F0877068EF
:102A7000616800F00C00B0EB810FF0D1D8F80010C5
:102A8000404601F00701A9420BD9016821F0070176
:102A900029430160006800F00700A84201D001202E
:102AA000E3E72078400705D57068E16820F4E0602E
:102AB000084370602078000706D57068216920F40B
:102AC000605040EAC100706000F058F87168084A30
:102AD000C1F30311515CC84006490860064800680C
:102AE000FFF7FCFD0020C0E700200240001002407C
:102AF000EC94000850000020480000200F220260E3
:102B00000C4A536803F003034360536803F0F00377
:102B10008360536803F4E063C36052684FF4E0637A
:102B200003EAD20202610448006800F0070008606E
:102B30007047000000100240002002400448054990
:102B400000684968044AC1F30221515CC8407047DB
:102B50005000002000100240FC9400080448054981
:102B600000684968044AC1F3C221515CC8407047FB
:102B70005000002000100240FC9400080E4B5968E1
:102B80000E4801F00C02042A11D0082A0FD10C487B
:102B9000C1F38342C903805C0AD55968084AC1F36E
:102BA0004041921E515C054A5043B0FBF1F0704722
:102BB00004494843704700000010024000127A00A8
:102BC000CA94000800093D002DE9F84F04006FD0B9
:102BD0002078BE4DC00747D06868C0F38100012847
:102BE00007D06868C0F38100022809D16868C00373
:102BF00006D52868800337D560680028E7D033E021
:102C00006068B0F5803F0BD010B1B0F5A02F11D0A7
:102C1000286820F480302860286820F4802002E0B2
:102C2000286840F480302860606888B1FFF736FD7E
:102C3000064609E0286840F480202860F0E7FFF7A6
:102C40002DFD801B642873D828688003F7D50BE01E
:102C5000FFF724FD064604E0FFF720FD801B6428F3
:102C6000F1D828688003F7D42078DFF864828007E1
:102C70004FF0010A4FF0000939D5686810F00C0FC9
:102C800007D06868C0F38100022809D16868C003D2
:102C900006D42868800714D52069012808D110E0DF
:102CA0002069B0B1C8F800A0FFF7F8FC064605E0BF
:102CB00007E1FFF7F3FC801B0228C4D828688007CF
:102CC000F7D52868616920F0F80040EAC100286063
:102CD0000DE0C8F80090FFF7E1FC064604E0FFF7BE
:102CE000DDFC801B022823D828688007F7D42078D1
:102CF00000072CD57748A169D9B1C0F800A0FFF72B
:102D0000CDFC064604E0FFF7C9FC801B02280FD863
:102D1000686A8007F7D570484FF4FA510068B0FB35
:102D2000F1F0009000BF0098411E0091FAD20EE031
:102D30007CE0C0F80090FFF7B1FC064604E0FFF726
:102D4000ADFC801B022871D8686A8007F7D4207810
:102D500040075BD5E8690027C00008D4E86940F067
:102D60008050E861E869012700F0805000905B48DE
:102D70000168C90511D40168834641F4807101607E
:102D8000FFF78CFC064604E0FFF788FC801B6428F4
:102D90004CD8DBF80000C005F6D5E06801280AD061
:102DA00008B1052813D0286A20F001002862286A9B
:102DB00020F0040002E0286A40F001002862E06888
:102DC00041F2883B88B1FFF769FC064609E0286AB2
:102DD00040F004002862EEE7FFF760FC811B5945D4
:102DE0005BD8286A8007F7D50BE0FFF757FC06464B
:102DF00004E0FFF753FC811B59454ED8286A800731
:102E0000F7D41FB1E86920F08050E861E069A8B309
:102E10006968C1F38101022946D00228484606D0DC
:102E2000C8F86000FFF73AFC044639E035E0474651
:102E3000C8F86000FFF732FC064604E0FFF72EFCFE
:102E4000801B022829D828688001F7D4206AB0F5B1
:102E5000803F05D16868A16820F4003008436860AD
:102E6000D4E908010843696821F4741108436860D3
:102E7000C7F860A0FFF712FC044605E023E0FFF767
:102E80000DFC001B022808D828688001F7D51AE03D
:102E9000FFF704FC001B022802D90320BDE8F88FCD
:102EA00028688001F4D40EE00128F7D06868226A0F
:102EB00000F48031914204D1616A00F470108842BC
:102EC00001D00120EAE70020E8E7000000100240FE
:102ED0000000424280044242500000200070004046
:102EE000F8B505004FF0000016460C46009006D0DD
:102EF0002CB100226946284600F019F808B10120DB
:102F0000F8BD287B2070E87BE070697B6170A97B4D
:102F1000A17056B101F0BDFEE070607801F0B9FE1D
:102F20006070A07801F0B5FEA0700020F8BD2DE91A
:102F3000F04791460C465FEA00084AD084B3D8F8BF
:102F400000004068400744D4404601F03FFF4FF482
:102F50006162B0FBF2F10546B0FBF2F002FB1053E8
:102F60003C20B3FBF0F36370B5FBF2F302FB1352AA
:102F7000B2FBF0F300FB1320A070182931D3182006
:102F8000B1FBF0F6B1FBF0F200FB121020704046EE
:102F900001F015FF411C04D0A84202D9471B02E0F2
:102FA00017E04FF0FF37A6EB061000EB4000C0EB38
:102FB000001005EBC0152946404601F056FF40B908
:102FC000781C01D0791900E03946404601F039FFFC
:102FD00010B10120BDE8F0873146404601F064FEA3
:102FE00000E02170B9F1000F0BD0207801F051FE04
:102FF0002070607801F04DFE6070A07801F049FE0D
:10300000A0700020E6E7000070B5040003D0607CEB
:10301000002610B105E0012070BD2674204600F0A6
:103020003DF802206074204600F00CF9042550BBE6
:10303000204601F090FE30BB2068416821F0070176
:103040004160A06820B11448016821F001010160CD
:103050001148001F0168A26821F4607111430160EA
:103060006068411C04D10120FFF7DCFB58B1401E11
:103070002268C0F303419160216880B2C860204695
:1030800001F083FE08B16574C5E7E6730120607343
:10309000A0736074002070BD306C004008B50068FB
:1030A000084988420DD1FFF7B7FB0748C16941F0D5
:1030B0000061C161C069054900F000600090012015
:1030C000086008BD00280040001002403C04424255
:1030D0002DE9F0410D4604003BD0C5B3207C01280A
:1030E0003AD04FF0010884F8108002206074E8782C
:1030F00072B301F0C5FDE073687801F0C1FD607343
:10310000A87801F0BDFDA073C2B2617BE07B01F045
:103110006DFE20732870204601F058FE4FF4616167
:10312000B0FBF1F1002518292DD91822B1FBF2F1DD
:10313000A1EB011101EB4101C1EB011100EBC11643
:103140003146204601F091FE0427C8B90BE000E0AB
:1031500004E00120BDE8F0810220FBE7E07368781D
:103160006073A878CFE7204601F029FE411C0AD001
:10317000B04208D206490144204601F062FE10B177
:1031800067742574E5E784F8118025740020E1E771
:10319000805101002DE9F0410D46040024D01DB3FB
:1031A000207C012823D04FF0010884F810800220F1
:1031B0006074F2B1287801F063FD4FF4616100FBA7
:1031C00001F6687801F05CFDC0EB001006EB8006AC
:1031D000A87801F055FD35182946204601F045FE36
:1031E0000026042718BB10E00120BDE8F081022072
:1031F000FBE729784FF4616041436878C0EB001029
:1032000001EB8000A9784518E6E72068416821F0C5
:1032100005014160204601F0D2FD411C0AD0A842C0
:1032200008D207490144204601F00BFE10B1677433
:103230002674D9E784F8118026740020D5E70000B1
:103240008051010070B504000AD02068416821F067
:1032500008014160FFF722FA05464FF47A7608E04C
:10326000012070BDFFF71AFA401BB04201D90320BC
:1032700070BD206840680007F4D5002070BD70B5AF
:10328000040009D0606A002540B125616561A5622E
:1032900094F8510040B10CE0012070BD6068B0F5B9
:1032A000827FF4D0E561F2E784F85050204600F0C8
:1032B0003FF8022084F851002068016821F04001A5
:1032C0000160A088218900F4827001F40441084360
:1032D000A18901F400610843217C01F00201084347
:1032E000217D01F001010843218B01F400710843A5
:1032F000217F01F03801084394F8201001F080018B
:103300000843218D01F40051084321680860A06939
:10331000042101EA1040216848602068C16921F455
:103320000061C1616565012084F85100002070BD15
:1033300030B585B000240094019402940394006891
:103340001549884225D11548C16941F48041C161C0
:10335000C16901F480410491816941F008018161F2
:1033600080690F4D00F0080004904FF42040009059
:10337000022001900320039069462846FFF78CF84D
:103380004FF48040CDE90004694628460294FFF7D7
:1033900083F805B030BD0000003800400010024046
:1033A000000C01402DE9FF4F81B0044690F8500019
:1033B000012500270E9E9846934601280FD0AA4665
:1033C00084F850A0FFF76AF994F8511081466268BA
:1033D000404601290DD0B2F5827F08D103E00220DA
:1033E00005B0BDE8F08FA2680AB9042901D0022710
:1033F000C7E00299002968D0BBF1000FFBD0B8F1FB
:10340000000FF8D094F85110042902D0052184F857
:10341000511000216165C4F838B0A4F83E80A4F8CA
:103420003C80029A2263A4F83680A4F83480216498
:10343000616421680A68520603D40A6842F04002B7
:103440000A60E168B1F5006F616803D0E1B301285B
:1034500043D07AE009B1012838D1206B2168008877
:10346000C860206B801C2063E08E401EE0862DE04B
:103470002068816889070DD5E18E59B1012D09D1E8
:10348000216B0988C160206B801C2063E08E401E88
:10349000E086002520688168C9070BD0E18F49B11B
:1034A000C068A16B0880A06B801CA063E08F401EE9
:1034B000E0870125FFF7F2F8A0EB0900B04205D341
:1034C000701C03D003275AE007E056E0E08E002886
:1034D000CED1E08F0028CBD13DE0206B2168007871
:1034E0000873206B401C2063E08E401EE0862CE0B9
:1034F0002068816889070DD5E18E59B1012D09D168
:10350000216B09780173206B401C2063E08E401E04
:10351000E086002520688168C9070BD0E18F49B19A
:10352000C068A16B0870A06B401CA063E08F401EB8
:10353000E0870125FFF7B2F8A0EB0900B04202D303
:10354000701C02D0BEE7002EBCD0E08E0028CFD188
:10355000E08F0028CCD14A463146204601F0B0FD2C
:1035600018B10127202060650BE0A06818B9206819
:10357000C16880680090606D08B1012701E084F89F
:1035800051A0002084F85000384629E77047704762
:1035900070B590F83C20012A2CD0012580F83C50D1
:1035A000022280F83D2002685368946823F0700678
:1035B0000B6833435360104B02689A420ED00F4B96
:1035C0009A420BD0B2F1804F08D00D4B9A4205D0F1
:1035D0000C4B9A4202D00C4B9A4204D1496824F019
:1035E00080031943916080F83D50002180F83C1021
:1035F000084670BD022070BD002C0140003401401F
:103600000004004000080040000C004010B5040019
:1036100003D094F83D0010B107E0012010BD002058
:1036200084F83C00204600F01FF8022084F83D009A
:10363000211D206801F01CFF012084F8460084F859
:103640003E0084F83F0084F8400084F8410084F88C
:10365000420084F8430084F8440084F8450084F86C
:103660003D00002010BD000000B585B00021009194
:103670000191029103911E4A01681E48914217D19F
:10368000C16941F00201C161C16901F00201049107
:10369000816941F0200181618069694600F0200064
:1036A0000490042000901448FEF7F6FE05B000BD1B
:1036B000124A914208D1C16941F00401C161C06957
:1036C00000F004000490F1E70D4A9142EED1C16987
:1036D00041F00801C161C069002200F008000490B7
:1036E00001213220FFF766F83220FFF755F8DDE7B9
:1036F0000004004000100240001401400008004097
:10370000000C004090F83D10012901D001207047C5
:10371000022180F83D100168CA6842F00102CA60C7
:1037200000680E4988420ED00D4988420BD0B0F196
:10373000804F08D00B49884205D00B49884202D0FF
:103740000A49884204D1816801F00701062903D0A3
:10375000016841F00101016000207047002C014028
:10376000003401400004004000080040000C00400C
:1037700070B5044690F83C000025012817D00126BA
:1037800084F83C60022084F83D002068826822F0C2
:10379000770222F47F4282600868502838D00DDC1E
:1037A00020284FD005DC90B3102811D14AE0022028
:1037B00070BD302846D040280AD13BE060282FD089
:1037C00070280DD0B0F5805F03D0B0F5005F12D047
:1037D000012584F83D60002084F83C00284670BD37
:1037E000CB68D1E90121206801F088FE206881685A
:1037F00041F0770109E0CB68D1E90121206801F0AF
:103800007DFE2068816841F480418160E1E719E034
:10381000CA684968206801F08BFF5021206806E0E3
:10382000CA684968206801F094FF6021206801F0AF
:103830006FFECEE7CA684968206801F079FF402131
:103840002068F4E7226801461046F0E7704770B53B
:103850000446006801694FF00005C943890715D483
:10386000C168C943890711D4E91E0161012020778D
:10387000206880698007204602D0FFF7E7FF04E058
:1038800000F0BEF8204600F050F925772068016965
:10389000C943490717D4C168C943490713D46FF016
:1038A00004010161022020772068806910F4407FC4
:1038B000204602D0FFF7CAFF04E000F0A1F820463E
:1038C00000F033F9257720680169C943090716D448
:1038D000C168C943090712D46FF0080101610420CF
:1038E00020772068C0698007204602D0FFF7AEFF2E
:1038F00004E000F085F8204600F017F925772068ED
:103900000169C943C90617D4C168C943C90613D49C
:103910006FF010010161082020772068C06910F461
:10392000407F204602D0FFF791FF04E000F068F8E6
:10393000204600F0FAF8257720680169C943C907D5
:1039400008D1C168C943C90704D1891E0161204655
:1039500000F0ECF820680169C943090609D4C16880
:10396000C943090605D46FF0800101612046FFF7C5
:103970000DFE20680169C943490609D4C168C943DD
:10398000490605D46FF040010161204600F001F9BD
:1039900020680169C94389060BD4C168C9438906F7
:1039A00007D46FF0200101612046BDE87040FFF7A9
:1039B000EEBD70BD00B585B000210091019102916E
:1039C000039100680B49884211D10B48816941F08D
:1039D000040181618069694600F004000490402080
:1039E00000900220019003900448FEF755FD05B0B9
:1039F00000BD00000004004000100240000801402B
:103A0000704770B5044690F83C0000260D4601282A
:103A10000FD0012084F83C006AB1042A1DD0082A86
:103A20002FD00C2A3FD00126002084F83C003046DD
:103A300070BD022070BD206801F072FD20688169B0
:103A400041F0080181612068816921F004018161F0
:103A5000206881692A69114311E0206801F090FD16
:103A60002068816941F4006181612068816921F4E5
:103A700080618161206881692A6941EA022181614E
:103A8000D2E7206801F0B2FD2068C16941F0080169
:103A9000C1612068C16921F00401C1612068C16968
:103AA0002A69114311E0206801F0D4FD2068C16942
:103AB00041F40061C1612068C16921F48061C16184
:103AC0002068C1692A6941EA0221C161ACE710B5E9
:103AD000040003D094F83D0010B107E0012010BDB0
:103AE000002084F83C00204600F01EF8022084F8F4
:103AF0003D00211D206801F0BBFC012084F8460038
:103B000084F83E0084F83F0084F8400084F84100C7
:103B100084F8420084F8430084F8440084F84500A7
:103B200084F83D00002010BD7047704700680349CD
:103B3000884201D1FEF7B8BD70470000002C01405B
:103B400070B5044690F83C00012810D0012584F897
:103B50003C50022084F83D00204601F0A3FD0021E6
:103B600038B184F83D5084F83C10012070BD02202B
:103B700070BD2068C26822F04002C2602068C2683E
:103B800022F48042C26084F83D5084F83C1000204A
:103B900070BD70477047000003480068C16841F07D
:103BA0002001C160704700001C04002010F8411F74
:103BB0004078084370470000F8B50168044608687B
:103BC000CA684B6910F00F0F4FF0000559D003F091
:103BD000010602F49077374365D0C10705D0D105BF
:103BE00003D5616C41F001016164410705D5D90736
:103BF00003D0616C41F002016164810705D5D907EA
:103C000003D0616C41F004016164010707D502F043
:103C10002001314303D0616C41F008016164616CA3
:103C200000293AD0800604D5900602D5204601F03E
:103C3000E2FE20684069616CC0F38010090700D47F
:103C400060B3204601F0B0FE20684069400621D5EF
:103C50002068143050E8001F21F0400140E80012B5
:103C6000002AF5D1E06BA8B16D494163E06BFEF726
:103C7000CFF9002811D0E06B416B01B0BDE8F040F6
:103C8000084783060FD593060DD52046BDE8F840BA
:103C900001F0B1BE2046FFF77FFFF8BD2046FFF7D9
:103CA0007BFF6564F8BD266B2023012E7CD1C60600
:103CB0007AD5D60678D508684868009048694FF0EC
:103CC0000206400640D5E16B086840680004000C1D
:103CD000E8D0A28D8242E5D9E085886920282DD0E0
:103CE00020680C3050E8001F21F4807140E8001279
:103CF000002AF5D12068143050E8001F21F001019E
:103D000040E80012002AF5D12068143050E8001F66
:103D100021F0400140E80012002AF5D184F8423039
:103D2000256320680C3050E8001F21F0100140E8A6
:103D30000012002AF5D1E06BFEF746F96663A08D0C
:103D4000E18D401A81B22AE0A08DE18D401A81B246
:103D5000E08D0028A6D00029A4D020680C3050E8BF
:103D6000002F22F4907240E80027002FF5D1206840
:103D7000143050E8002F22F0010240E80027002F05
:103D8000F5D184F84230256320680C3050E8002FCC
:103D900022F0100240E80023002BF5D16663204694
:103DA000FFF7F8FEF8BDFFE705062BD5150629D568
:103DB00094F841002128F5D1A068B0F5805F01D1C9
:103DC0002069B0B1206A411C2162216800784860F6
:103DD000E08C401E0004000CE084E3D12068C16840
:103DE00021F08001C1602068C16841F04001C160DC
:103DF000D8E7206A0088C0F308004860206A801C69
:103E00002062E5E74006CDD55006CBD5CA682046EE
:103E100022F04002CA6084F8413000F006F9C1E7A0
:103E20009959000870B5040004D094F841000025A9
:103E300010B106E0012070BD84F84050204600F02B
:103E400023F8242084F841002068C16821F400513F
:103E5000C160204601F030FE2068016921F49041E4
:103E600001612068416921F02A0141612068C1682F
:103E700041F40051C1606564202084F8410084F859
:103E800042006563002070BDF0B585B00024009449
:103E900001940294039400682D4F2E4902230322BB
:103EA0002D4E2E4DB84225D1C86940F40030C8616E
:103EB000C86900F400300490886940F020008861EF
:103EC0008869694600F0200004902020CDE90003B5
:103ED00003923046FEF7E0FA4020CDE9000469463F
:103EE00030460294FEF7D8FA686840F0E06040F08F
:103EF000080029E01A4FB84227D1C86940F4802051
:103F0000C861C86900F480200490886940F02000EE
:103F100088618869694600F020000490B815CDE9F1
:103F2000000303923046FEF7B7FA7815CDE9000496
:103F3000694630460294FEF7AFFA686820F0300018
:103F400040F0E06040F03000686005B0F0BD000077
:103F500000440040001002400014014000000140F5
:103F60000048004010B5044600680749884209D15E
:103F70000648FFF71BFE2028FAD12068C16841F0EF
:103F80002001C16010BD0000004800401C0400205A
:103F90002DE9F843044690F841001F4615460E46A9
:103FA000202802D00220BDE8F8837EB175B1002040
:103FB0006064212084F84100FEF770FBA5848046F0
:103FC000E584A068B0F5805F02D003E00120EAE755
:103FD000206910B1354600260EE000250CE0802156
:103FE000204601F0C5FDA0B9ADB115F8010B21685F
:103FF0004860E08C401EE084E08C43464FF00002B5
:1040000000970028EBD14FF04001204601F0B0FDB1
:1040100030B10320C7E736F8020BC0F30800E6E72B
:10402000202084F841000020BDE77047FEE7000033
:10403000044B20B1012280211846FEF72ABB002242
:10404000F9E7000000100140044B20B1012280215B
:104050001846FEF71EBB0022F9E7000000100140E1
:1040600070B505460C46808CFCF76EFB2066688FA9
:10407000E087A88FA4F84000E88FA4F84200288FBA
:10408000A08795F8400084F8690095F8360084F818
:104090006A0094F89A000A4E800702D5B6F86800C4
:1040A00000E06889FCF750FBE064FCF789FB708155
:1040B000A87994F86C1060F3861184F86C1070BDC8
:1040C000CC0500202DE9F041054611F01F000C46FB
:1040D00002F01F01C0F12007C2F3471688460FD037
:1040E0007EB1D01BC0F3471600F01F0847B33A4615
:1040F0002146284602F01CFEE01984B23D441FE030
:104100004EB90A460EE020222146284602F010FE53
:104110002034A4B22035761EF6B2F4D2B8F10000F5
:1041200012D0024621462846BDE8F04102F000BE0A
:1041300020222146284602F0FBFD2034A4B220357F
:10414000761EF6B2F4D2E9E7BDE8F081FEB50024B0
:1041500022480094019420490294016089158160ED
:10416000012505730475042606614FF4602144603F
:10417000C161FDF7C9FD08B1FDF73AFC07200094C5
:10418000CDE9015069461548FDF7CEFC08B1FDF7B1
:104190002FFC0220CDE9005069461048FDF7C4FC11
:1041A00008B1FDF725FC0320CDE9006069460B4806
:1041B000FDF7BAFC08B1FDF71BFC0520CDE90006B0
:1041C00069460648FDF7B0FC08B1FDF711FC03484D
:1041D000FDF73CFCFEBD0000002401401C02002055
:1041E000054808B5416941F001014161406900F0AD
:1041F0000100009008BD00000010024010B5244BE3
:1042000000220121234803F087F9234C606338B171
:104210004FF47A7103F0C2F910B120A001F008FD4B
:104220001B4A0221183A042003F086F82063214A31
:104230000021214803F01EF91E4A6061243200214A
:104240001E4803F017F91B4AA061483200211C48A0
:1042500003F010F9174AE0616C320021194803F0AD
:1042600009F90B4A2062843A0021174803F002F949
:10427000074A6062603A0021144803F0FBF8044AE0
:10428000A0623C3A0021124803F0F4F8E06210BD4D
:10429000B8940008010C000800000020206F73543F
:1042A000696D65725374617274206661696C6564CE
:1042B00021000000A4930008715200087550000806
:1042C0006D700008290E0008454C0008F94A0008E6
:1042D000E11000082DE9F04F85B000244648009415
:1042E000019402940394816941F0400181618169E4
:1042F00001F040010491816941F0100181618169FF
:1043000001F010010491816941F00401816181692A
:1043100001F004010491816941F008018161816922
:1043200001F008010491816941F0200181618069F7
:10433000DFF8C89000F02000049000225F2148467A
:10434000FEF7A7F901224FF4C0614846FEF7A1F934
:10435000DFF8ACA04FF48058002241465046FEF7EB
:1043600098F9DFF8A0B00022C0215846FEF791F975
:1043700040F21F2001250226CDE90005CDE90246C5
:1043800069464846FEF788F84027CDE90075CDE933
:10439000025669464846FEF77FF8A802CDE90005B7
:1043A000CDE9025669464846FEF776F8CDF800801A
:1043B0000396CDE9015469465046FEF76DF84FF477
:1043C0009260CDE9000469460F480294FEF764F854
:1043D000CDE90075CDE9025669465846FEF75CF80E
:1043E00080208DE86100694658460396FEF754F830
:1043F00005B0BDE8F08F0000001002400018014039
:10440000000C014000100140001401401CB50024C4
:1044100017480094154901940160611EC0E9011418
:10442000FEF7F2FD08B1FDF7E3FA8DF800408DF8D4
:1044300001408DF80240012269460D48FEF7AAFEB0
:1044400008B1FDF7D5FA01208DF804008DF80500BC
:104450008DF8060002468DF8074001A90448FEF7D2
:1044600037FE002801D0FDF7C3FA1CBD002800402C
:1044700090020020104810B50E4901604FF482717F
:10448000416000218160C1604FF400720161C0E9A8
:1044900005123822C0E90721416281620A21C16206
:1044A000FEF7EDFE08B1FDF7A3FABDE81040FF20CE
:1044B00000F0F6BD00380040A402002010B58EB018
:1044C00000240794089409940A940B941C216846CC
:1044D0000C94FBF7BEFE21481F4901604721C0E94B
:1044E000011440F2E731C0E9031480218161FFF734
:1044F0008DF808B1FDF77CFA4FF40050CDE90704C0
:10450000099407A915480A94FFF732F908B1FDF795
:104510006FFA1248FFF7DBFA08B1FDF769FA40209D
:10452000CDE90B040BA90D48FFF732F808B1FDF7F0
:104530005FFA6020CDE90004029400226946074832
:104540000494FFF75EFA08B1FDF752FA0348FFF74B
:1045500031FA0EB010BD000000040040FC02002043
:1045600010B586B000241848009401940294039476
:1045700004941449059401604721C0E9011440F2F4
:10458000E731C0E9031480218161FFF73FF808B1EA
:10459000FDF72EFA4FF48050009069460A48FFF765
:1045A000E7F808B1FDF724FA049404A90648059435
:1045B000FEF7EEFF08B1FDF71BFA0348FFF7A2F87C
:1045C00006B010BD000C00408C0300200C4810B554
:1045D0000A4901604FF416514160002181600C22AC
:1045E000C160C0E904128161C161FFF71BFC0028B2
:1045F00003D0BDE81040FDF7FBB910BD00440040FA
:10460000D4030020FEE7FEE72DE9F04F0446B0F9A1
:10461000020087B08246B4F90670FCF79AF80546A6
:104620000E46D4E90401FBF771FE20F00040FCF7D0
:10463000FAF82A463346FCF721F903D26069206272
:10464000E06142E094F82D904846FCF77DF8804602
:1046500000903846FCF76FF8834666695D46304641
:10466000E169FBF753FE2946FBF756FE4146FBF78F
:1046700053FE05465846216AFBF74EFE2946FBF7D6
:10468000F3FDB4F9005080462846DDF800B0FCF791
:1046900052F83146FBF740FE5946FBF73DFE4146D6
:1046A000FBF7E2FD804605FB0970FCF744F8014684
:1046B0004046FBF763FE6E49884202DA6D49884244
:1046C00001D3216200E02062E6615046FCF733F836
:1046D00083465D46216A2069FBF718FE2946FCF7F0
:1046E0000BF904D84FF47A70208100200AE05D466F
:1046F0002169206AFBF70AFE2946FCF7FDF805D878
:1047000000202081E06007B0BDE8F08FD4E90410FC
:10471000FCF7E8F827D205219AFBF1F0FCF70BF83B
:104720000746D4E90401FBF7F1FD3946FCF7E4F84C
:1047300019D225695E462846216AFBF7E7FD8046C7
:1047400039463046FBF7E2FD074628466169FBF72C
:10475000DDFD3146FBF7DDFD4146FBF7DDFD39466A
:10476000FBF70CFE03E0216A2069FBF7CFFD94F80C
:104770003010890700D400203F4E3146FBF7CCFDB6
:1047800007465D46B4F90000FBF7D5FF3946FBF755
:10479000C3FD2946FBF7F2FD0546E068FBF7CBFFBA
:1047A0002946FBF761FDFBF7F2FFE060002801DA24
:1047B0000020E060B4F9048090FBF8F0FBF7BBFF49
:1047C000DFF8B89005462F46C9F81400B04205DB63
:1047D0004FF47A7108FB01F03546E060D4F820A070
:1047E00020695146FBF792FD2349FBF795FD594699
:1047F000FBF7C4FD0646C9F81000D9F80C00401CB0
:10480000C9F80C0006903846FCF70DF88346304690
:104810000091FCF708F8814688465046FCF703F8FB
:1048200082460F466069FBF7FEFF009BCDF800A0B3
:10483000CDE904B3CDF80C80CDE9017902460B46F1
:104840000FA0069901F0F4F931462846FBF70CFD5C
:1048500010F1FF4F01D3002007E00749884202DD35
:104860004FF47A7001E0FBF792FF20814BE70000E4
:1048700000C0DA450000FAC300007A443801002085
:1048800025642C252E31662C252E3166202C252ED4
:104890003166202C252E31660D0A000002460120CB
:1048A000B12A0DD8C2EBC203064A02EB8302B2F969
:1048B0000230B2F90420994200DA0020914200DD72
:1048C000002070474C97000870B54FF440742146A3
:1048D000002002F0C5FC05462146002002F0C0FC85
:1048E0000446002D45D0002C43D0002034F8101091
:1048F000C94325F81010401CB128F7D94FF4B276FF
:1049000032460021284602F0D8F9324600212046DE
:1049100002F0D3F958B10021084635F8102034F8D8
:1049200010309A4207D013A001F082F9DDE717A0FA
:1049300001F07EF913E0401CB128EED90029D4D152
:10494000184A194B194E002034F8101022F8101094
:1049500023F8101026F81010401CB128F4D929466D
:10496000002002F061FC2146BDE87040002002F00A
:104970005BBC70BD5061724C6F61642045727253B4
:1049800074203D20313B2121210D0A005061724CE1
:104990006F61642072656164206661696C21212108
:1049A0000D0A0000CC05002032070020CA080020B4
:1049B0002DE9F8430546B1282CD21748174F4580FA
:1049C0004FF6FF7007EB450800EA450631464046C2
:1049D0000222FFF777FB37F81500C043ADF800005F
:1049E0000524082002F052FC31460222684602F0FB
:1049F00064F958B1641EF4D5BDF8000037F81510FD
:104A0000884207D006A001F013F9DFE70DA001F0FE
:104A10000FF9F1E7BDE8F8839A010020CC050020EA
:104A2000506172582E7556616C20213D2050617284
:104A30005461625B506F735D2E7556616C2121214C
:104A40000D0A0000506172536176652072656164E1
:104A5000206661696C2121210D0A00002DE9F041D9
:104A60002048214E042430F8141036F814209142C6
:104A700034D020F81420A0B2FFF79AFF00271B4D76
:104A8000042C0AD0052C1BD0312C04D1184819490C
:104A9000B0F862000880BDE8F08115F89C0F20F0A6
:104AA000010005F888093089FBF74EFE2968FBF7FD
:104AB0002DFC68616F7785F859702F76AF67EAE74C
:104AC0007089FBF741FE55F8501FFBF71FFC68612A
:104AD0006F7705F81F7CEF632F76DCE7641CB12C41
:104AE000C1D3D8E7CA08002032070020E00A00201E
:104AF000CC05002030010020002002F015FB00F062
:104B0000BBFB044901204880FFF7A8FFC82002F042
:104B1000BDFBF9E7CC0500202DE9F05F464A0C46C5
:104B20004FF01E0A506001880546B1FBFAF30AFBFC
:104B30001310424E5080F188002966D06988002900
:104B400063D0B6F86C10814272D32889C4F8900003
:104B50009346E888FBF7F8FD216DFBF7DAFBDFF8F9
:104B6000E0804146FBF7D8FB0746A888FBF7ECFD41
:104B70006169FBF7CEFB4146FBF7CEFB8046B146B1
:104B8000F08CFBF7F7FD05460E4627F00040FBF7DB
:104B90004AFE2A463346FBF759FE42D84D46B9F83D
:104BA0002800FBF7E7FD06460F4628F00040FBF71C
:104BB0003AFE32463B46FBF749FE32D894F89B005A
:104BC00040F0010084F89B00DBF80400D4F88C204E
:104BD0000189C1EB0111B2EB810F16D30026C4F895
:104BE0008C600188491C89B2B1FBFAF701800AFB8D
:104BF00017114289914208D94188491E0904090CBC
:104C0000418004D0BBF800100180BDE8F09F14F88B
:104C10009B1F21F0010121700188491E0180EE8057
:104C2000F3E714F89B0F20F001002070EDE7FFE799
:104C300010882880F5E7000030010020CC05002016
:104C4000000020410B4C0A480C4DA0630A486067E5
:104C500094F89A10890704D506492846FFF75CFFA7
:104C600002E00448FCF7C6FE0A2002F00FFBEFE763
:104C700051590008E00A0020314000082E060020AB
:104C8000010901EB810100F00F0000EB4100C0B20F
:104C90007047002102E00A38C0B2491C0A28FAD243
:104CA000090740EA116070472DE9F04104460025EC
:104CB000C07B627BA37B42E0012A16D0032A14D07A
:104CC000052A12D0072A10D0082A0ED00A2A0CD0A2
:104CD0000C2A0AD0042A10D0062A0ED0092A0CD099
:104CE0000B2A0AD0022A0DD028E01F2B0CD30C2A45
:104CF00005D101221346401C20E01E2B04D30123C2
:104D0000521C1BE01C2B02D203F1010316E011D14F
:104D100083B29E0710D16426B3FBF6F706FB173665
:104D200036B94FF4C876B3FBF6F706FB17331BB959
:104D30001D2303E01D2B01D1032201236D1C8D4295
:104D4000BAD3D1B2E0736173DAB2A27300F04EF855
:104D50002073BDE8F08170B50546FDF79FFC044661
:104D60004FF47A7606E0FDF799FC001BB04201D9BA
:104D7000032070BD286840688006F4D52868416823
:104D800041F010014160002070BD70B5054600681B
:104D9000416821F010014160FDF780FC04464FF4AA
:104DA0007A7606E0FDF77AFC001BB04201D90320B9
:104DB00070BD286840688006F4D5002070BD00688A
:104DC000016A406A80B240EA014070470068816928
:104DD0008AB2C1698BB2816989B28A4203D0C06943
:104DE00061F31F40704743EA02407047F0B5642604
:104DF000C1EBC1030925B700072403EB0113032905
:104E0000B3FBF5F100F5FA60114401440AD2401EEB
:104E1000B0FBF6F201EB9001B0FBF7F0891A084401
:104E2000001D08E0B0FBF6F201EB9001B0FBF7F0DB
:104E3000891A0844801CB0FBF4F104FB1100C0B2D5
:104E4000F0BD70B50D4606460024FFF784FF48B953
:104E50003168280C08623168A8B248623046FFF712
:104E600094FF00B10124204670BD70B50D46064682
:104E70000024FFF770FF48B93168280C8861316859
:104E8000A8B2C8613046FFF780FF00B10124204678
:104E900070BD00002DE9F0470026A0F59652594953
:104EA000B12A06D801EB4000A0F54050B0F9806A65
:104EB000A4E0584DA0F20553534FDFF850915448E9
:104EC000554CD5F88C204FF03C0C0F2B70D2DFE8FE
:104ED00003F0080A102A464F6470787B8185888B1E
:104EE0008E00E86F01E0D5F884002146FBF714FA44
:104EF00032E0B1F83601FBF73DFC06460F4621468D
:104F00002869FBF709FAA969FBF700FA20F00040CD
:104F1000FBF789FC32463B46FBF798FC01D8286931
:104F2000E3E7A86918E0B1F83801FBF723FC06466F
:104F30000F462146E86CFBF7EFF9696DFBF7E6F9E0
:104F400020F00040FBF76FFC3B463246FBF77EFC4F
:104F500001D8E86CC9E7686DFBF719FC3CE0B5F9CE
:104F60000000FBF7F6FB04460E46B5F9080007E023
:104F7000B5F93C00FBF7EDFB04460E46B5F94400DD
:104F8000FBF7E7FB3A464B46FBF7DDFA2246334692
:104F9000FBF74BFBFBF728FC1EE080210546FDF7E5
:104FA00073FB044610212846FDF76EFB44EA4006D9
:104FB00024E04FF48061FDF767FB01281ED0012635
:104FC0001CE0B2FBFCF007E0B2FBFCF0B5F890107F
:104FD000081A01E01148008806B20FE0B1F86460D9
:104FE0000CE00F48468C09E0B1F86C6006E00D4813
:104FF0001E210088B0FBF1F201FB1206B0B2BDE841
:10500000F0870000CC0500209A9999999999B93FA9
:1050100000140140E00A002000002041320100207D
:10502000980800203001002070B50D460146A0F51B
:1050300096500D4AB1280ED284B2148129B220466E
:10504000FFF72CFC70B1094820F81450A0F5B3709C
:1050500020F8145006E0A1F5A06188B2044910813F
:1050600021F81050284670BD14010020320700209E
:1050700098080020FFF7CAF9002206490648FDF704
:1050800056FF002205490448FDF72AFF0A2002F0D6
:10509000FDF8F1E738000020900200203B000020DE
:1050A00001B582B04FF47A700090012301AA02A9E1
:1050B0000248FEF777F99DF804000EBDA402002017
:1050C00038B50B46009204460022802100F008F813
:1050D000002804D0606D40F020006065032038BDDA
:1050E0002DE9F8431E46914688460446089DFDF783
:1050F000D5FA401B351AFDF7D1FA07462548006856
:10510000C0F3CB30684338E0701C37D0FDF7C6FAE7
:10511000C01BA84203D215B1009860B32CE02068F0
:10512000416821F0E00141606068B0F5827F0BD1F9
:10513000A068B0F5004F02D0B0F5806F04D12068B0
:10514000016821F040010160A06AB0F5005F09D15B
:105150002068016821F4005101602068016841F471
:1051600000510160012084F85100002084F85000B3
:105170000320BDE8F8830025401E00902068816868
:1051800038EA010004D000204845BDD10020F0E7F6
:105190000120F9E7500000202DE9F05F0C4606469B
:1051A000D4E90410304D314F4FF0C80BFBF7AEF887
:1051B000804696F82800FBF7DDFAA9462A46BA464B
:1051C0003B46FBF7C0F905460F4628F00040FBF7C9
:1051D0002AFB2A463B46FBF739FB0FD894F82C00F4
:1051E0003C2814D984F82CB0012084F8310094F8BC
:1051F0009B0040F0010084F89B0008E094F89B00BD
:1052000020F0010084F89B00002084F82C00D4E9F1
:105210001310FBF77BF8074696F82600FBF7AAFA6F
:105220004A465346FBF78FF905460E4627F00040E5
:10523000FBF7F9FA2A463346FBF708FB0AD894F83D
:1052400068003C2804D984F868B0012084F86D0017
:10525000BDE8F09F14F89B0F20F0010020700020A3
:1052600004F8330CF4E700009A9999999999B93F99
:10527000012002F00BF8FBE770B50024FFF724FBD8
:105280000A4D2888B0F5965F0ED0094EC4EBC400D5
:1052900006EB8000C08825F814002046FFF788FB45
:1052A000641CA4B2B12CF1D370BD0000CC05002069
:1052B0004C97000810B5502080F31188BFF34F8F32
:1052C000BFF36F8F03F062FE18B104494FF08050B6
:1052D0000860002080F3118810BD000004ED00E09C
:1052E00030B595B028216846FAF7B3FF14210AA813
:1052F000FAF7AFFF18210FA8FAF7ABFF05204FF41C
:10530000803100248DE813000120039004904FF4B5
:10531000E010CDE90810022507956846FDF754FC1A
:1053200008B172B6FEE70F20CDE90A054FF48060A0
:10533000CDE90C4002210AA80E94FDF743FB08B109
:1053400072B6FEE703200F904FF4807010904FF478
:10535000404011900FA8FDF7C1FA002801D072B6A5
:10536000FEE715B030BD70470148FEF770BA000087
:105370006404002010B50948FEF769FA0748FEF7F3
:1053800066FA06480068C168C943C90705D1891E85
:105390000161BDE8104002F0FFBC10BD44030020D5
:1053A00010B52E48FEF753FA2D4A00212D4C1088D7
:1053B000401C80B21080B0F57A7F2AD3118014F897
:1053C000680F401C207014F83C0C401C04F83C0C86
:1053D000E088401CE08034F8360C401C24F8360C81
:1053E000E078401CE07014F8390C401C04F8390CCB
:1053F000A08D401CA08534F8300F401C24F8030B0E
:1054000014F89B09C00704D0D4F88C00401CC4F8E1
:105410008C00B4F89600401CA4F8960094F878002C
:10542000421C84F87820642801D384F878100E4850
:1054300094F87810B0F858210C48914201D201221A
:1054400000E000221021FDF724F934F8700F401C11
:1054500024F83C092088401C208010BD8C030020CB
:1054600040000020E00A0020CC0500200018014088
:10547000F0B502681C4D1D4E1D4FDFF878C01E4B65
:105480004FF0804EA84209D0984207D0704505D011
:10549000B04203D0B84201D0604503D122F070047D
:1054A0004A682243A84209D0984207D0704505D0E7
:1054B000B04203D0B84201D0604503D122F4407419
:1054C000CA6822434C6922F08002224302608A6843
:1054D000C2620A688262A84201D0984201D1096979
:1054E000016301214161F0BD002C01400004004036
:1054F00000080040000C00400034014010B58468F2
:1055000042EA032224F47F440A432243826010BD0E
:10551000826822F070020A4342F0070181607047FE
:10552000F0B5026A036A23F00103036243688469E9
:10553000114E24F073050C68104F2C4322F0020525
:105540008A682A43B04201D0B84205D122F008054A
:10555000CA682A4322F00402B04201D0B84205D101
:105560004D6923F440731D438B692B434360846171
:10557000496841630262F0BD002C014000340140E3
:10558000F0B5026A036A23F010030362436884697A
:105590000D6824F4E64444EA05248D6822F02002D4
:1055A00042EA05120F4D104EA84201D0B04206D17A
:1055B000CF6822F0800242EA071222F04002A8429D
:1055C00001D0B04207D14D6923F4406343EA85031B
:1055D0008D6943EA8503436084614968816302629F
:1055E000F0BD0000002C014000340140F0B5026A1B
:1055F000036A23F4807303624368C46922F400726F
:1056000024F073050C68124E2C438D6842EA052283
:105610000E4DA84201D0B04206D1CF6822F40062FC
:1056200042EA072222F48062A84201D0B04207D1A8
:105630004D6923F4405343EA05138D6943EA05138A
:105640004360C4614968C1630262F0BD002C01403F
:105650000034014030B5036A026A22F480520262CB
:105660004268C4690D6824F4E64444EA05248D6860
:1056700023F4005343EA0533084DA84202D0084DF5
:10568000A84204D14D6922F4804242EA8512426068
:10569000C46149680164036230BD0000002C014010
:1056A0000034014070B50268002493684D6823F00F
:1056B00070031D430B6825F007052B4393604A6870
:1056C00012F00F0F31D11211082A2ED2DFE802F0AA
:1056D0002E2E2E2E0B2127040B69D1E90221006802
:1056E000FFF70CFF22E00A68052A10D00268156A4D
:1056F000136A23F00103136202689369096923F0B6
:10570000F00343EA01119161006805620EE0012097
:1057100070BD0A698968006800F00AF806E00A6945
:105720008968006800F015F800E00124204670BD8B
:1057300010B5046A036A23F001030362836923F04E
:10574000F00343EA021324F00A020A43836102626F
:1057500010BD10B5036A046A24F010040462846961
:1057600023F0A00324F4704444EA023243EA011116
:105770008261016210BD00002DE9F84F0E4604461B
:105780001D46174656491068FAF7C6FD00900020DE
:1057900004EB400134F91020B1F9021091427DD0A0
:1057A000401CC0B2DFF83CA1DFF83CB10B28EFD3BE
:1057B000287834F91000FAF7BEFF0099FBF792F849
:1057C0003BD8287804EB4000B0F90200FAF7B3FFA9
:1057D0000099FBF791F830D82D7804EB450034F9A7
:1057E0001590B0F90210A1EB0900FAF7B2FF0446D8
:1057F00006EB450036F91550B0F902008846401B0B
:10580000FAF7A7FF43462246FAF70FFFFBF74EF8D9
:1058100004464846FAF78FFF2146FAF77DFD064613
:105820002846FAF788FF3146FAF770FD054621460B
:105830000098FAF771FD294634E0B4F91600FAF73A
:105840007AFF0099FBF74EF839D2B4F91610B4F983
:105850001480A1EB0800FAF77CFF0446B6F91600A5
:10586000B6F914600D46801BFAF773FF22462B46EB
:10587000FAF7DBFEFBF71AF805464046FAF75BFF3E
:105880002946FAF749FD04463046FAF754FF214607
:10589000FAF73CFD04462946009800E00DE0FAF7CF
:1058A0003BFD2146FAF7E0FCFAF7BDFF52465B46A6
:1058B000FAF749FEFAF7FAFF3860BDE8F88FB4F955
:1058C0000000FAF738FF0099FBF716F8F5D32878AF
:1058D0000B2801D2401C00E000202870EDE70000FA
:1058E000000020419A9999999999B93F70B5054658
:1058F0000C46C08BFAF728FF6062688D6080A88D27
:10590000A080E88DE080688E208095F8340084F8CF
:105910002D0095F8300084F82E0094F89A000B4E74
:10592000800702D5B6F9660001E0B6F90800FAF77B
:1059300002FF2061FAF744FF3081A87994F8301013
:1059400060F3861184F8301070BD0000CC05002093
:10595000044B20B1012240211846FCF79ABE0022D8
:10596000F9E7000000100140044B20B10122402162
:105970001846FCF78EBE0022F9E700000010014037
:1059800010B502F093FA002805D0D0E90012BDE866
:1059900010401046084710BD10B5406A0021C1856F
:1059A000C184FEF7F9F810BD01680C3151E8002FF1
:1059B00022F4907241E80023002BF5D101681431E4
:1059C00051E8002F22F0010241E80023002BF5D11D
:1059D000016B012909D101680C3151E8002F22F037
:1059E000100241E80023002BF5D1202180F842105D
:1059F00000210163704708B590F84210222901D0B8
:105A0000022008BD81684FF48053994201D1026998
:105A100022B1826A99421BD049B10AE00268816AC8
:105A20005268C2F308020A80816A891C08E0016991
:105A300071B10168496801F07F011170816A491CE8
:105A40008162C18D491E0904090CC18503D01BE088
:105A500001684968F1E70168CA6822F02002CA605B
:105A60000168CA6822F48072CA6001684A6922F03B
:105A700001024A61202180F8421000214163026B3B
:105A8000012A03D0FEF76EFA002008BD0163016809
:105A90000C3151E8002F22F0100241E80023002BC6
:105AA000F5D101680A68D20602D50A6849680091F2
:105AB000818DFEF76FF8E7E770B50446006801696D
:105AC000E26821F4405111430161A168206901435A
:105AD000606901432068C26841F20C639A430A433B
:105AE000C26020684169A26921F44071114341619B
:105AF0001E492068884202D1FDF730F801E0FDF729
:105B00001DF800EBC00101EB001160686422800009
:105B1000B1FBF0F3B3FBF2F36FF018067343B1FB84
:105B2000F0F5B1FBF0F605EB8305322303EB051529
:105B3000B5FBF2F5B6FBF2F605F0F00505EB061540
:105B4000B1FBF0F6B1FBF0F0B0FBF2F06FF0180132
:105B5000484306EB800003EB0010B0FBF2F0216835
:105B600000F00F002844886070BD0000003801403C
:105B70002DE9F0411E46174688460446069D26E05C
:105B8000681C24D025B1FCF789FD801BA8421ED9D2
:105B900020680C3050E8001F21F4D07140E800125A
:105BA000002AF5D12068143050E8001F21F00101CF
:105BB00040E80012002AF5D1202084F8410084F842
:105BC0004200002084F840000320BDE8F0812068F6
:105BD000016838EA010004D00020B842D0D000208B
:105BE000F3E70120F9E700000148FDF7E5BF0000F9
:105BF000D403002010B50C48FDF7DEFF0A4C2068E6
:105C0000C168890604D56FF02001016002F0CAF86E
:105C10002068C168090606D56FF080010160BDE803
:105C2000104002F0C5B810BD1C040020FEE70000C3
:105C30000FB4054B10B503A9044A029800F0DAF836
:105C400010BC5DF814FB0000B16D000818020020C4
:105C50000907090E002804DB00F1E02080F8001499
:105C6000704700F00F0000F1E02080F8141D70472D
:105C700002E008C8121F08C1002AFAD17047704715
:105C8000002001E001C1121F002AFBD17047000073
:105C90002DE9FF5FDDE90220010DDDF838B0024398
:105CA00018D044F61050A1F2FF3141430D140F9863
:105CB000012820D0A5EB0B00401C5FEA000A4FF042
:105CC0000004474EDFF81C91A046504616D5CAF195
:105CD000000728E00F98012443A2012808D00021E2
:105CE00000980F9BC0E90021C0E90243BDE8FF9F77
:105CF0006FEA0B01F4E7CBF10000DEE7074612E0A4
:105D0000F80707D02246334640464946FAF71BFCBF
:105D1000804689462246334610461946FAF713FC58
:105D200004460E467F10002FEAD1DDE90201BAF1E8
:105D3000000F42464B4602DAFAF705FC01E0FAF79B
:105D400074FC04460E460022284BFAF797FD03D850
:105D50004FF0FF30014607E00022254B2046314638
:105D6000FAF74AFBFAF7CEFE102409E0002C0ADB12
:105D70000A220023FAF7E0FD019B30321A55641E17
:105D800050EA0102F2D1641C019AC4F111031444D7
:105D90000F9A012A03D0012208430DD10AE00843DB
:105DA00004D000204FF0110B0F9080E7A3EB0B0500
:105DB0006D1E0DE05B4504DD4FF0000205F10105AD
:105DC00004E003DA4FF00002A5F10105002AECD04F
:105DD00000980F99C0E90231C0E9004586E700004C
:105DE000000024400000F03F300000000000F043BD
:105DF0000000E03F2DE9FF4F95B09B4689460646DF
:105E000000250FE2252877D100242746F84A0121F2
:105E1000059400E0044316F8013F203B01FA03F02B
:105E20001042F7D130782A2811D06FF02F03307844
:105E3000A0F13002092A16D8059A44F0020402EBB8
:105E4000820203EB42021044761C0590EFE759F8FA
:105E5000042B0592002A03DA504244F400540590C2
:105E600044F00204761C30782E2816D116F8010F63
:105E700044F004042A280DD06FF02F023078A0F1EE
:105E80003003092B09D807EB870302EB4303C7183C
:105E9000761CF3E759F8047B761C30786C280FD019
:105EA00006DC4C2817D068280DD06A2814D104E0ED
:105EB000742810D07A280FD10DE044F400140AE0C1
:105EC00044F4801401E044F440147278824202D118
:105ED00004F58014761C761C307866280BD013DC11
:105EE000582877D009DC002875D04528F6D04628F8
:105EF000F4D047281AD19DE118E0632835D06428F2
:105F000079D0652812D195E1702873D008DC672814
:105F1000F1D069286FD06E280DD06F2806D1B5E07A
:105F200073282CD0752875D0782874D05A461799C4
:105F300090476D1C75E1C4F30250022809D0032874
:105F40000DD0D9F8001004280DD00D6009F1040916
:105F500067E1D9F80010EA17C1E90052F6E7D9F86D
:105F600000100D80F2E70D70F0E719F8041B8DF8B2
:105F7000001000208DF80100EA46012003E059F8E6
:105F800004AB4FF0FF3061074FF0000102D40DE089
:105F900008F101018846B9420FDA8045F8DB1AF8AA
:105FA00008100029F4D108E008F101018846814277
:105FB000FADB1AF808100029F6D105985B46A0EB29
:105FC000080721463846179A00F094FA284400EB57
:105FD000080507E04DE029E10DE01AF8010B5A46EB
:105FE00017999047B8F10108F7D25B462146384629
:105FF000179A13E142E00A220092C4F302524FF0D2
:10600000000A022A08D059F804CB032A4FEAEC719F
:106010000AD00DE029E02AE009F1070121F007028A
:10602000F2E802C1914609E00FFA8CFC4FEAEC71EC
:10603000042A03D14FFA8CFC4FEAEC71002907DAED
:106040000A460021DCF1000C61EB02012D2202E086
:10605000220504D52B228DF80420012203E0E2075B
:1060600001D02022F7E7904659E00A2102E01022F1
:106070000DE010214FF0000A00910BE010224FF0CC
:10608000000A44F004040827009203E008224FF0BD
:10609000000A0092C4F30252022A05D059F804CB38
:1060A0000021032A08D009E009F1070121F00702C5
:1060B000F2E802C1914605E01FFA8CFC042A01D1E6
:1060C0000CF0FF0C4FF00008220728D5702806D0EE
:1060D000009B83F0100353EA0A0305D00EE0402230
:1060E0008DF80420012208E05CEA010206D030228B
:1060F0008DF804208DF8050002229046009B83F065
:10610000080353EA0A030AD15CEA010201D16207DB
:1061100005D530228DF804204FF001087F1E582845
:1061200004D034A003900EA802900DE036A0F9E749
:1061300053466046009AFAF7FFFB84460398825C58
:106140000298401E029002705CEA0100F0D10298B1
:1061500006A9081A00F1200A600702D524F4803449
:1061600000E00127574502DDA7EB0A0000E0002010
:1061700000EB0A01009005984144401A0590E003A5
:1061800006D45B462146179A059800F0B3F90544FA
:10619000002706E001A85A46C05D179990476D1C7C
:1061A0007F1C4745F6DBE0030CD55B462146179A7A
:1061B000059800F09FF9054404E030205A461799ED
:1061C00090476D1C0099481E00900029F5DC08E0FE
:1061D000029802995A460078491C029117999047F3
:1061E0006D1CBAF10001AAF1010AF1DC65E10000C1
:1061F000092801003031323334353637383961629D
:106200006364656600000000303132333435363760
:1062100038394142434445460000000000F058F937
:106220000544761C307800287FF4ECAD19B0284680
:10623000BDE8F08F620700D4062709F1070222F0BB
:10624000070CFCE80223E14603F000485FEA080C73
:1062500002D00FF2702C0DE05FEA045C02D50FF261
:10626000682C07E05FEAC47C02D00FF2602C01E0EA
:10627000AFF2700C4FF0FF3823F00043CDF850C060
:1062800065280CD006DC452809D046281DD04728B3
:106290003DD13DE0662818D067287ED138E0002146
:1062A000112F01DB112000E0781CCDE9000106A9C7
:1062B0000EA8FFF7EDFCDDE90F010E9A0391002116
:1062C000009207F1010A04914DE04FF00040009761
:1062D000CDE9011006A90EA8FFF7DAFCDDE90F02EF
:1062E00003920E9B11990022DDF80CA000930492FA
:1062F00011B9791C00EB010AB7EB0A0004D4C0F114
:10630000FF3007F1010A0490AAEB0700019044E076
:10631000012F00DA01270021112F01DD112000E0FB
:106320003846CDE9000106A90EA8FFF7B1FCDDE96A
:106330000F010E9A0391002104910092BA462107A1
:106340000CD40399514500DA8A46BAF1010F05DDF4
:10635000009AAAF10101515C302908D0B84202DA52
:1063600010F1040F06DA0121CDE9011015E0AAF1C0
:106370000101E9E7002805DC049901440491AAEB36
:10638000000102E0411C514500DD8A460499401A93
:10639000401C01904FF000400290200704D4019867
:1063A000504501DBCDF8048000208DF84F000298A5
:1063B0000DF14F07B0F1004F25D02B200E90029821
:1063C0004FF0020800280CDA404202902D200E9077
:1063D00007E00A210298FAF799FA3031029007F89B
:1063E000011DB8F10001A8F10108F2DC02980028B3
:1063F000EFD1791E0E980870307800F0200040F040
:10640000450007F8020D12A8C01B00F107081498F8
:10641000007800B1012000EB0A01019801EBE07166
:1064200005984144401A401E0590E00306D45B469F
:106430002146179A059800F05DF8054414980078F5
:1064400018B15A46179990476D1CE00324D55B4656
:106450002146179A059800F04DF805441CE0049871
:10646000002807DBDDE90301884203DD0098405C7A
:10647000179901E0179930205A469047049805F182
:106480000105401C04900198401E019004D12E206B
:106490005A46179990476D1CBAF10001AAF1010AFA
:1064A000DDDC05E017F8010B5A46179990476D1C83
:1064B000B8F10001A8F10108F4DC5B462146179A07
:1064C0000598ABE62D0000002B0000002000000026
:1064D0002DE9F041044600251E461746880404D4E1
:1064E00005E039462020B0476D1C641EF9D52846CA
:1064F000BDE8F0812DE9F041044600251E46904696
:10650000C80301D5302700E02027880404D505E022
:1065100041463846B0476D1C641EF9D52846BDE893
:10652000F081000070B51A4DE88801282FD1194C70
:1065300095F84800420894F89A10800962F34101E6
:1065400060F3861184F89A104FF480611248FCF7CA
:106550009BF8012894F89C0002D040F0020001E072
:1065600020F0020084F89C0095F84800C10914F856
:106570009A0F61F3C71020700106084801D5002268
:1065800000E00122BDE870400421FCF782B870BD34
:10659000CC050020E00A0020001401400018014052
:1065A00070B5064D00242878012802D00624204624
:1065B00070BD2869804700202870F8E76800002037
:1065C00070B50C460988002605292FD1417840F284
:1065D000CF750A0281781143C278491C13020279EF
:1065E00089B21A43531EAB4220D2002323800125D7
:1065F00000F8015B23885B1C2380530703D005EB65
:10660000D203DDB201E0C2F3C70500F8015B2388C5
:106610005B1C2380002300F0E9FA18B101F0AFFB06
:10662000064604E020882844208000E00326304607
:1066300070BD70B50C460988002605292FD1417818
:1066400040F2CF750A0281781143C278491C1302C7
:10665000027989B21A43531EAB4220D20023238011
:10666000022300F8013B23885B1C2380530704D0DE
:10667000012303EBD203DDB201E0C2F3C70500F84A
:10668000015B23885B1C238000F0B2FA18B101F093
:1066900076FB064604E020882844208000E003269C
:1066A000304670BD70B50C4609880026052925D1F5
:1066B000417805790A0281781143491C6A1E89B222
:1066C0007C2A1BD800222280032200F8012B22887A
:1066D0000023521C22806A0000F8012B2288521CE1
:1066E00022802A4600F086FA18B101F048FB0646DF
:1066F00005E0208800EB4500208000E003263046BE
:1067000070BD70B50C4609880026052927D141784F
:106710008278057942EA0122521C91B2C27845EA98
:1067200002256A1E7C2A1AD200222280042200F846
:10673000012B2288521C22806A0000F8012B22883B
:10674000521C22802A4600F08DFA18B101F017FB86
:10675000064605E0208800EB4500208000E0032687
:10676000304670BD2DE9F0410446088800270D46EB
:106770000A2842D3607826790102A078227A084359
:10678000401C1FFA80F8E07846EA00266079731E04
:106790000102A0790843401C81B2E0797C2B42EAD7
:1067A0000022607A28D83AB3792A25D8B0EB420F74
:1067B00022D1012304F10A0000F01CFA98B900214B
:1067C0002980172121702988601C491C29807100AB
:1067D00000F8011B29880023491C298032464146C4
:1067E00000F008FA18B101F0CAFA074605E0288857
:1067F00000EB4600288000E003273846BDE8F08122
:1068000070B5064C0D4606492288401CF9F708FD74
:106810002088401C2880002070BD00005800002007
:10682000AC04002038B50988002405290BD1417833
:106830000A0281781143491C027989B21AB9C278D7
:10684000FF2A03D012B10324204638BD00228DF860
:106850000120C078FF280CD08DF8002001231A46B3
:10686000684600F0C3F90028EED001F088FA04462B
:10687000EAE701208DF80000F0E700000D4A10B5AE
:10688000106009880024052902D00324204610BD89
:10689000417801230A028178C01C1143491C89B246
:1068A0001A4600F0A7F90028F0D001F068FA044673
:1068B000ECE70000540000202DE9F0410D46098866
:1068C0000024052926D941788278437942EA0122B9
:1068D000521C96B2C178027942EA0122510704D0D3
:1068E000012101EBD201C9B201E0C2F3C701571E79
:1068F000B7F5F66F0ED299420CD101233146801DB7
:1069000000F074F918B101F03AFA044603E00520EA
:10691000288000E003242046BDE8F08170B50D46D4
:106920000988002406291DD341780A028178114381
:10693000C278491C1302027989B21A434379561E60
:10694000772E0FD85606360E9E420BD10123801D9E
:1069500000F050F918B101F012FA044603E00520E6
:10696000288000E00324204670BD00002DE9F0419E
:106970001C46069B1746064629B1F72903D8134D36
:10698000084629710EB102241BE011492961114901
:1069900069611149E9601149A9610021E961104962
:1069A0002962104969621049A9622246394600F0FD
:1069B00077F8040005D101F06DFD28B16E7101205A
:1069C00028702046BDE8F0810324FAE76800002023
:1069D000AD6B0008D16B0008456B0008E96A000840
:1069E000FD850008A58600086586000838B52B4C93
:1069F000207808B1062038BD684601F03DFD012829
:106A000049D19DF80000E8B3012802D0022842D104
:106A10000FE0224AA369921D911CC81F984788BBAA
:106A200060782179884200D060BB022001F03AFDF5
:106A300031E0A0680121194B0578A570E1700021B3
:106A40002C3313F8312062B1AA4207D103EBC10104
:106A50004A681249891D9047E07002E0491C1029DC
:106A6000EFDB607870B1E27882B10020E080A0783E
:106A700040F08001A0680170E188491C89B2E18082
:106A8000425400E007E0E088401CE080D4E90213B3
:106A9000E28820799847002038BD00006800002077
:106AA00070B5002415460E46012080F31088082298
:106AB0002946304601F00EFD01280DD1B5F5964F5F
:106AC00001D9232003E007496800B1FBF0F080B250
:106AD00001F042FD012800D00324002080F310883B
:106AE000204670BDA07F17002DE9F0410646002426
:106AF00015468846012080F31088104FB888FF287B
:106B000001D9AFF30080B888042804D3B9880C48B1
:106B100001F0F0F930B10524002080F31088204600
:106B2000BDE8F081064800783070B888C01E288023
:106B30000348401CC8F80000EEE700005C0000209D
:106B4000CC04002070B503460025012080F3108896
:106B5000144C6078012805D00525002080F31088AA
:106B6000284670BD491E0126A160084666800B704C
:106B7000618811446180618801F0BCF90146608838
:106B8000094A1318401C608019706088090A024481
:106B9000401C6080117026700121002001F022FA53
:106BA000DBE700005C000020CC04002010B50120D1
:106BB00080F310880548002444702146012001F02C
:106BC00011FA01F045FA84F3108810BD5C00002032
:106BD00010B5012080F310880021084601F002FA68
:106BE00001F018FA002080F3108810BD01207047D2
:106BF000012070472DE9F0470446194816464FF02A
:106C00000009818042888D1A871D7BB1012B23D119
:106C10001FE0A8B2FEF73EF93880787804F8010B3F
:106C2000761E387804F8010BB6B26D1C002EF0D138
:106C300012E0C8F80C4014F8010B787014F8010B3E
:106C400038703988A8B2FEF7EFF9761EB6B26D1C1F
:106C500000E08046002EECD14846BDE8F0870000F9
:106C60001401002030B50024B9B18B18052B14D8BD
:106C70000B4B1B88C91A0A4B10330BE033F8115029
:106C8000521E2D0A00F8015B13F8115000F8015B49
:106C900092B2491C002AF1D100E00124204630BD07
:106CA0001401002010B5AC2000F0D2F818B100F0AB
:106CB0004DF9002010BD012010BD2DE9F041154611
:106CC0000C46074600F02CF9AC2000F009F900F062
:106CD0004DF998B9200A00F003F900F047F968B9B6
:106CE000E0B200F0FDF800F041F938B900F018F911
:106CF000AD2000F0F5F800F039F920B100F026F9E8
:106D00000020BDE8F08100246E1E0BE000F0CAF800
:106D10003855B44202D000F057F801E000F0AEF868
:106D2000641CA4B2AC42F1D300F010F90120E8E7F2
:106D30002DE9F04790460D46814600264FF47A77BC
:106D40002FE00EB1E8061CD100F000F9002400F09D
:106D5000E7F8AC2000F0C4F800F008F918B1641CA2
:106D6000A4B2BC42F3D3BC4212D0280A00F0B8F857
:106D700000F0FCF860B9E8B200F0B2F800F0F6F804
:106D800030B919F8060000F0ABF800F0EFF820B1C8
:106D900000F0DCF80020BDE8F0876D1C761CADB279
:106DA000B6B24645CDD300F0D1F80120F3E700009C
:106DB00013B54FF47A73012269460248FDF7E8F8EB
:106DC00000981CBDD4030020084A10B58021116032
:106DD00000F04EF8054B40241B1F1C6000F048F8E3
:106DE000146000F045F8196010BD0000140C01405B
:106DF00030B5154885B0816941F00801816180692D
:106E0000124D00F00800049000224FF4E071284673
:106E1000FBF73FFCC02000901120019000200224CD
:106E2000CDE9020469462846FBF736FB0121E00163
:106E3000CDE90214CDE9000169462846FBF72CFB99
:106E400000F084F805B030BD00100240000C014095
:106E500010B50446FFF7CCFF00F062F8204600F0C2
:106E60003FF800F083F8034600F070F8184610BDB4
:106E70000020401CC0B20A28FBD37047084A00B566
:106E800080201060FFF7F4FF40211160FFF7F0FF52
:106E90000348001D01605DF804EBFFF7E9BF000047
:106EA000100C014070B50D4D00210C4C083D4023E5
:106EB0000A46261D4806010E2360FFF7D9FF286801
:106EC000000601D5491CC9B23360FFF7D1FF521C3F
:106ED000D2B2082AEED3084670BD0000100C014063
:106EE00070B50E4E0021402380240246351F100647
:106EF00001D52C6000E03460FFF7BAFF2B60FFF78C
:106F0000B7FF3360FFF7B4FF072900D12C605006AC
:106F1000491C020EC9B20829E9D370BD140C014006
:106F2000094900B580230B60FFF7A2FF40220A60E9
:106F3000FFF79EFF0449091D0B60FFF799FF0A60E8
:106F40005DF804EBFFF794BF100C0140064800B554
:106F500080210160FFF78CFF034A4020121F106060
:106F6000FFF786FF116000BD140C014000B5FFF76C
:106F70007FFF0C4980200860FFF77AFF40220A60FB
:106F8000FFF776FF074808380068000601D50121A1
:106F900000E000210348001D0260FFF769FF08467A
:106FA00000BD0000100C0140FBF786FBFEF798F9CE
:106FB000FDF790F9FDF714F9FDF7C8F8FDF726FA8B
:106FC000FDF704FBFDF7CCFAFDF754FAFDF776FA6E
:106FD00000220A210B20FBF7EDFB0B20FBF7DCFB6B
:106FE000002206211220FBF7E5FB1220FBF7D4FB61
:106FF000002203211E20FBF7DDFB1E20FBF7CCFB4C
:10700000002203212620FBF7D5FB2620FBF7C4FB3B
:10701000002202212720FBF7CDFB2720FBF7BCFB3A
:10702000FFF740FE4FF47A742046FBF723FAFDF792
:107030004BFC094A0021D180084AD18000F040F978
:10704000FDF7DCF800F058F905A0FEF7F1FD204649
:10705000FBF710FAF8E7000032070020CC0500200B
:10706000BBB6D3AD7374696B0A00000008B502208B
:107070000022014600904FF496431046FFF776FC3D
:10708000010002D007A0FEF7D3FDFFF789FA010047
:1070900002D009A0FEF7CCFDFFF7A8FC052000F008
:1070A000F5F8F9E7654D42496E69745F655374619F
:1070B0007475733D25640000654D42456E61626CD8
:1070C0006520655374617475733D2564000000008C
:1070D00070B5134A13181B7E93B1124B53F820302E
:1070E0008B421AD90F4B02EB8002083B53F8203039
:1070F0001069B1FBF3F130F811400020034608E0BD
:1071000011688847012070BD15690E18401C25F8CC
:107110001630A042F8DB002070BD022070BD0000D8
:107120007C0100204497000870B504460B480C4EC3
:10713000002150F8240006EB84054200286900F085
:107140009FF806480021103050F82420A86800F06D
:1071500097F801203119087670BD000034970008B7
:107160007C0100202DE9F0411F4E054600247019D6
:107170000F46007E10B93168284688474FF0FF322D
:107180007FB31A4B53F82510B7FBF1F0B7FBF1FCB6
:1071900001FB1C7101B1401C1449083951F825103C
:1071A000491E1ED406EB8506376937F811C0BCF1BD
:1071B000000F05D00024844211D1002284B207E0E0
:1071C000641CF8E7376901EB020C521C27F81C40DD
:1071D0008242F7D353F825004843BDE8F081491EA9
:1071E000E3D51046F9E700007C0100203C97000839
:1071F00010B50B4B0B4C002253F82030114604EB1A
:10720000800005E0046934F8114004B1521C491CA7
:107210008B42F7D864204243B2FBF3F0C0B210BDFA
:10722000349700087C01002070B50C4D0C460646D2
:107230004FF47A71286800F0B9F8002C0CD0281DA2
:1072400000EB86008068211A3046FFF741FF28686E
:10725000BDE8704000F0E0B870BD0000780100208B
:1072600010B50446FFF77EFF411C05D0034901EB32
:1072700084018968084410BD002010BD7C010020F5
:1072800001E000F8011B521EFBD2704710B5EFF36E
:10729000058149B9EFF3108131B90849096802291C
:1072A00005D1EFF3118111B16FF0050403E0002463
:1072B00008B100F0B5FF204610BD0000F00100202D
:1072C000EFF3058058B9EFF3108040B90949086819
:1072D000022801D030B109E0EFF3118030B16FF036
:1072E0000500704701200860002070474FF0FF3014
:1072F00070470000F001002010B5EFF3058060B981
:10730000EFF3108048B90B490868022802D0012821
:1073100006D00BE0EFF3118040B16FF0050010BD17
:107320000220086001F02CF8002010BD4FF0FF3063
:1073300010BD0000F0010020F8B514464FF0000524
:10734000EFF305826ABBEFF3108252BB164A126854
:10735000022A02D1EFF311821ABB10B309B3ACB108
:10736000D4E902326BB1502A1BD32269CAB16769D2
:1073700000FB01F6B74214D30025009501F038FA5E
:1073800007E072B9226962B9626952B9002201F05C
:107390000BFA050005D00CB1216800E0002100F0D7
:1073A0000BFF2846F8BD0000F00100202DE9F04158
:1073B0000D46014621F0010001F001014FF00004EB
:1073C000EFF305824AB9EFF3108232B9114A12681D
:1073D000022A05D1EFF3118212B16FF0050416E015
:1073E00048B100296FF001066FF00207294608D066
:1073F00001F0FEFC07E06FF0030408E035B134460D
:1074000005E001F039FC0128F8D100E03C462046B7
:10741000BDE8F081F001002070B5014621F00100C7
:1074200001F001014FF00004EFF305824AB9EFF3D8
:10743000108232B90E4A1268022A05D1EFF3118286
:1074400012B16FF0050411E028B16FF0020529B107
:1074500001F056FB07E06FF0030407E000231A4633
:10746000194601F03DFA012800D02C46204670BD97
:10747000F0010020F0B585B00B464FF00005EFF3AA
:1074800005810395A1BBEFF3108189BB21490968F0
:10749000022902D1EFF3118151BB48B340261821D4
:1074A0008DF8105004AC42B3176807B13C46976999
:1074B00007B139464F1E382F02D21779FF0702D085
:1074C000002005B0F0BD576907B1BE08D2F808C06A
:1074D000BCF1000F0DD0D5685C2D18D312693AB1FC
:1074E00037B18DE806103246214601F008FD0390C1
:1074F0000DE0D7685FB912694AB903AACDE9001255
:10750000B2B2214601F0CEFC012800D003950398C9
:10751000D7E70000F00100202DE9FC411C4617468A
:10752000884606464FF00005EFF3058078BBEFF381
:10753000108060BB17480068022802D1EFF3118069
:1075400028BB26B3082000F039FC03001FD0B8F197
:10755000000FC3E9006711D001220F4E00208CB14B
:10756000216801B10846A16851B1E468302C0ED3FE
:10757000CDE90061012101F09BFE07E00022ECE76C
:10758000E16821B90121009601F078FE0546284600
:10759000BDE8FC81F00100208159000808B5EFF337
:1075A00005834BB9EFF3108333B90E4A1268022AF0
:1075B00005D1EFF3118313B16FF0050008BD58B189
:1075C0000022134600920A46042101F0B9FE012868
:1075D00005D06FF0020008BD6FF0030008BD002069
:1075E00008BD0000F00100202DE9F041134E0F46C8
:1075F000044675693068001D00F092FC601C07D1DC
:1076000037B13168BDE8F0410D48091D00F0DEBC1E
:1076100030682C44AC424460316805D2B068BDE8A3
:10762000F041091D00F0BABC7068091D00F0B6FCFD
:10763000306B844200D23463BDE8F081A0010020A9
:10764000703800202DE9F041054600F017FD2D4E61
:107650003069401C306130682B4F10B1F06930B395
:107660002BE035603069012827D1002404EB840029
:1076700007EB800000F084FC641C382CF6D3234810
:1076800000F07EFC2148143000F07AFC1F482830BE
:1076900000F076FC1D483C3000F072FC1B48503076
:1076A00000F06EFC194870601430B06005E030687E
:1076B000E96AC06A884200D83560F06A401CF0620E
:1076C0006864E86AB169884200D9B06100EB800063
:1076D00007EB8000291D00F079FC00F0EFFCF06959
:1076E00000280CD03068E96AC06A884207D208498D
:1076F0004FF080500860BFF34F8FBFF36F8FBDE82E
:10770000F0810000A0010020C033002020380020BC
:1077100004ED00E038B500F0B1FC104CA068C8B929
:107720000F4800F02DFC0E48143000F029FC0C48E6
:107730002060143060600A4B00202833009003F171
:10774000500210210A2001F053F8A06010B105A1E9
:1077500000F032FDBDE8384000F0B0BCDC01002094
:1077600084380020546D72510000000030B4026C67
:107770000B46002A0BD0C1681144C1604468A14285
:1077800001D30168C16030BC1846F8F749BD30BC70
:1077900070472DE9F041856B174604460026026CC0
:1077A00082B1C7B1E068F8F73BFDE168206C091AC7
:1077B000E1602268914202D26168081AE060022FFB
:1077C00016D017E02068A8B9606801F043FC0646AF
:1077D000002060600EE0A068F8F722FD216CA06830
:1077E0000844A0606168884204D32068A06001E07A
:1077F00005B16D1E6D1CA5633046BDE8F08110B566
:10780000044690F8590058B101280CD002280FD036
:10781000502080F31188BFF34F8FBFF36F8FFEE7C7
:10782000206B00F05FFC2046BDE8104000F05ABC21
:1078300010BD000010484FF48051420706D0C01D13
:107840000D4920F00700411AC1F580510B4A002371
:107850000144C2E900030839103A21F00701116020
:107860004B600B600B1AC0E9001393604FF00040AF
:107870005360D06070470000543D00200402002097
:10788000134E144DA6F29C474FF08058DFF84890F5
:1078900011E000F0F3FBF068C468201D00F040FB2D
:1078A0002869401E2861E868401EE86000F006FC78
:1078B0002046FFF7A4FFE8680028EAD138680128CD
:1078C000F9D9C9F80080BFF34F8FBFF36F8FF2E78C
:1078D0005C380020A001002004ED00E070B51D46DA
:1078E000049C49B12260C4E90F010121204600F047
:1078F000B3FF84F84C5070BD2460F4E72DE9F047E5
:107900000E46DDE909841746824691009946089D96
:10791000A522206BF8F796FC6FF00301206B01EBBA
:107920008701084420F00707780707D0502080F32C
:107930001188BFF34F8FBFF36F8FFEE72218315CC2
:1079400082F83410315C11B1401C1028F6D30026A7
:1079500084F84360382D00D33725E562C4E9135617
:10796000201D00F018FB04F1180000F014FB246146
:10797000C5F138006462A061666584F858604A46C3
:107980005146384600F0A4FA2060B8F1000F01D04B
:10799000C8F80040BDE8F0872DE9F0471E46DDE954
:1079A000089417460D0080460ED0002C14D0FFF727
:1079B000B1FEC4F80080C4E90657C4E90869201D77
:1079C000BDE8F04700F0E7BA502080F31188BFF31C
:1079D0004F8FBFF36F8FFEE7BDE8F08730B51149D9
:1079E00000E011460A688242FBD34B685C1884426F
:1079F00003D1406818444860084643681C18944204
:107A000009D1084C103C2468A24209D052681A449B
:107A100042600A6812680260814200D0086030BD8E
:107A20000460F9E70402002070B5002441600B4DAA
:107A30000061914206D8D11A8269914206D2011D95
:107A4000686807E09A4203D2994201D3012403E017
:107A5000011D286800F0A2FA204670BDDC0100205C
:107A600010B5044600F00AFBA06B20B1002400F022
:107A700025FB204610BD0124F9E7000030B587B092
:107A8000304D55E00198002806DADDE90301029A3D
:107A90009047019800284BDB039C606910B1201DC2
:107AA00000F03EFA05A800F0B9F8024601980A284D
:107AB0003ED2DFE800F00505053D263705053D26E9
:107AC0000298A169034601442046FFF7ADFF00B3C9
:107AD000616A20468847E069012829D1002000908A
:107AE0000298A169002342181946204601F028FC9B
:107AF00078B9502080F31188BFF34F8FBFF36F8F99
:107B0000FEE70298A06128B1811813462046FFF7CE
:107B10008BFF0DE0502080F31188BFF34F8FBFF330
:107B20006F8FFEE794F82C0010B9204600F0DAFAC7
:107B3000002201A9A86801F003F80028A2D107B02B
:107B400030BD0000DC0100202DE9FC410E46054659
:107B500000F058FC01A800F061F80446019818B143
:107B600001F02CFBBDE8FC81224FAEB178680068C3
:107B7000A8B30026291B3246B86800F02FFB01F09D
:107B80001DFB0028EED11C494FF080500860BFF368
:107B90004F8FBFF36F8FE5E7A542EBD801F00EFBE7
:107BA00038682646C068C468201D00F0B9F9E0694D
:107BB000012810D1A0692B46411932462046FFF713
:107BC00033FF40B100200346014600902A4620467C
:107BD00001F0B6FB20B1616A20468847C2E707E0A2
:107BE000502080F31188BFF34F8FBFF36F8FFEE7F4
:107BF0000126BFE7DC01002004ED00E006484168F3
:107C0000096829B14168C968C96849680163704752
:107C10004FF0FF31FAE70000A001002070B50546E3
:107C200001F0AEF9064E04463069844203D200F0FA
:107C300009F8012000E0002028602046346170BD72
:107C4000DC010020F8B5194E1FE0C068C468056863
:107C5000201D00F065F9616A20468847E069012827
:107C600013D1A0692844A84206D924616060211D6F
:107C7000306800F093F908E00020034601460090C8
:107C80002A46204601F05CFB38B1306801680029C3
:107C9000DBD17168C6E90010F8BD502080F311886F
:107CA000BFF34F8FBFF36F8FFEE70000DC010020B2
:107CB000002101E0401C491C0278A52AFAD0C1F33A
:107CC0008F00704708484068401C4FF0500080F318
:107CD000118804D0BFF34F8FBFF36F8FFEE7BFF360
:107CE0004F8FBFF36F8FFEE70C020020084C206817
:107CF000016839B1002139B10020FFF725FFFFF7F6
:107D0000BDFEF4E70121F6E7C0680068F5E7000072
:107D1000DC0100202DE9F041044600F0AFF994F9B0
:107D2000455004F1240609E0606A48B1304601F08C
:107D30000DFA08B100F0A2FA6D1E6DB2002DF3DC51
:107D40004FF0FF3684F8456000F0B8F900F096F97E
:107D500094F9445004F1100709E0206948B138460D
:107D600001F0F4F908B100F089FA6D1E6DB2002D32
:107D7000F3DC84F84460BDE8F04100F09FB90028CE
:107D800004D0012803D0072803D004207047022024
:107D90007047062070470000014800680047000057
:107DA0009000002001480068004700008800002083
:107DB00001480068004700008C0000202DE9F041D8
:107DC0000546002600F01EFB314F386808B9FFF762
:107DD00031FDF86805424BD1C5B3083568070ED0B0
:107DE00005F00700C0F108000544680707D05020DF
:107DF00080F31188BFF34F8FBFF36F8FFEE72DB372
:107E00007868854234D8224910310846046801E078
:107E1000214604466068A84202D220680028F7D1B3
:107E20003868844224D00E6820680860606808368C
:107E3000411B10290FD96019420708D0502080F348
:107E40001188BFF34F8FBFF36F8FFEE710E04160E3
:107E50006560FFF7C3FD61687868401A7860BA68AA
:107E6000904200D2B860F86801430020C4E90001E4
:107E700001F0A4F9700707D0502080F31188BFF3F8
:107E80004F8FBFF36F8FFEE73046BDE8F0810000F3
:107E9000F40100200449086818B10868026D521CFA
:107EA0000265086870470000A001002010B50400BA
:107EB00006D000F0E3F8246A00F000F9204610BD77
:107EC000502080F31188BFF34F8FBFF36F8FFEE711
:107ED00010B5031F4FF080741C601B1F21F00101BF
:107EE0001960191F024B0B60143940380A6010BD2D
:107EF000C57C000870B5094DFF231A4605F580764C
:107F000005E010F8014B54402A5D5A40335D491E8C
:107F100089B2F6D242EA032070BD00000495000841
:107F2000D0E9013201699A60D0E901235A604A68B8
:107F3000824201D182684A60002202610868401EC4
:107F4000086008687047000008B902480068006BC4
:107F5000FFF7AEBEA0010020034B036003F15C00FD
:107F600008604020106070479C390020034B03607C
:107F700003F15C000860802010607047F83A002030
:107F800000F108014FF0FF32C0E90112C160016148
:107F900000210160704700210161704730B50C6815
:107FA000621C02D000F1080202E0026904E01A46F5
:107FB00053681D68A542FAD953684B6099608A607E
:107FC000516008610168491C016030BD42684A6027
:107FD00093688B6093685960916008610168491CDF
:107FE000016070470A4B00281A68D06802D040F040
:107FF000200001E020F02000D06018680029C1684E
:1080000002D041F0800101E021F08001C1607047A1
:108010001C0400200D490868026A41F211131A423B
:1080200007D1026A9B101A4203D1026822F00102B2
:1080300002600A68002050620868C26822F00102EB
:10804000C26009686FF001000861704744030020B6
:1080500009496FF001000A6810610868C26842F0BF
:108060000102C2600A68002050620868016841F09D
:10807000010101607047000044030020502080F39C
:108080001188BFF34F8FBFF36F8F0A494868401CB8
:10809000486001280CD10848006810F0FF0F07D095
:1080A000502080F31188BFF34F8FBFF36F8FFEE72F
:1080B000704700000C02002004ED00E00849486809
:1080C00028B1401E486001D180F3118870475020CC
:1080D00080F31188BFF34F8FBFF36F8FFEE700006F
:1080E0000C02002070B5002827D0144DA0F1080420
:1080F0006068E968084207D1502080F31188BFF317
:108100004F8FBFF36F8FFEE722683AB1502080F3A4
:108110001188BFF34F8FBFF36F8FFEE78843606016
:1081200000F070F960686968084468602046FFF7ED
:1081300055FCBDE8704001F041B870BDF40100206D
:108140004FF0E02000210161816105494FF47A720E
:108150000968B1FBF2F1491E4161072101617047D5
:108160005000002010B5F8F735F8114910280ED34B
:1081700000F1E02090F8F0030A78904207D25020F6
:1081800080F31188BFF34F8FBFF36F8FFEE709486D
:108190000068896800F4E060884207D9502080F3C5
:1081A0001188BFF34F8FBFF36F8FFEE710BD000044
:1081B0000C0200200CED00E010B5074B002253F834
:1081C00032401CB1521C082AF9D310BD43F83210BA
:1081D00003EBC201486010BD8033002070B5154626
:1081E0000E460446FFF74AFF94F944100020491C4C
:1081F00001D184F8440094F94510491C01D184F858
:108200004500FFF75BFFA06B28B92A46314604F111
:10821000240000F051F82046BDE87040FFF77ABD19
:1082200010B5020014D00F48806B38B1502080F395
:108230001188BFF34F8FBFF36F8FFEE700F0E2F8B6
:1082400000211046FFF7D0F900F0B8FF002807D151
:1082500005494FF080500860BFF34F8FBFF36F8F19
:1082600010BD0000A001002004ED00E002498A6A70
:108270000260496941607047A00100200149012066
:1082800048627047A001002010B50C4650B1094962
:1082900009681831FFF782FE2046BDE81040012131
:1082A000FFF7A2B9502080F31188BFF34F8FBFF3BF
:1082B0006F8FFEE7A001002070B514460D4668B12F
:1082C0000A4909681831FFF781FE0CB14FF0FF35FC
:1082D00021462846BDE87040FFF786B9502080F35C
:1082E0001188BFF34F8FBFF36F8FFEE7A00100200F
:1082F00070B50B4604003ED0226DA2B1E16C9942EC
:1083000000D21946E06A884235D0012A33D11A4D8D
:108310002A6894420FD1502080F31188BFF34F8F09
:10832000BFF36F8FFEE7502080F31188BFF34F8FAC
:10833000BFF36F8FFEE7E162A269002A02DBC1F1A1
:108340003801A1610D4E00EB8000616906EB8000F1
:10835000814210D1201DFFF7E3FDE06AA969884240
:1083600000D9A86100EB800006EB8000211DBDE86C
:108370007040FFF72BBE70BDA0010020C03300206D
:1083800030B587B00025039505AA04A903A8049574
:10839000FFF7E2FDDDE903010095CDE901100023BF
:1083A00014A11648059A00F0AAFD154C606318B197
:1083B00000F096FF012809D0401C19D1502080F30D
:1083C0001188BFF34F8FBFF36F8FFEE7502080F30C
:1083D0001188BFF34F8FBFF36F8F4FF0FF302063D3
:1083E0000120E061656107B0BDE8304000F088B968
:1083F00007B030BD49444C450000000081780008BA
:10840000A00100200248816B491C81637047000075
:10841000A0010020164B10B5986B10B101205862D6
:1084200010BD002058629869124901E0B8B1401EA1
:1084300000EB800251F82220002AF7D000EB8002E6
:1084400001EB820101F108044A6852684A60A242C5
:1084500001D152684A60D1681960986110BD5020FE
:1084600080F31188BFF34F8FBFF36F8FFEE70000DB
:10847000A0010020C03300200549024600204B78AF
:10848000002B04D00878107000204870012070473D
:108490002C01002002490020487001207047000094
:1084A0002C010020024901224A70087010467047D2
:1084B0002C01002005490968017005480068C16861
:1084C00041F02001C16001207047000004480040D5
:1084D0001C04002070B5184A00241648D460C2E974
:1084E00000010C20C2E90504D46110680C3050E88A
:1084F000001F21F0080140E80015002DF5D14FF4D0
:108500008050012B0BD0022B0CD04000C2E9030499
:1085100094600948FBF786FC48B1002070BD4FF419
:10852000C06101E04FF4806111619060F1E70120CA
:1085300070BD0000004800401C04002001B501236C
:108540001A4669460348FBF723FD08B1002008BD21
:10855000012008BD1C04002070B58CB00024064624
:10856000009401940294142104A80394F7F771FE77
:108570001F4809940A94006844F62061B0FBF1F0AA
:108580001D4D1C49401E02C580B2761E51C580207B
:1085900045F81049A8611848FBF738F808B1F9F711
:1085A00027FA4FF48050CDE900040294694612483E
:1085B0000394FBF7DDF808B1F9F71AFA049404A95B
:1085C0000D480594FBF7BCFA08B1F9F711FA0994C4
:1085D00009A909480A94FAF7DBFF08B1F9F708FA84
:1085E0002868C16841F00101C1600CB0012070BD74
:1085F00050000020000800404403002038B5174C0C
:108600000025207808B1AFF300806846FFF752FFDD
:10861000617831B1124A012907D0022910D003290B
:1086200001D1FFF715FD284638BD0020A0809DF838
:108630000000A1880A44491CA180107002200BE0B0
:10864000A088FF2807D89DF80010A0880244401C8D
:10865000A0801170E5E703206070E2E75C00002075
:10866000CC04002070B50E4D0024687870B102284B
:108670000BD003280DD0687858B16878022808D04C
:108680006878032805D0AFF300800120FFF70AFFC8
:108690000446FFF7BFFC01206870204670BD000053
:1086A0005C00002070B5154C00256078012801D0D1
:1086B000AFF30080217811B101291CD104E0002121
:1086C0000120FFF78FFC16E0608850B1A0680078A9
:1086D000FFF734FFA068401CA0606088401E6080E7
:1086E00009E00320FFF7DEFE054600210120FFF729
:1086F00079FC00202070284670BD00005C0000203E
:108700001CB5264908780190FF20087008788DF87C
:1087100000009DF800009DF8002000F0F00090425D
:1087200007D0502080F31188BFF34F8FBFF36F8FB6
:10873000FEE79DF800001A4B00F05000187007206B
:10874000986006E0401E98609DF8000040008DF89B
:1087500000009DF8000000069868F3D4032807D0B5
:10876000502080F31188BFF34F8FBFF36F8FFEE768
:108770004FF440709860019808700A48016841F40D
:1087800070010160016841F070410160FFF7D8FCA1
:1087900000205860F7F7E8FC00201CBD00E400E072
:1087A0000C02002020ED00E0F8B517460E4605004B
:1087B00014D0DEB105FB06F05030FFF7FFFA0400DD
:1087C0000AD0002084F8460004F150023B463146AE
:1087D00028460094FFF782F82046F8BD502080F329
:1087E0001188BFF34F8FBFF36F8FFEE70020E3E7E1
:1087F00038B5049D18B153B1CAB181B120E0502001
:1088000080F31188BFF34F8FBFF36F8FFEE75020C7
:1088100080F31188BFF34F8FBFF36F8FFEE75020B7
:1088200080F31188BFF34F8FBFF36F8FFEE739B12D
:10883000502080F31188BFF34F8FBFF36F8FFEE797
:1088400050241C46012384F846302B460094FFF741
:1088500045F8204638BD000070B50D46040025D00F
:10886000FFF70CFCD4E90F20216802FB00116160C6
:108870000021A1632168A1600A46D4E90F01401ECE
:1088800000FB0121E16021464FF0FF3001F8440F69
:10889000487004F110008DB1FFF772FB04F1240061
:1088A000FFF76EFBFFF70AFC012070BD502080F33C
:1088B0001188BFF34F8FBFF36F8FFEE72169002947
:1088C000F0D000F043FC0028ECD004494FF0805079
:1088D0000860BFF34F8FBFF36F8FE3E704ED00E055
:1088E0002DE9FF4F83B01F468B4604004FF0000672
:1088F00003D0BBF1000F08D011E0502080F31188A5
:10890000BFF34F8FBFF36F8FFEE7206C38B150205D
:1089100080F31188BFF34F8FBFF36F8FFEE7022FF5
:108920000AD1E06B012807D0502080F31188BFF3F3
:108930004F8FBFF36F8FFEE700F014FBDFF800915D
:108940004FF0000A4FF0805848B9059838B15020D0
:1089500080F31188BFF34F8FBFF36F8FFEE7FFF7F0
:108960008DFBA06BE16B884205D3022F03D00598E5
:10897000C8B1DEB11EE03A4659462046FEF709FF6F
:10898000616A19B104F1240000F0E0FB28B1C9F8D4
:108990000080BFF34F8FBFF36F8FFFF78FFB012076
:1089A00007B0BDE8F08FFFF789FB21E06846FFF7CD
:1089B0005DFC0126FFF782FBFFF724FDFFF75EFB5E
:1089C00094F94400401C01D184F844A094F9450076
:1089D000401C01D184F845A0FFF770FB05A968464B
:1089E00000F026FA30B12046FFF794F900F0E6FBDC
:1089F0000020D5E7FFF742FBA06BE16B884201D175
:108A0000012500E00025FFF759FB95B104F11000A6
:108A10000599FFF739FC2046FFF77CF900F0CEFB03
:108A200000289CD1C9F80080BFF34F8FBFF36F8F30
:108A300095E72046FFF76EF900F0C0FB8FE70000D6
:108A400004ED00E02DE9F0471F46904689460400FA
:108A500003D0B9F1000F08D011E0502080F3118845
:108A6000BFF34F8FBFF36F8FFEE7206C38B15020FC
:108A700080F31188BFF34F8FBFF36F8FFEE7022F94
:108A80000AD1E06B012807D0502080F31188BFF392
:108A90004F8FBFF36F8FFEE7FFF764FB5020EFF3BC
:108AA000118680F31188BFF34F8FBFF36F8FA06BD8
:108AB000E16B884206D3022F04D0002086F3118890
:108AC000BDE8F08794F945503A4649462046FEF7FE
:108AD00060FE681C04D06D1C84F845500120EDE751
:108AE000606A0028FAD004F1240000F02FFB00286F
:108AF000F4D0B8F1000FF1D00121C8F80010EDE773
:108B000010B5040009D000F027FA6168884214D13A
:108B1000E068401EE06008D00DE0502080F311882E
:108B2000BFF34F8FBFF36F8FFEE700231A4619463E
:108B30002046FFF7D5FE012010BD002010BD00002B
:108B40002DE9F74783B08A4604004FF0000603D0B2
:108B5000BAF1000F08D011E0502080F31188BFF364
:108B60004F8FBFF36F8FFEE7206C38B1502080F33A
:108B70001188BFF34F8FBFF36F8FFEE700F0F2F95C
:108B8000DFF8F09000274FF0805848B9059838B1C9
:108B9000502080F31188BFF34F8FBFF36F8FFEE734
:108BA000FFF76CFAA56BC5B151462046FEF7DEFD16
:108BB0006D1EA563206950B104F1100000F0C6FAE3
:108BC00028B1C9F80080BFF34F8FBFF36F8FFFF755
:108BD00075FA012006B0BDE8F087059808B11EB10E
:108BE00006E0FFF76BFA27E06846FFF73FFB012638
:108BF000FFF764FAFFF706FCFFF740FA94F9440028
:108C0000401C01D184F8447094F94500401C01D106
:108C100084F84570FFF752FA05A9684600F008F994
:108C2000002820460AD0FFF775F800F0C7FA204662
:108C3000FEF716FF0028B3D00020CBE7FEF710FFA9
:108C400090B104F124000599FFF71EFB2046FFF7C1
:108C500061F800F0B3FA0028A2D1C9F80080BFF390
:108C60004F8FBFF36F8F9BE72046FFF753F800F05D
:108C7000A5FA95E704ED00E02DE9F3434FF0000578
:108C800083B004002E4609D0206C78B1502080F3C8
:108C90001188BFF34F8FBFF36F8FFEE7502080F333
:108CA0001188BFF34F8FBFF36F8FFEE700F05AF9C3
:108CB000DFF8389100274FF0805848B9049838B150
:108CC000502080F31188BFF34F8FBFF36F8FFEE703
:108CD000FFF7D4F9A06BC8B1401EA063206810B99B
:108CE000FFF7D8F86060206950B104F1100000F07F
:108CF0002DFA28B1C9F80080BFF34F8FBFF36F8FF3
:108D0000FFF7DCF9012005B0BDE8F083049808B155
:108D100065B10FE03EB1502080F31188BFF34F8F53
:108D2000BFF36F8FFEE7FFF7C9F95DE06846FFF715
:108D30009DFA0125FFF7C2F9FFF764FBFFF79EF9E3
:108D400094F94400401C01D184F8447094F9450022
:108D5000401C01D184F84570FFF7B0F904A96846BA
:108D600000F066F80028204612D0FEF7D3FF00F08E
:108D700025FA2046FEF774FE0028A9D09EB3FFF71F
:108D80007DF9606A50B3206B0068C0F1380126E0BD
:108D9000FEF766FEE0B1206838B9FFF76FF960684A
:108DA00000F096F90646FFF789F904F124000499CA
:108DB000FFF76AFA2046FEF7ADFF00F0FFF9002842
:108DC00086D1C9F80080BFF34F8FBFF36F8F7FE765
:108DD0002046FEF79FFF00F0F1F979E70021606877
:108DE000FFF786FA9FE7FFE700208CE704ED00E03D
:108DF00070B50D46040009D000F0AEF861688842F5
:108E00000CD1E068401CE060012070BD502080F370
:108E10001188BFF34F8FBFF36F8FFEE729462046BF
:108E2000FFF72AFF0028F0D0E168491CE16070BD1F
:108E30002DE9F0410C46050011D0C4B1FFF71EF931
:108E4000174E71696B682268C81A571C17D02F68B3
:108E5000B66AB74219D08B4217D8012410E05020CF
:108E600080F31188BFF34F8FBFF36F8FFEE7502061
:108E700080F31188BFF34F8FBFF36F8FFEE700249D
:108E8000FFF71CF92046BDE8F081824205D9101A8F
:108E900020602846FFF7EAF9F1E700202060DCE7D0
:108EA000A00100202DE9FF5F8346DDE90E8799468A
:108EB00016468A469000FEF781FF05001CD05C2014
:108EC000FEF77CFF040014D00020256384F85900CD
:108ED000CDE90240CDE900874B463246514658461F
:108EE000FEF70CFD2046FEF7ADFB012004B0BDE807
:108EF000F09F2846FFF7F6F84FF0FF30F6E7F0B5A1
:108F000085B00546DDE90B040A9EA8B1E4B15C27F3
:108F100000972063022084F859000020CDE9024028
:108F200004AF2846CDE90067FEF7E8FC2046FEF7CF
:108F300089FB049805B0F0BD502080F31188BFF381
:108F40004F8FBFF36F8FFEE7502080F31188BFF380
:108F50004F8FBFF36F8FFEE7014800687047000036
:108F6000A00100200548C16919B1806B18B100202B
:108F7000704701207047022070470000A0010020C8
:108F80000148406970470000A00100202DE9F04130
:108F90002E4F0026B86B40B1386A401C3862786AA0
:108FA00000B101263046BDE8F0817D696D1C7D6110
:108FB00013D17868006838B1502080F31188BFF36E
:108FC0004F8FBFF36F8FFEE77868B9687960B8603C
:108FD000B86A401CB862FEF711FE386BDFF870808B
:108FE000854209D37868006880B17868C068C46831
:108FF000606885420DD238633868C06A00EB800132
:1090000058F821000128CAD90126C8E74FF0FF30DF
:10901000F1E7201DFEF784FFA06A18B104F11800E3
:10902000FEF77EFFE06AB969884200D9B86100EBBB
:10903000800108EB8100211DFEF7C8FFE06A396856
:10904000C96A8842CED30126CCE70000A0010020E7
:10905000C033002070B504004FF000002BD01A4D33
:1090600029688C4207D0502080F31188BFF34F8FBE
:10907000BFF36F8FFEE7216DF1B1491E2165E36CEF
:10908000E26A9A4217D0002915D1201DFEF748FF49
:10909000E06CE062C0F13800A061E06AA969884232
:1090A00000D9A861094900EB800001EB8000211D77
:1090B000FEF78CFF012070BD502080F31188BFF3B4
:1090C0004F8FBFF36F8FFEE7A0010020C033002059
:1090D00070B504004FF000002CD01A4DE16A2A68E8
:1090E000D26A914227D2A069002804DB2868C06AAE
:1090F000C0F13800A061E06A134E00EB80006169A6
:1091000006EB8000814211D1201DFEF709FF28687F
:10911000C06AE062A969884200D9A86100EB8000BA
:1091200006EB8000211DFEF751FF02E02868C06AAF
:10913000E062012070BDE16C2A68D26A9142F8D3E6
:1091400070BD0000A0010020C033002070B5C068D1
:10915000C46854B104F118000646FEF7E1FE144D50
:10916000A86B50B13146134815E0502080F31188A8
:10917000BFF34F8FBFF36F8FFEE7201DFEF7D0FECA
:10918000E06AA969884200D9A8610B4900EB800018
:1091900001EB8000211DFEF719FFE06A2968C96A0A
:1091A000884202D90120686270BD002070BD0000B5
:1091B000A001002048380020C03300202DE9F047EE
:1091C0002B4D00242746A86B38B1FEF757FFA86B3C
:1091D000401EA863A86B40B145E0502080F3118881
:1091E000BFF34F8FBFF36F8FFEE728692149012638
:1091F000C8B3A1F591698846D8F80010E1B1D8F854
:109200000C00C46804F11800FEF78AFE201DFEF76A
:1092100087FEE06AA969884200D9A86100EB800155
:1092200009EB8100211DFEF7D1FEE06A2968C96AB9
:109230008842E1D36E62DFE70CB1FEF7DFFC2C6AF7
:109240003CB1FFF7A3FE00B16E62641EF9D10020AD
:109250002862686A38B10849012738070860BFF3F7
:109260004F8FBFF36F8FFEF729FF3846BDE8F087B9
:10927000A00100204838002004ED00E02DE9FC4763
:1092800081461E461746884630200A9DFEF796FD09
:1092900004000AD0CDE9005433463A4641464846D8
:1092A000FEF77AFB002084F82C002046BDE8FC87FE
:1092B0007CB53025DDE90664009544B1CDE9006454
:1092C000FEF76AFB012084F82C0020467CBD50206C
:1092D00080F31188BFF34F8FBFF36F8FFEE700005D
:1092E00010B586B0FEF716FA114CA068B8B1002090
:1092F0000390049005AA04A903A8FEF737FEDDE950
:10930000032102208DE8070000230AA10B48059ADB
:10931000FFF7F5FDE06010B106B0012010BD502050
:1093200080F31188BFF34F8FBFF36F8FFEE700000C
:10933000DC010020546D722053766300ED7C000840
:109340002DE9FF411F4603000A9E4FF0000015D093
:10935000134DAC68002C0ED08DE80E00062917DAEC
:10936000FFF700FE02284FF000030FD000226946ED
:10937000A868FFF7B5FA04B0BDE8F081502080F38B
:109380001188BFF34F8FBFF36F8FFEE73246EEE7D2
:1093900000233A4669462046FFF754FBEBE70000FE
:1093A000DC010020ACAB0008000000000000000061
:1093B0000000000000000000000200001800000093
:1093C000000000000000000084AB00080000000066
:1093D000000000000000000000000000000100008C
:1093E000080000000000000000000000D0AB0008F2
:1093F000000000000000000000000000000000006D
:109400000002000018000000000000000000000042
:109410007CAB00080000000000000000000000001D
:109420000000000000020000080000000000000032
:10943000000000009CAB00080000000000000000DD
:109440000000000000000000000200001800000002
:1094500000000000000000008CAB000800000000CD
:1094600000000000000000000000000000020000FA
:10947000080000000000000000000000B8AB000879
:1094800000000000000000000000000000000000DC
:1094900000010000080000000000000000000000C3
:1094A0006CAB00080000000000000000000000009D
:1094B0000000000000000000C4AB00080000000035
:1094C000000000000000000001020203040506077E
:1094D00008090A0B0C0D0E0F1010010202030405FF
:1094E000060708090A0B0C0D0E0F101000000000F3
:1094F0000000000001020304060708090000000044
:109500000102030400C1814001C0804101C08041CB
:1095100000C1814001C0804100C1814000C1814043
:1095200001C0804101C0804100C1814000C1814033
:1095300001C0804100C1814001C0804101C0804123
:1095400000C1814001C0804100C1814000C1814013
:1095500001C0804100C1814001C0804101C0804103
:1095600000C1814000C1814001C0804101C08041F3
:1095700000C1814001C0804100C1814000C18140E3
:1095800001C0804101C0804100C1814000C18140D3
:1095900001C0804100C1814001C0804101C08041C3
:1095A00000C1814000C1814001C0804101C08041B3
:1095B00000C1814001C0804100C1814000C18140A3
:1095C00001C0804100C1814001C0804101C0804193
:1095D00000C1814001C0804100C1814000C1814083
:1095E00001C0804101C0804100C1814000C1814073
:1095F00001C0804100C1814001C0804101C0804163
:1096000000C1814000C0C101C30302C2C60607C732
:1096100005C5C404CC0C0DCD0FCFCE0E0ACACB0BA2
:10962000C90908C8D81819D91BDBDA1A1EDEDF1FD2
:10963000DD1D1CDC14D4D515D71716D6D21213D3C2
:1096400011D1D010F03031F133F3F23236F6F73772
:10965000F53534F43CFCFD3DFF3F3EFEFA3A3BFB62
:1096600039F9F83828E8E929EB2B2AEAEE2E2FEF12
:109670002DEDEC2CE42425E527E7E62622E2E32382
:10968000E12120E0A06061A163A3A26266A6A767B2
:10969000A56564A46CACAD6DAF6F6EAEAA6A6BAB22
:1096A00069A9A86878B8B979BB7B7ABABE7E7FBF52
:1096B0007DBDBC7CB47475B577B7B67672B2B37342
:1096C000B17170B0509091519353529296565797F2
:1096D000559594549C5C5D9D5F9F9E5E5A9A9B5BE2
:1096E00099595898884849894B8B8A4A4E8E8F4F92
:1096F0008D4D4C8C44848545874746868242438302
:1097000041818040000000000000000001140008BA
:109710000100000000000000BD0B00080200000076
:10972000CC050020ED58000804000000CC05002006
:109730006140000800040000000400000800000070
:109740000800000000200000002000000000C012FF
:10975000C012C01256455253494F4E4944000000B2
:1097600000000000000000000000000001000000F8
:1097700055706461746154696D65000000000000FB
:10978000000000000000000001000000557064614E
:1097900074650000000000000000000000000000F0
:1097A000010000000100000052756E53746F704399
:1097B0006F6D6D616E640000000000000100E7FF46
:1097C0006400140054656D705376000000000000C2
:1097D000000000000000000001000000640019000B
:1097E00048756D695376000000000000000000001D
:1097F00000000000010000000100000054656D70D1
:1098000050726F537600000000000000000000005E
:10981000010000000100000048756D6950726F532F
:1098200056000000000000000000000001000000E1
:109830000F27000052756E54696D65535600000085
:109840000000000000000000010018FCE803000018
:1098500054656D70506200000000000000000000C0
:10986000000000000000F0D81027000054656D7063
:10987000506B00000000000000000000000000002D
:10988000000018FCB80B000048756D6950620000BC
:10989000000000000000000000000000000060F078
:1098A000A00F000048756D69506B000000000000BB
:1098B0000000000000000000010000000F27000071
:1098C00054656D70414C0000000000000000000075
:1098D00000000000000000000F27000054656D70BC
:1098E00041480000000000000000000000000000EF
:1098F000000000006400000054656D7046696C74DF
:109900006572000000000000000000000000000080
:109910000F27000048756D69414C000000000000F1
:109920000000000000000000000000000F27000001
:1099300048756D694148000000000000000000000B
:1099400000000000010000006400000048756D691F
:1099500046696C74657200000000000000000000A1
:10996000000000000F27000048756D6944696666B5
:10997000436F756E740000000000000000000000DE
:109980000F27000054656D7044696666436F756EFD
:1099900074000000000000000000000064000A00E5
:1099A00054656D70536574500000000000000000A5
:1099B0000000000000000000100E5E0154656D7094
:1099C0005365744900000000000000000000000022
:1099D00001000000100EC80054656D70536574449A
:1099E0000000000000000000000000000100000076
:1099F0006400640054656D7053657441520000004A
:109A000000000000000000000100000064000300EE
:109A100054656D7053657454000000000000000030
:109A200000000000000000006400320054656D700A
:109A300047616D61000000000000000000000000B0
:109A4000010000006400640048756D694152000027
:109A50000000000000000000000000000000000006
:109A60006400050048756D695400000000000000A6
:109A7000000000000000000000000000F4010500EC
:109A800048756D69500000000000000000000000F3
:109A90000000000000000000100EC80048756D694D
:109AA000490000000000000000000000000000006D
:109AB00000000000100E640048756D69440000004D
:109AC0000000000000000000000000000100000095
:109AD0006400320048756D6947616D6100000000E7
:109AE0000000000000000000000000000100000075
:109AF00050726F4D6F646543686F69636500000065
:109B000000000000000000007800000048756D694A
:109B10004C6F77566F6C7461676500000000000041
:109B200000000000F401240048756D694869676809
:109B3000566F6C7461676500000000000000000053
:109B4000FF0F0000624354524F4C00000000000021
:109B5000000000000000000000000000E80300001A
:109B6000436F6D707265734F4E54656D704C6F77B7
:109B70000000000002000000E803F401436F6D7074
:109B8000726573734F4E446576000000000000005C
:109B900002000000E803F401436F6D707265737397
:109BA0004F464644657600000000000002000000B9
:109BB000E803F401436F6D70726573734F46464856
:109BC000756D694800000000020000000F270300C7
:109BD000436F6D70726573734F4E446C7900000073
:109BE00000000000000000000F27000041646457DF
:109BF00061746572446C7900000000000000000090
:109C00000100000001000000416464576174657246
:109C100052656C79000000000000000000000000A8
:109C20000F270000447261696E5761746572446C5D
:109C30007900000000000000010018FCE8030000AB
:109C400053756254656D7050623100000000000071
:109C500000000000010060F0A00F00005375625486
:109C6000656D70506B3100000000000000000000C6
:109C7000010018FCB80B000053756248756D6950FF
:109C8000623100000000000000000000010060F0F0
:109C9000A00F000053756248756D69506B3100006C
:109CA0000000000000000000000000002C01000087
:109CB00043757272656E7452756E526F7700000054
:109CC00000000000000000006300050050726F43B8
:109CD0006972636C65436F756E740000000000006C
:109CE00000000000E803000050726F54656D703092
:109CF0000000000000000000000000000000000064
:109D0000E803000050726F48756D69300000000074
:109D10000000000000000000000000000F2700000D
:109D200050726F54696D6530000000000000000043
:109D300000000000000000001E00000050726F458F
:109D40006E64000000000000000000000000000041
:109D5000000000000F27000050726F456E64436FD3
:109D6000756E7400000000000000000001000CFE91
:109D7000DC05000054656D704469737031000000AB
:109D8000000000000000000001000CFEDC050000E7
:109D900054656D704469737032000000000000006B
:109DA0000000000001000CFEDC05000054656D7031
:109DB00044697370330000000000000000000000E0
:109DC00001000CFEDC05000054656D704469737081
:109DD00034000000000000000000000001000CFE44
:109DE000DC05000054656D70446973703500000037
:109DF000000000000000000001000CFEDC05000077
:109E000054656D70446973703600000000000000F6
:109E10000000000001000CFEDC05000054656D70C0
:109E2000446973703700000000000000000000006B
:109E300001000CFEDC05000054656D704469737010
:109E400038000000000000000000000001000CFECF
:109E5000DC05000054656D704469737039000000C2
:109E6000000000000000000001000CFEDC05000006
:109E700054656D704469737031300000000000005B
:109E80000000000001000CFEDC05000054656D7050
:109E900044697370313100000000000000000000D0
:109EA00001000CFEDC05000054656D7044697370A0
:109EB000313200000000000000000000010038FF07
:109EC000DC0500005769736854656D7044697370F0
:109ED0003100000000000000010038FFDC05000038
:109EE0005769736854656D7044697370320000007F
:109EF00000000000010038FFDC05000057697368AE
:109F000054656D70446973703300000000000000F8
:109F1000010038FFDC0500005769736854656D70F7
:109F2000446973703400000000000000010038FF35
:109F3000DC0500005769736854656D70446973707F
:109F40003500000000000000010038FFDC050000C3
:109F50005769736854656D7044697370360000000A
:109F600000000000010038FFDC050000576973683D
:109F700054656D7044697370370000000000000084
:109F8000010038FFDC0500005769736854656D7087
:109F9000446973703800000000000000010038FFC1
:109FA000DC0500005769736854656D70446973700F
:109FB0003900000000000000010038FFDC0500004F
:109FC0005769736854656D7044697370313000006F
:109FD00000000000010038FFDC05000057697368CD
:109FE00054656D70446973703131000000000000E9
:109FF000010038FFDC0500005769736854656D7017
:10A00000446973703132000000000000010000005C
:10A01000DC05000048756D6944697370310000000B
:10A02000000000000000000001000000DC0500004E
:10A0300048756D69446973703200000000000000CB
:10A040000000000001000000DC05000048756D699B
:10A05000446973703300000000000000000000003D
:10A0600001000000DC05000048756D6944697370EB
:10A0700034000000000000000000000001000000AB
:10A08000DC05000048756D69446973703500000097
:10A09000000000000000000001000000DC050000DE
:10A0A00048756D6944697370360000000000000057
:10A0B0000000000001000000DC05000048756D692B
:10A0C00044697370370000000000000000000000C9
:10A0D00001000000DC05000048756D69446973707B
:10A0E0003800000000000000000000000100000037
:10A0F000DC05000048756D69446973703900000023
:10A10000000000000000000001000000DC0500006D
:10A1100048756D69446973703130000000000000BB
:10A120000000000001000000DC05000048756D69BA
:10A13000446973703131000000000000000000002D
:10A1400001000000DC05000048756D69446973700A
:10A15000313200000000000000000000010000009B
:10A16000DC0500005769736848756D694469737050
:10A17000310000000000000001000000DC050000CC
:10A180005769736848756D694469737032000000DF
:10A190000000000001000000DC0500005769736842
:10A1A00048756D6944697370330000000000000059
:10A1B00001000000DC0500005769736848756D698F
:10A1C00044697370340000000000000001000000CA
:10A1D000DC0500005769736848756D6944697370E0
:10A1E000350000000000000001000000DC05000058
:10A1F0005769736848756D6944697370360000006B
:10A200000000000001000000DC05000057697368D1
:10A2100048756D69446973703700000000000000E4
:10A2200001000000DC0500005769736848756D691E
:10A230004469737038000000000000000100000055
:10A24000DC0500005769736848756D69446973706F
:10A25000390000000000000001000000DC050000E3
:10A260005769736848756D694469737031300000CF
:10A270000000000001000000DC0500005769736861
:10A2800048756D6944697370313100000000000049
:10A2900001000000DC0500005769736848756D69AE
:10A2A00044697370313200000000000001000CFEB0
:10A2B000DC0500004D6F6E69746F7254656D7044FB
:10A2C000697370310000000001000CFEDC05000025
:10A2D0004D6F6E6954656D70446973703200000093
:10A2E0000000000001000CFEDC0500004D6F6E69EF
:10A2F00054656D7044697370330000000000000005
:10A3000001000CFEDC0500004D6F6E6954656D7038
:10A3100044697370340000000000000001000CFE6E
:10A32000DC0500004D6F6E6954656D704469737093
:10A33000350000000000000001000CFEDC050000FC
:10A340004D6F6E6954656D7044697370360000001E
:10A350000000000001000CFEDC0500004D6F6E697E
:10A3600054656D7044697370370000000000000090
:10A3700001000CFEDC0500004D6F6E6954656D70C8
:10A3800044697370380000000000000001000CFEFA
:10A39000DC0500004D6F6E6954656D704469737023
:10A3A000390000000000000001000CFEDC05000088
:10A3B0004D6F6E6954656D70446973703130000083
:10A3C0000000000001000CFEDC0500004D6F6E690E
:10A3D00054656D70446973703131000000000000F5
:10A3E00001000CFEDC0500004D6F6E6954656D7058
:10A3F000446973703132000000000000010038FF32
:10A40000DC0500004D6F6E695769736854656D70A7
:10A410004469737031000000010038FFDC05000062
:10A420004D6F6E695769736854656D7044697370D8
:10A4300032000000010038FFDC0500004D6F6E693E
:10A440005769736854656D70446973703300000018
:10A45000010038FFDC0500004D6F6E6957697368B5
:10A4600054656D704469737034000000010038FF5A
:10A47000DC0500004D6F6E695769736854656D7037
:10A480004469737035000000010038FFDC050000EE
:10A490004D6F6E695769736854656D704469737068
:10A4A00036000000010038FFDC0500004D6F6E69CA
:10A4B0005769736854656D704469737037000000A4
:10A4C000010038FFDC0500004D6F6E695769736845
:10A4D00054656D704469737038000000010038FFE6
:10A4E000DC0500004D6F6E695769736854656D70C7
:10A4F0004469737039000000010038FFDC0500007A
:10A500004D6F6E695769736854656D7044697370F7
:10A5100031300000010038FFDC0500004D6F6E692E
:10A520005769736854656D70446973703131000008
:10A53000010038FFDC0500004D6F6E6957697368D4
:10A5400054656D7044697370313200000100000081
:10A55000DC0500004D6F6E6948756D694469737064
:10A56000310000000000000001000000DC050000D8
:10A570004D6F6E6948756D694469737032000000F3
:10A580000000000001000000DC0500004D6F6E6956
:10A5900048756D6944697370330000000000000065
:10A5A00001000000DC0500004D6F6E6948756D69A3
:10A5B00044697370340000000000000001000000D6
:10A5C000DC0500004D6F6E6948756D6944697370F4
:10A5D000350000000000000001000000DC05000064
:10A5E0004D6F6E6948756D6944697370360000007F
:10A5F0000000000001000000DC0500004D6F6E69E6
:10A6000048756D69446973703700000000000000F0
:10A6100001000000DC0500004D6F6E6948756D6932
:10A620004469737038000000000000000100000061
:10A63000DC0500004D6F6E6948756D694469737083
:10A64000390000000000000001000000DC050000EF
:10A650004D6F6E6948756D694469737031300000E3
:10A660000000000001000000DC0500004D6F6E6975
:10A6700048756D6944697370313100000000000055
:10A6800001000000DC0500004D6F6E6948756D69C2
:10A6900044697370313200000000000001000000C6
:10A6A000DC0500004D6F6E695769736848756D6908
:10A6B000446973703100000001000000DC050000F7
:10A6C0004D6F6E695769736848756D694469737039
:10A6D0003200000001000000DC0500004D6F6E69D3
:10A6E0005769736848756D69446973703300000079
:10A6F00001000000DC0500004D6F6E69576973684A
:10A7000048756D69446973703400000001000000F1
:10A71000DC0500004D6F6E695769736848756D6997
:10A72000446973703500000001000000DC05000082
:10A730004D6F6E695769736848756D6944697370C8
:10A740003600000001000000DC0500004D6F6E695E
:10A750005769736848756D69446973703700000004
:10A7600001000000DC0500004D6F6E6957697368D9
:10A7700048756D694469737038000000010000007D
:10A78000DC0500004D6F6E695769736848756D6927
:10A79000446973703900000001000000DC0500000E
:10A7A0004D6F6E695769736848756D694469737058
:10A7B0003130000001000000DC0500004D6F6E69C3
:10A7C0005769736848756D69446973703131000069
:10A7D00001000000DC0500004D6F6E695769736869
:10A7E00048756D69446973703132000001000000E2
:10A7F000DC050000626569666569310000000000E3
:10A80000000000000000000001000000DC05000066
:10A8100062656966656E320000000000000000009D
:10A820000000000001000000DC05000062656966B0
:10A83000656E330000000000000000000000000012
:10A84000000000000F27000054656D7044656174BE
:10A85000685A6F6E650000000000000000000000F4
:10A860000F27000048756D6944656174685A6F6E02
:10A870006500000000000000000000000F2700003D
:10A88000446566726F7374696E6754656D703100EC
:10A8900000000000000000000F2700004465667201
:10A8A0006F7374696E67496E74657276616C31009E
:10A8B00000000000C8000000446566726F73746990
:10A8C0006E6754696D6531000000000000000000F3
:10A8D0000F270000446566726F7374696E67546574
:10A8E0006D70320000000000000000000F27000023
:10A8F000446566726F7374696E67496E74657276CB
:10A90000616C320000000000C800000044656672FF
:10A910006F7374696E6754696D65320000000000E2
:10A92000000000000F270000446566726F737469B1
:10A930006E6754656D703300000000000000000079
:10A940000F270000446566726F7374696E67496E05
:10A9500074657276616C330000000000C80000006E
:10A96000446566726F7374696E6754696D65330010
:10A9700000000000000000000F2700004465667220
:10A980006F7374696E6754656D7034000000000069
:10A99000000000000F270000446566726F73746941
:10A9A0006E67496E74657276616C34000000000059
:10A9B000C8000000446566726F7374696E675469FD
:10A9C0006D65340000000000000000000F2700004B
:10A9D000446566726F7374696E6754656D70350097
:10A9E00000000000000000000F27000044656672B0
:10A9F0006F7374696E67496E74657276616C350049
:10AA000000000000C8000000446566726F7374693E
:10AA10006E6754696D65350000000000000000009D
:10AA20006400640046616E4F757400000000000011
:10AA3000000000000000000000000000C80001004D
:10AA400053544152545F4374726F6C5F48756D6923
:10AA50000000000000000CFEDC0501004E4F5F43CB
:10AA600074726F6C5F48756D690000000000000033
:10AA7000000000000F27050053756374696F6E5F57
:10AA800054696D655F496E746572000000000000D6
:10AA90000F270000456E6400000000000000000069
:10AAA00000000000000000000000D8073408E8079C
:10AAB00043757272656E7420596561720000000002
:10AAC00000000000000001000C00010043757272DC
:10AAD000656E74204D6F6E74680000000000000009
:10AAE000000001001F00010043757272656E742042
:10AAF0004461790000000000000000000000000038
:10AB00001700010043757272656E7420486F75728C
:10AB10000000000000000000000000003C000100F8
:10AB200043757272656E74204D696E7574650000B0
:10AB300000000000000000003C000100437572723C
:10AB4000656E74205365636F6E6400000000000042
:10AB5000000000006400010046414E204152000008
:10AB60000000000000000000000000005265616469
:10AB70006F6E6C7951756575653000007469645F3E
:10AB8000415050007469645F527463007469645F7B
:10AB90005061726153617665000000007469645F02
:10ABA00050726F6D6F64655461736B0064656661AC
:10ABB000756C745461736B007469645F436865639A
:10ABC0006B496E004144435F54696D65720000003B
:10ABD0007469645F6D6F646275730000FCAB00089C
:10ABE000000000201C020000580B000870AC000898
:10ABF0001C0200203C4F0000805C00080144320130
:10AC00008210031524F4022B022A1154126833080F
:10AC10000413036733080313A5662A0864131D6928
:10AC20003308061A7D2032171A6520298013C16562
:10AC30003308051A2518320F1AB90829741A33383F
:10AC40000930D02952A91012021203298E013E4B5D
:10AC5000DD13AC2908411329711B08F10413800B83
:10AC600032201C68802B081220027C681AAA0181FD
:0400000508000131BD
:00000001FF
