:020000040800F2
:10000000B8660020DD01000823440008333F0008E3
:1000100021440008CD100008E15A0008000000004B
:100020000000000000000000000000004501000882
:100030000919000800000000890100089D5200080D
:10004000F7010008F7010008F7010008F7010008B0
:10005000F7010008F7010008F7010008F7010008A0
:10006000F7010008F7010008F7010008351800083B
:10007000F7010008F7010008F7010008F701000880
:10008000F7010008F7010008890B0008F7010008D4
:10009000F7010008F7010008F7010008F701000860
:1000A000F701000851530008F7010008F7010008A4
:1000B000F7010008F70100085D530008F701000888
:1000C000F7010008F7010008F7010008F701000830
:1000D000F7010008F70100089D5A0008A95A000816
:1000E000F7010008F7010008F7010008F701000810
:1000F000F7010008F7010008F7010008F701000800
:10010000F7010008F701000889530008F70100080B
:10011000F7010008F7010008F7010008F7010008DF
:10012000F7010008F7010008F7010008F7010008CF
:10013000DFF80CD000F0EAFC00480047956E00089C
:10014000B8660020224B19680868B0E8F00F80F309
:100150000988BFF36F8F4FF0000080F311884EF0D5
:100160000D0E70470000000006480068006880F32C
:10017000088862B661B6BFF34F8FBFF36F8F00DFA1
:1001800000BF00BF08ED00E0EFF30980BFF36F8F01
:100190000F4B1A6820E9F00F106008B54FF05000BF
:1001A00080F31188BFF34F8FBFF36F8F08F0B4F85F
:1001B0004FF0000080F31188BDE808401968086816
:1001C000B0E8F00F80F30988BFF36F8F704700BF6E
:1001D00094010020EFF30580704700000648804737
:1001E00006480047FEE7FEE7FEE7FEE7FEE7FEE71C
:1001F000FEE7FEE7FEE7FEE74F5300083101000887
:10020000202A04DB203A21FA02F00021704721FA6B
:1002100002F3D040C2F120029140084319467047D2
:1002200040EA01039B0703D009E008C9121F08C078
:10023000042AFAD203E011F8013B00F8013B521EF8
:10024000F9D27047D2B201E000F8012B491EFBD26F
:1002500070470022F6E710B513460A4604461946D1
:10026000FFF7F0FF204610BDF0B480EA0102D40F82
:100270004200B2EB410F02D20246084611464A0044
:1002800042D0C30DDDB2C1F3C752AD1A202D35DA0D
:10029000C1F3160141F4000204B15242C5F1200637
:1002A00002FA06F12A411044B3EBD05F23D0C4B167
:1002B000012DA0EBC35009DCF0BC4FF0004202EA74
:1002C000C352DBB200F5000000F07DBB400000F13E
:1002D000807000EBC350A0F1807040EAD1704900FB
:1002E00009E0490841EAC071A0EBC35000F50000E5
:1002F000400800EBC350F0BC00F05CBB614201223F
:1003000002EB4101001BF6E7F0BC704781F00041B1
:10031000AAE780F00040A7E780EA010210B502F0EA
:100320000043400022D04A001FD0010E01EB1261B1
:10033000C0F35600C2F3560240F4000042F400023B
:10034000A0FB022000047F39140400D0401C50EAB6
:10035000124001D44000491EC2B20C0604EBD0107A
:10036000401C4008802A02D003E0002010BD20F08D
:100370000100002900DA0020184310BD30B480EAE3
:10038000010202F0004530F0004221F0004013D09D
:1003900090B1C30DD40DC2F31601C0F31600E41AD8
:1003A00041F4000140F400027D34914201D3641C09
:1003B00000E04900002C02DA30BC002070474FF406
:1003C00000000023914201D3891A034340084FEAF9
:1003D0004101F7D151B1914202D14FF0004105E006
:1003E00002D24FF0010101E06FF0010103EBC450B4
:1003F000284430BC00F0DEBA2DE9FE4F804681EA89
:100400000300C00F0C46009021F0004123F000458E
:10041000B8EB0200A94105D24046214690461C4651
:100420000B46024623F00040104347D0270DC7F388
:100430000A00C3F30A510290401A019040286BDA77
:10044000C3F3130040F4801B0098924620B10023B0
:10045000D2EB030A63EB0B0B01985946C0F1400243
:10046000504600F086FA06460D4650465946019A17
:1004700000F08EFA10EB08006141002487EA115267
:1004800084EAE7731A4340D0009A62B3019A012AC2
:100490004FEA075215DC001B61EB02014FF00042EE
:1004A00002EA0752CDE90042001C41F580113246B4
:1004B0002B4600F0C5FA03B0BDE8F08F4046214658
:1004C000F9E7001B61EB0201001C41F580130018E5
:1004D0005B412018A2F5001747EB030140EAD570F5
:1004E000B6196D4111E06D084FEA360645EAC07550
:1004F0004FEA0752001B61EB0201001C41F580111D
:1005000049084FEA30000019514132462B4603B0EA
:10051000BDE8F04F00F085BA0098012240000023AA
:10052000D0EB020263EBE073009821464FEAE074DF
:10053000B8EB000061EB0401E9E783F000435BE7FF
:1005400081F0004158E72DE9FE4F81EA030404F0F1
:10055000004421F0004100944FF0000B23F00043D1
:1005600050EA01045ED052EA03045BD0C3F30A549C
:10057000C1F30A552C44A4F2F3340194A0FB0254B5
:10058000C1F3130141F48011C3F3130343F4801347
:1005900001FB024400FB034E840A970A44EA81549B
:1005A00047EA8357A4FB076802958D0A05FB078578
:1005B0004FEA932C04FB0C542705029D4FEA065882
:1005C00047EA1637B5EB08056EEB070C870E920E5F
:1005D00047EA811742EA8312A7FB0201B6EB0B013F
:1005E00064EB00042B0D43EA0C335E1844EB1C5003
:1005F000DA465146E7FB0201C5F313044FEA0B3319
:1006000043EA14534FEA0432019C43EA0603A4F17F
:100610000C040294009CCDE900B400F011FA03B080
:10062000BDE8F08F00200146F9E72DE9F04D81EAA1
:10063000030404F0004B21F0004514464FF0000A7B
:1006400023F0004150EA050220D054EA01021DD0F7
:10065000C5F30A570246C5F31303C1F31300C1F3F0
:100660000A5640F4801543F48013A7EB0608101BCC
:10067000D64608F2FD3873EB050002D308F10108F5
:1006800001E092185B41B8F1000F03DA0020014647
:10069000BDE8F08D00204FF48011064684460EE040
:1006A000171B73EB050705D3121B63EB050306430A
:1006B0004CEA010C49084FEA300092185B4150EABD
:1006C0000107EDD152EA030012D082EA040083EA66
:1006D0000501084305D0101BAB4106D201220023BF
:1006E00006E000224FF0004302E06FF001025310D9
:1006F0001AEB06004CEB085110EB0A0041EB0B0122
:10070000BDE8F04D00F08DB970B521F00043034312
:100710000CD0C1F30A550024D5EB040564EB0403A7
:10072000D617AD1AB34102DB0020014670BD201878
:1007300041EB025170BDC10F80EAE0700844CA0766
:100740009623002100F03FB996230022114600F0C5
:100750003AB90EB5C10F80EAE0700844CA0700211B
:1007600040F233438DE80E000A460B4600F068F96C
:1007700003B000BD0EB540F2334102910021CDE936
:1007800000110A460B4600F05BF903B000BD00F013
:10079000004220F00040C10DC0F3160040F40000FC
:1007A0007F2901DA00207047962903DCC1F1960108
:1007B000C84001E096398840002AF4D04042704792
:1007C00070B5C1F30A5201F000450024C1F31301D2
:1007D00040F2FF3341F480119A4201DA002070BDEB
:1007E00040F233439A42A2F2334203DC5242FFF713
:1007F00007FD00E090402C43F1D0404270BD00F076
:10080000004230F000400AD0C10D01F56071C0F324
:10081000160042EA0151C208400711437047002008
:100820000146704730B5041E71F1000404DB4FF03F
:100830000044404264EB0101141E73F1000405DB27
:100840001C464FF00043524263EB04038B4208BF47
:10085000824230BD30B5041E71F1000404DB4FF05C
:100860000044404264EB0101141E73F1000405DBF7
:100870001C464FF00043524263EB0403994208BF09
:10088000904230BD01F0004330B421F0004150EA05
:10089000010206D00A0DA2F56072C1F31301002A0D
:1008A00002DC30BC00207047440F44EAC104C100A0
:1008B000E01830BC00EBC25000F07CB8002801DB2F
:1008C000C0F10040002901DBC1F1004181427047C5
:1008D000002801DBC0F10040002901DBC1F100412B
:1008E0008842704730B50B46014600202022012483
:1008F00009E021FA02F59D4205D303FA02F5491BEE
:1009000004FA02F52844151EA2F10102F1DC30BD03
:100910002DE9F05F0546002092469B468846064634
:10092000814640241BE02846414647462246FFF7C1
:1009300067FC53465A46C01A914110D311461846D7
:10094000224600F016F82D1A67EB01084F462246A2
:100950000120002100F00DF817EB00094E41201E88
:10096000A4F10104DFDC484631462A464346BDE88F
:10097000F09F202A04DB203A00FA02F100207047A1
:100980009140C2F1200320FA03F3194390407047CD
:10099000202A06DBCB17203A41FA02F043EAE07343
:1009A00006E041FA02F3D040C2F120029140084330
:1009B000194670470029A8BF7047401C490008BF6E
:1009C00020F00100704710B4B0FA80FC00FA0CF07F
:1009D00050EA010404BF10BC704749B1CCF12004B7
:1009E00021FA04F411FA0CF118BF01212143084344
:1009F000A3EB0C01CB1D4FEA00614FEA102042BF70
:100A0000002010BC704700EBC35010440029A4BF65
:100A100010BC7047401C490008BF20F0010010BC0A
:100A2000704710B5141E73F1000408DA401C41F140
:100A3000000192185B411A4301D120F0010010BD62
:100A40002DE9F04D92469B4611B1B1FA81F202E0D8
:100A5000B0FA80F220329046FFF78BFF04460F4633
:100A600040EA0A0041EA0B0153465A46084313D0B4
:100A7000114653EA010019D0C8F140025046FFF771
:100A8000BFFB05460E46504659464246FFF771FFEA
:100A9000084305D0012004E020463946BDE8F08D2A
:100AA0000020054346EAE0762C4337430A98630565
:100AB000E40AA0EB08000022FD0A44EA47540A3089
:100AC00002D500200146E9E7010510196941DDE979
:100AD000084500196941BDE8F04DA2E7C1F30A528B
:100AE000C1F3130140F2FF3341F480119A4202DA5C
:100AF00000200146704740F233439A42A2F233424B
:100B000002DC5242FFF77CBBFFF733BF064C074DB8
:100B100006E0E06840F0010394E8070098471034CD
:100B2000AC42F6D3FFF708FBC80E0108E80E010837
:100B300070B58C1810F8015B15F0070301D110F89F
:100B4000013B2A1106D110F8012B03E010F8016BCC
:100B500001F8016B5B1EF9D12B0705D40023521E4F
:100B60000DD401F8013BFAE710F8013BCB1A921CB7
:100B700003E013F8015B01F8015B521EF9D5A142B5
:100B8000D8D3002070BD0000014801F0A6B80000D5
:100B90001002002070B50C468869FFF7F8FD0D4D76
:100BA000064629466069FFF7B7FB314600F05EFE56
:100BB000FFF7C1FDA061606DFFF7E9FD064629461C
:100BC000206DFFF7A9FB314600F050FEFFF7B3FDA3
:100BD000606570BD0000204110B50C4C606A07F0E4
:100BE00035F96060A06A07F031F9A060206B07F06A
:100BF0002DF96061E06A07F029F92061206A07F0A9
:100C000025F9E060A069401CA06110BD0000002033
:100C100070B5044600688168C943C90716D1816868
:100C200021F00101816001F091FD054609E001F02C
:100C30008DFD401B022804D920688068C043C0078E
:100C400006D020688068C043C007F0D0002070BD87
:100C5000A06A40F01000A062E06A40F00100E0628B
:100C6000012070BD10B50146406A826A12F0500F33
:100C700005D0006A026BBDE8104008461047816A43
:100C800041F40071816201688968C1F3424107291A
:100C90000CD1017B51B9816A21F480718162816A32
:100CA000C90403D4816A41F00101816201F012F8A4
:100CB00010BD10B5406A816A41F040018162C16A8D
:100CC00041F00401C16201F007F810BD10B5406A9F
:100CD00001F001F810BD0000F8B5002604460096AA
:100CE00000688168C943C9072CD0816841F00101BF
:100CF0008160154815490068B0FBF1F000E0401E26
:100D000000900028FBD101F021FD054615E001F01F
:100D10001DFD401B022810D920688068C043C00711
:100D20000BD0A06A40F01000A062E06A40F0010021
:100D3000E06284F824600120F8BD20688068C04328
:100D4000C007E4D10020F8BD5800002040420F0049
:100D5000F0B52B4C002734F81120521C92B224F825
:100D600011200A2A01D924F811700588254801EBC1
:100D7000810200EB820334F81100224C23F810505A
:100D80000A20503404EB820203E033F8104022F8CA
:100D90001040401EC0B2F8D200230020C3F1090C5D
:100DA0000BE002EB400632F810507488A54202D9DD
:100DB00022F810407580401CC0B28445F1DC5B1CF9
:100DC000DBB2092BE9D30E4B0E4C08335089A0340B
:100DD00023F8110054F82120A3F10C05104444F825
:100DE00021006A5C521CD2B26A54082A05D3C0089A
:100DF00023F811006F5444F8217033F81100F0BD4E
:100E0000480100208C1F0020294D8EB0002785F856
:100E1000317085F86D700C973022264968460D9721
:100E2000FFF7FEF90CA8019004220CA9224801F05A
:100E30009DF8DFF888806E46688E0A2807D91C491D
:100E40001F4804F093F91A491D4800F03DF80024AA
:100E500004EB440006EB8001D1E9010214499047FC
:100E6000641CE4B2042CF3D3D8F80420444610499F
:100E70000020904795F83100C00712D0802111481A
:100E800001F05AFC68B195F86C0020F0080085F874
:100E90006C00E2680649012090470A2006F078F9C4
:100EA000CAE7A5F8447095F86C0040F00800EEE73A
:100EB0003C200020F895000810020020600100206E
:100EC000C0050020001401402DE9FC5F044691F8A4
:100ED0003100754D0E46C00775D096F86D00734F02
:100EE000DFF8CCB1DFF8CC81C007F5D0D6E904102B
:100EF000FFF70CFA8146D6E91310FFF707FA0190C5
:100F0000207FFFF737FC4246BA463B46FFF71BFB04
:100F100006460F464846FFF772FC814632463B467E
:100F20000091FFF797FC03D8688C40F0010031E096
:100F3000207FFFF71FFC464642465B46FFF703FB58
:100F400002460B4648460099FFF76CFC11D8A07E7C
:100F5000FFF710FC3246584BFFF7F5FA02460B46F6
:100F600048460099FFF776FC03D8688C20F005000E
:100F700010E0A07EFFF7FEFB3246504BFFF7E3FA8E
:100F800002460B4648460099FFF74CFC03D8688C94
:100F900040F00400688494F82200FFF7EBFB42461F
:100FA0005346FFF7D0FA06460F460198FFF727FC95
:100FB0008A46814632463B46FFF74CFC04D8688C93
:100FC00040F0020035E063E094F82200FFF7D2FB26
:100FD000464642465B46FFF7B6FA02460B4648468F
:100FE0005146FFF71FFC12D894F82000FFF7C2FB10
:100FF0003246314BFFF7A7FA02460B4648465146A8
:10100000FFF728FC03D8688C20F00A0011E094F860
:101010002000FFF7AFFB3246284BFFF794FA024659
:101020000B4648465146FFF7FDFB03D8688C40F05D
:1010300008006884224E8021304601F07DFB044682
:101040001021304601F078FB44EA4000C1B21D4C4B
:10105000012921D001220121204601F072FB8021CB
:10106000304601F069FB0028688C17D020F0200082
:10107000688415484FF48061B0F8580088B1688CD6
:1010800078B1002202B02046BDE8F05F01F059BB04
:10109000688C20F00F00CCE70022DCE740F0200055
:1010A000E6E70122EEE70000D01600209999B93F4B
:1010B0009999A93F9A9999999999A9BF9999B9BF6D
:1010C0000014014000180140C0050020FEE70000A8
:1010D00005F082F9034800F007F80A2006F058F8F6
:1010E000F6E700003C2000202DE9F05F0446674849
:1010F000674E684DC1884FF0000A01290CD00022CC
:101100004021654801F01DFBA5F894A085F86DA06D
:10111000C5F88CA0BDE8F09F8046B0F84A00FFF704
:1011200029FBB14632465D4BFFF70DFA06460F46E6
:101130002069FFF764FB32463B46FFF773FB01D89B
:10114000012700E000274646B8F84E00FFF712FBE3
:10115000CB464A46514BFFF7F6F980468946E06C8C
:10116000FFF74DFB42464B46FFF75CFB01D80120E1
:1011700000E00020074395F8A00008D040F02000D0
:1011800085F8A000B6F8480040F0200007E020F005
:10119000200085F8A000B6F8480020F02000A6F84E
:1011A0004800B6F94C00FFF7D4FADFF8F0905A4641
:1011B0004B46FFF7C8F9074688466069FFF71FFBF3
:1011C0003A464346FFF746FB0BD895F8A00020F0BF
:1011D000200085F8A000B6F8480020F02000A6F80E
:1011E0004800B6F85000FFF7C5FA5A464B46FFF7DD
:1011F000AAF9074688462069FFF701FB3A464346AD
:10120000FFF728FB14D2D4E90410FFF761FB03D2E7
:1012100094F8A200C10718D095F8A00020F0200093
:1012200085F8A000B6F8480020F02000A6F8480095
:1012300095F8A000800617D4A5F894A0BDE8F05F4B
:1012400000224021144801F07CBA40F0010084F8EB
:10125000A20095F8A00040F0200085F8A000B6F8A4
:10126000480040F02000E1E7B5F89400B6F85210CD
:1012700088427FF64FAF01224021074801F061FA12
:101280004FF4FA60A5F8940044E70000C005002080
:101290009A9999993C200020001801409999B93FEA
:1012A00070B5044690F830000E46010701D4C00620
:1012B00007D560692062E061A16BBDE87040002045
:1012C000084730784FF00005000712D52169A06962
:1012D000FFF7F4FA05D894F8300020F0200084F8E5
:1012E000300094F83000410603D4658620F00200F7
:1012F0000AE0608EB0F5967F08D94FF49B70608647
:1013000094F8300040F0020084F8300094F8300087
:10131000010701D441060FD4A16B0020884794F83F
:101320003000A562658620F0030084F83000E56097
:1013300060692062E06170BD94F82F10B4F900205C
:10134000914226DB84F82F50A5863146204603F0D3
:1013500069F81C49A06A884202DA1B49884207D30F
:10136000658694F8300020F0020084F83000A56211
:1013700020892188484301B294F82E004843FFF7A2
:10138000E8F9124A124BFFF7DEF8FFF719FA20814D
:1013900070BD400707D50020A16B30348847207806
:1013A00020F001000BE0A08EB4F908108842F2DAB8
:1013B0000120A16B30348847207840F00100207074
:1013C00070BD00000000A0400000A0C07B14AE472C
:1013D000E17A843F0200C2EB021001EB800004D0EE
:1013E000034A8263A031FFF75BBF024A8A63F9E7D1
:1013F0004D3F0008C55700082DE9F04F87B005465E
:1014000000200C460090019001462846FFF7A0FC02
:10141000ADF800000121A81CFFF79AFCADF802000E
:101420000221281DFFF794FCADF804000321A81D3C
:10143000FFF78EFCADF80600BDF90000FFF789F953
:10144000EB4AEC4BFFF77FF8EB4AEC4BFEF7D4FF8F
:10145000FFF718FA8146BDF90200FFF77AF9E44A6E
:10146000E44BFFF770F8E44AE44BFEF7C5FFFFF7E3
:1014700009FADFF88CA30290BAF91200FFF769F9B4
:10148000E04AE14BFFF75FF8074650468846B0F95F
:101490001400FFF75EF9DFF874B3DD4B5A46FFF72F
:1014A00052F80022DB4BFEF7A7FF05460E464846E2
:1014B000FFF7A5F92A463346FFF745F83A46434673
:1014C000FEF79AFFFFF7DEF90AF188010490D24B8C
:1014D00004AAA1F1180004F089F85046B0F95A00A6
:1014E000FFF737F9C74AC84BFFF72DF807465046B4
:1014F0008846B0F95C00FFF72CF95A46C44BFFF759
:1015000022F80022C34BFEF777FF05460E460298ED
:10151000FFF775F92A463346FFF715F83A46434672
:10152000FEF76AFFFFF7AEF9BB4B0AF1E801029044
:101530005B1C02AAA1F1180004F058F8DFF8D8B239
:101540000BF1180BDBF80000FFF759F90646606A4B
:101550000F461434FFF753F9AA4AAB4BFEF7F3FFDB
:10156000054632463B460091FEF7EDFF8046894630
:1015700028460022A74B0099FEF7E2FF06460F46D9
:1015800006910498FFF73BF93B463246FEF7DBFF36
:1015900042464B46FEF730FFFFF774F92060E06EDD
:1015A000FFF72DF902460B4628460099FEF7CBFFC0
:1015B00005460F46DDF818800298FFF720F94346EC
:1015C0003246FEF7C0FF2A463B46FEF715FFFFF7FF
:1015D00059F9A066BAF94600BAF944600AF116054D
:1015E000801BFFF7A8F801468C48FEF7C7FE82462D
:1015F0003046FFF7AEF88A4A8A4BFEF7A4FF06464C
:1016000006910F46BDF90400FFF7A3F84FF06632CC
:10161000854BFEF798FF6FF00B02FFF775F84FF060
:101620003332824BFFF701F83B463246FEF785FF27
:10163000804689465046FFF7E2F8074642464B4649
:101640000091FEF780FFFFF71DF906998246B0462C
:101650000E46BDF90600FFF77CF84FF06632724B7C
:10166000FEF771FF6FF00B02FFF74EF84FF03332C9
:101670006E4BFEF7DAFF42463346FEF75EFF024648
:101680000B4638460099FEF75EFFFFF7FBF8039024
:10169000B5F90000FFF75DF8614A624BFEF753FFB2
:1016A00007468946B5F90200FFF753F8574A584BE9
:1016B000FEF749FF0022574BFEF79EFE064688467E
:1016C0005046FFF79CF832464346FEF73CFF4B4638
:1016D0003A46FEF791FEFFF7D5F849490590B83133
:1016E000ABF1160305AAA1F1180003F07FFFB5F9CD
:1016F0004800FFF72EF84A4A4A4BFEF724FF0646F9
:101700008846B5F94A00FFF724F8404A404BFEF7F7
:101710001AFF00223F4BFEF76FFE05460F46039867
:10172000FFF76DF82A463B46FEF70DFF434632466B
:10173000FEF762FEFFF7A6F83D490390ABF11503F3
:1017400003AAA1F1180003F051FF5D46DBF8040085
:10175000FFF755F807468846E06CFFF750F8294A2E
:10176000294BFEF7F0FE8B4606463A464346FEF707
:10177000EAFE81468A46304659460022254BFEF74E
:10178000DFFE0746009188460598FFF738F8434684
:101790003A46FEF7D8FE4A465346FEF72DFEFFF7BF
:1017A00071F88046E063606FFFF729F832465B46C8
:1017B000FEF7C9FE8A46009981463E460F460398C9
:1017C000FFF71DF832463B46FEF7BDFE4A4653463C
:1017D000FEF712FEFFF756F8014620672068C5E9BC
:1017E0000008A06E6167E06607B0BDE8F08F0000FA
:1017F0005839B4C876BEAF3F280F0BB5A679F93F6C
:10180000C00500207B14AE47E17A843F2D431CEBDA
:10181000E2361A3F0000F03F4001002000007A4409
:101820009A9999999999B93F66660A403333E33F8B
:10183000D8060020014800F0DBBC00004002002078
:1018400030B590F840500124AC40C56B6C60046822
:1018500063604368102B036803D099600068C2601E
:1018600030BD9A600068C16030BD00002DE9F041D4
:101870000C460646FEF78BFF2149054616F1FF4F41
:101880008846304619D3FEF741FDFEF780FF074634
:101890001C48864206D341463046FEF7E5FCFEF77B
:1018A00076FF00E00120AF421ADBA8421EDCAC420A
:1018B0001CDC681E84421EDB1EE0FEF7D5FCFEF732
:1018C00066FF07464046464506DB01463046FEF7C2
:1018D0001DFDFEF75CFF01E04FF0FF30AF4201DD80
:1018E0003C4609E0A84201DBAC4201DA2C4603E0A9
:1018F000681C844200DD04462046BDE8F0810000FB
:10190000CDCC4C3ECDCC4CBE7047000070B50446EB
:101910000D46B0F90000FEF70EFF2968FEF7D8FF6C
:1019200001D2002028E034F9060FFEF704FF2968F1
:10193000FEF7CEFF01D201201EE034F9060FFEF7BC
:10194000FAFE2968FEF7C4FF01D2022014E034F940
:10195000060FFEF7F0FE2968FEF7BAFF01D203205A
:101960000AE034F9060FFEF7E6FE2968FEF7B0FF3D
:1019700001D2042000E00520184A0021184B5578B8
:10198000A84203D0A3F89610A3F8981050701078CE
:10199000144D10B101281FD110E0A088B3F8966053
:1019A00000EBC00404EB0010B6EB800F01D801225D
:1019B0000AE0A3F898100120107070BDB3F89800E9
:1019C0006488A04206D800222846BDE8704008215D
:1019D00000F0B7BEA3F89610117070BD9001002002
:1019E0003C2000200018014072B6FEE790F8A010DD
:1019F000890713D40A4A0B4B118AC3F89010D0F808
:101A0000901000290AD0D0F88C30C1EB0111B3EB53
:101A1000810F03D30021C0F88C10D18070470000E3
:101A2000C00500203C2000202DE9F041194C1A4D42
:101A3000E0882978884207D000266680012805D0F2
:101A400001206080A0792870BDE8F0811349B4F8C6
:101A50006400088003F0C2FE02F070FF104F386986
:101A6000FEF7CDFE02460B460EA004F03BF8F86CE4
:101A7000FEF7C5FE02460B4611A004F033F817A08E
:101A800004F030F81C48C7F89C60807887F879002B
:101A9000D8E70000C0050020000000203A01002027
:101AA0003C2000202054656D70657261747572650C
:101AB0002053563A2025302E3266A1E60D0A00004A
:101AC0002048756D69646974792053563A20253031
:101AD0002E3266252572680D0A0000002D2D2D2D51
:101AE0002D2D2D2D2D2D2D2D2D2D2D2D2D2D2D2D26
:101AF0002D2D2D2D0D0A000040000020F8B50026E8
:101B00000446009690F8240001280BD0012084F8A8
:101B100024002046FFF77CF82046FFF7DDF8070099
:101B200002D050E00220F8BDA06A20F4885040F0B6
:101B30000200A062022000F0CDFE25490968B1FB39
:101B4000F0F0400000E0401E00900028FBD120682B
:101B5000816841F00801816000F0F8FD054608E069
:101B600000F0F4FD401B0A2803D9206880680007B4
:101B700015D4206880680007F2D42068816841F09D
:101B80000401816000F0E2FD054612E000F0DEFD98
:101B9000401B0A280DD920688068400709D5A06A33
:101BA00020F0020040F01000A06284F824600120C0
:101BB000F8BD206880684007E8D4A06A20F00200E1
:101BC00040F00100A06284F824603846F8BD0000AF
:101BD0005800002070470000F8B50023009390F8EB
:101BE00024201C46012A12D0012280F824204A68B1
:101BF0001F26072A0DD205686F6B521E02EB820268
:101C00009640B7430E68964037436F6319E0022051
:101C1000F8BD05680D2A0AD22F6BD21F02EB820293
:101C20009640B7430E68964037432F6309E0EF6A4A
:101C30000D3A02EB82029640B7430E689640374356
:101C4000EF620A68072605680A2A0AD3EF680A3A8B
:101C500002EB42029640B7438E6896403743EF60EE
:101C600008E02F6902EB42029640B7438E68964027
:101C700037432F610A68102A01D0112A20D1124D52
:101C80000268AA4217D195682D0219D4956845F4C7
:101C9000000595600968102912D10C490C4A0968A1
:101CA000B1FBF2F101EB8101490000E0491E009116
:101CB0000029FBD104E0816A41F020018162012307
:101CC00080F824401846F8BD002401405800002048
:101CD00040420F0070477047704770B50446006877
:101CE00006684568A90625D5B10723D5A16AC906A6
:101CF00003D4A16A41F40071A1628168C1F3424139
:101D0000072910D1217B71B9416821F02001416080
:101D1000A06A20F48070A062A06AC00403D4A06A04
:101D200040F00100A0622046FFF7D4FF21686FF069
:101D30001200086028062ED570072CD5A06AC006B0
:101D400003D4A06A40F40050A06220688168C1F307
:101D50000231072909D04168490515D48168C1F3CA
:101D60004241072910D1217B71B9416821F08001DE
:101D70004160A06A20F48050A062A06AC00503D42C
:101D8000A06A40F00100A0622046FFF723FF21680F
:101D90006FF00C00086068060CD5F0070AD0A06A46
:101DA00040F48030A062204600F096F821686FF081
:101DB0000100086070BD00002DE9F04104004FF003
:101DC00000057FD0A06A002628B9E66284F8246066
:101DD000204600F083F82046FEF71AFFA16AC906E4
:101DE00000D420B1A06A40F01000A0626AE0A16AAD
:101DF00021F4885141F00201A162334923688B42EA
:101E0000E16904D1B1F5402F01D14FF40021277BC6
:101E10004FF4807C41EA470261680A43A16861454A
:101E200008D0012906D0002194F814E0BEF1010F7A
:101E300002D00AE06146F7E7C7B1A76A47F020077A
:101E4000A762E76A47F00107E7625F6827F469471E
:101E50000F435F6021688B681C4F3B4013438B60CE
:101E6000A16861450BD0012909D00CE0DFF860E0E2
:101E7000A7690EEB47370F4347F40061E5E7218A76
:101E80000D05A5F580152168CB6A23F470032B435B
:101E9000CB62216889680F4B1940914208D1E662F4
:101EA000A16A21F0020141F00101A162BDE8F081C7
:101EB000A06A20F0020040F01000A062E06A40F04A
:101EC0000100E0620120F1E7003C0140FDF7E1FF85
:101ED00000E0FFFFFE0E1FFF7047000070B586B0E8
:101EE00000240646009401940294039400681A4961
:101EF00088422ED11949886940F400708861886948
:101F000000F400700490886940F0040088618869DA
:101F1000694600F00400049017200090032001900F
:101F20000F4800F011FB104D0E48C5E90004802059
:101F3000C5E9024040002861800068612020C5E9B1
:101F40000604284600F078FA08B1FFF74DFD356227
:101F50006E6206B070BD0000002401400010024017
:101F60000008014008000240400200202DE9F0472F
:101F7000894604463B4900683B4F0E1D9046884207
:101F800001D0B84207D1306810F4702F03D001257A
:101F90002846BDE8F08794F8240001280CD00120E1
:101FA00084F824002046FEF797FE05004FF000015C
:101FB00004D084F82410EBE70220EAE7A06A40F698
:101FC0000162904340F48070A0622068B84218D14A
:101FD000326812F4702F14D0A06A40F48010A0620E
:101FE0003068400505D5A06A20F4005040F48050C8
:101FF000A062A06AC0040AD5E06A20F00600E06290
:1020000006E0A26A22F48012A2624068E9E7E16277
:1020100084F82410216A15488862216A1448C8622D
:10202000216A1448086321686FF002000860206884
:10203000816841F480718160216843464A464C3191
:10204000206A00F037FA20688168C1F3424107290D
:10205000816803D041F48011816099E741F4A001C7
:10206000FAE700000024014000280140650C000848
:10207000CD0C0008B30C000810B590F82110002218
:10208000022905D00421816380F82020012010BDA1
:1020900001680B6823F00E030B6001680B6823F0E6
:1020A00001030B6090F84030012404FA03F1C36B84
:1020B000596080F8214080F82020104610BD0000B3
:1020C0002DE9F05F90F821100024022903D00421AB
:1020D0008163012485E001680A6822F00E020A602B
:1020E00001680A6822F001020A603F4E3E4FB215B5
:1020F000DFF8F4C0DFF8F090DFF8ECA0DFF8E8B02C
:10210000DFF8E4E00168783F13011502ACF1640CDC
:10211000A9F15009AAF13C0AABF1280BAEF1140E5B
:102120004FF48018B14227D9B9420ED0614512D080
:1021300049451DD0514518D0594518D0714501D198
:10214000424615E0294EB14201D1012210E0274E4E
:102150001436B14201D110220AE0244E2836B14291
:1021600006D0224A3C32914201D11A4600E02A466A
:102170001E49091F0A602BE0B94213D0614517D0F0
:10218000494522D051451DD059451DD0714501D139
:1021900042461AE0B14202D14FF0807215E0134E70
:1021A000B14201D1012210E0104E1436B14201D1EA
:1021B00010220AE00D4E2836B14206D00B4A3C32BE
:1021C000914201D11A4600E02A46074980394A6007
:1021D000012180F82110002180F82010416B01B10D
:1021E00088472046BDE8F09F800002400804024076
:1021F0002DE9F05FC16B0B6801680A68046C4FF051
:10220000040808FA04F8844D844E854FDFF814C2A0
:10221000DFF81492DFF814A2DFF814B2DFF814E24A
:1022200018EA030F65D05FEA427862D50A68920621
:1022300003D40A6822F004020A60DFF8F0814FF448
:102240008062016808F1140813011402414524D981
:10225000A9420DD0B1420FD0B9421AD0614515D074
:10226000494515D0514501D1120312E0594501D11C
:1022700004220EE0714501D140220AE06D4D143573
:10228000A94206D06B4A2832914201D11A4600E099
:1022900022466749091F0A6029E0A94213D0B142CA
:1022A00015D0B94220D061451BD049451BD05145BE
:1022B00002D14FF4800217E0414502D14FF0806215
:1022C00012E0594501D104220EE0714501D14022AE
:1022D0000AE0584D1435A94206D0564A2832914298
:1022E00001D11A4600E022464B4908394A60C16ACA
:1022F00071E04FF0020808FA04F818EA030F70D0F2
:102300005FEA82786DD50A68920606D40A6822F0E0
:102310000A020A60012180F82110DFF810814FF4D1
:102320000072016808F1140813011402414524D910
:10233000A9420DD0B1420FD0B9421AD0614515D093
:10234000494515D0514501D1120312E0594501D13B
:1023500002220EE0714501D120220AE0354D1435EC
:10236000A94206D0334A2832914201D11A4600E0F0
:1023700022462F49091F0A6029E0A94213D0B14221
:1023800015D0B94220D061451BD049451BD05145DD
:1023900002D14FF4001217E0414502D14FF0007214
:1023A00012E0594501D102220EE0714501D12022EF
:1023B0000AE0204D1435A94206D01E4A2832914227
:1023C00001D11A4600E02246134908394A6000212B
:1023D00080F82010816A00291CD0BDE8F05F084712
:1023E000FFE70825A5401D4214D0120712D50A6840
:1023F00022F00E020A6090F84020C36B012101FA1E
:1024000002F25A60816380F82110002180F82010C8
:10241000016BE0E7BDE8F09F080002401C000240AD
:102420003000024044000240580002406C0002406C
:10243000080402401C04024030B560B11A4B016828
:102440001422994209D2194B0B44B3FBF2F29200C9
:102450000264174A0AE0012030BD134B5B420B4473
:10246000B3FBF2F2920002640F4A083AC2630222FE
:1024700080F821200A6843F6F0739A43F0E90134AA
:102480002343D0E902452C43234304692343446991
:1024900023438469234313430B60002141630122DA
:1024A00042770177084630BD08040240F8FFFDBFBF
:1024B0000000024070B5044690F820000025012875
:1024C0000CD0012084F8200094F821600020012E17
:1024D00006D084F820000225284670BD022070BD79
:1024E000022684F82160A0632068066826F00106B1
:1024F00006602046FFF7A4F9E06A0028206801681A
:1025000002D041F00E0106E021F0040101602068D4
:10251000016841F00A0101602068016841F0010191
:102520000160D9E770B5044600F010F90546601C5B
:1025300002D004480078044400F008F9401BA0428F
:10254000FAD370BD4C0000202DE9F84FDFF8C091A0
:102550000024A9F1040B23464FF00F0809F1040AE7
:10256000ABF1040ECCE00127A7403A40BA4272D149
:10257000DFF8A0C14D68A5EB0C0665452BD00DDC3E
:10258000032D34D005DC35B3012D19D0022D2FD108
:102590001BE0112D16D0122D2AD119E0B6F5881F97
:1025A00019D006DCB6F5803F15D0B6F5801F1FD1D7
:1025B00011E0B6F5001F0ED0B6F5041F18D10AE0E1
:1025C000CB6815E0CB681B1D12E0CB6808330FE029
:1025D000CB680C330CE08B682BB1012B4FF0080358
:1025E00003D0476104E0042302E0076100E0002318
:1025F000FF2A01D8064601E000F104064FEA8405EF
:1026000001D9A5F12005376808FA05FC27EA0C076F
:1026100003FA05F547EA050737604D68ED006ED50A
:102620003D4DAE6946F00106AE61AD6924F003068A
:1026300005F001050095394D7719BE68A5072D0FE6
:1026400008FA05FC26EA0C06DFF8D4C0604503D181
:102650004FF0000C25E052E0DFF8C8C0604502D121
:102660004FF0010C1DE0DFF8C0C0604502D14FF013
:10267000020C16E0DFF8B4C0604502D14FF0030C45
:102680000FE0DFF8ACC0604502D14FF0040C08E069
:10269000DFF8A0C0604502D14FF0050C01E04FF01B
:1026A000060C0CFA05FC4CEA060CC7F808C04D688D
:1026B000D9F80060ED024D4601D5164300E096437F
:1026C0002E604D68DAF80060AD02554601D516431C
:1026D00000E096432E604D68DBF80060AD035D4678
:1026E00001D5164300E096432E604D68DEF8006089
:1026F000ED03754601D5164300E096432E60641C39
:102700000A6832FA04F57FF42EAFBDE8F88F0000B6
:1027100008040140000011100010024000000140B8
:1027200000080140000C014000100140001401406D
:1027300000180140001C01408068084000D00120C2
:1027400070470AB1016170470904FBE701488068DE
:10275000704700004C000020024881680278114454
:10276000816070474C000020074810B5016841F0B7
:1027700010010160032000F095F80F2000F006F82A
:1027800000F03EF8002010BD0020024000B50146D8
:1027900087B00022192000F065F8192000F054F8E5
:1027A0001348816941F400618161806905A900F4E1
:1027B00000600690684600F0F9F900F027FA0D492C
:1027C0000D4AB0FBF1F10D48491E0260416040F234
:1027D000E7320021C0E90321816000F06FFF10B1F2
:1027E000012007B000BD054800F0E4FFF9E7000054
:1027F0000010024040420F00002C0140580400200D
:102800000F4808B5816941F001018161816901F0DA
:1028100001010091C16941F08051C161C06900228C
:1028200000F0805000900F21901E00F01BF8054929
:10283000486820F0E06040F00070486008BD00008B
:102840000010024000000140002809DB00F01F02D8
:10285000012191404009800000F1E020C0F8001102
:1028600070470000F0B40E4B1B68C3F30223C3F1A2
:102870000704042C00D904241D1D072D01D20023B8
:1028800000E0DB1E012606FA04F56D1E0D409D409A
:102890009E40761E164045EA0601F0BC03F032B9B0
:1028A0000CED00E0064A00F0070110684FF6FF0348
:1028B000184040EA012003490843106070470000B7
:1028C0000CED00E00000FA050149012008627047A4
:1028D00000000E4210B501460020284C04292FD0DC
:1028E0000BDC012930D0022929D100F08FF9616871
:1028F000C1F38131491C49001FE0082920D010296B
:102900001DD161682268D20119D51D48C1F38342E7
:10291000C903805C0AD56168194AC1F34041921E1F
:10292000515C184AB2FBF1F1484301E016494843B3
:102930006168490203D440000321B0FBF1F010BDEF
:10294000BDE8104000F072B9216AC1F30122012AEA
:1029500003D1890701D5D00310BD022A05D1616AD0
:10296000890702D549F6404010BD032AFCD12168F1
:102970008903F9D54FF2244010BD00000010024039
:10298000D093000800127A0000093D002DE9F843B9
:1029900004460078344FC00752D0F8690025C000C3
:1029A00008D4F86940F08050F861F869012500F01A
:1029B000805000902D480168C90511D401688046F7
:1029C00041F480710160FFF7C1FE064604E0FFF7A5
:1029D000BDFE801B642822D8D8F80000C005F6D5BB
:1029E000386A10F4407020D0A18801F4407181420F
:1029F0001BD0386A1E49012220F440700A60002270
:102A00000A603862C00710D0FFF7A0FE064641F208
:102A1000883807E0FFF79AFE811B414502D9032061
:102A2000BDE8F883386A8007F4D5386A616820F415
:102A30004070084338621DB1F86920F08050F86199
:102A40002078800705D57868A16820F440400843C5
:102A500078602078C00605D57868616920F4800028
:102A6000084378600020DBE700100240007000405F
:102A7000400442422DE9F0470D46040067D0DFF8DC
:102A80001881D8F8000000F00700A8420CD2D8F84E
:102A9000001021F007012943C8F80010D8F8000001
:102AA00000F00700A84252D120683C4E810712D5A1
:102AB000400703D5706840F4E0607060207800073C
:102AC00003D5706840F4605070607068A16820F0B1
:102AD000F000084370602078C00727D060680128A4
:102AE00010D03168022810D0890700292FDA7168C8
:102AF00021F0030101437160FFF728FE074641F210
:102B000088390CE031688903EFE78901EDE7FFF7C9
:102B10001DFEC11B494502D90320BDE8F08770683E
:102B2000616800F00C00B0EB810FF0D1D8F8001014
:102B3000404601F00701A9420BD9016821F00701C5
:102B400029430160006800F00700A84201D001207D
:102B5000E3E72078400705D57068E16820F4E0607D
:102B6000084370602078000706D57068216920F45A
:102B7000605040EAC100706000F058F87168084A7F
:102B8000C1F30311515CC84006490860064800685B
:102B9000FFF7FCFD0020C0E70020024000100240CB
:102BA000E093000858000020500000200F2202602F
:102BB0000C4A536803F003034360536803F0F003C7
:102BC0008360536803F4E063C36052684FF4E063CA
:102BD00003EAD20202610448006800F007000860BE
:102BE00070470000001002400020024004480549E0
:102BF00000684968044AC1F30221515CC84070472B
:102C00005800002000100240F093000804480549D5
:102C100000684968044AC1F3C221515CC84070474A
:102C20005800002000100240F09300080E4B596835
:102C30000E4801F00C02042A11D0082A0FD10C48CA
:102C4000C1F38342C903805C0AD55968084AC1F3BD
:102C50004041921E515C054A5043B0FBF1F0704771
:102C600004494843704700000010024000127A00F7
:102C7000BE93000800093D002DE9F84F04006FD015
:102C80002078BE4DC00747D06868C0F38100012896
:102C900007D06868C0F38100022809D16868C003C2
:102CA00006D52868800337D560680028E7D033E070
:102CB0006068B0F5803F0BD010B1B0F5A02F11D0F7
:102CC000286820F480302860286820F4802002E002
:102CD000286840F480302860606888B1FFF736FDCE
:102CE000064609E0286840F480202860F0E7FFF7F6
:102CF0002DFD801B642873D828688003F7D50BE06E
:102D0000FFF724FD064604E0FFF720FD801B642842
:102D1000F1D828688003F7D42078DFF86482800730
:102D20004FF0010A4FF0000939D5686810F00C0F18
:102D300007D06868C0F38100022809D16868C00321
:102D400006D42868800714D52069012808D110E02E
:102D50002069B0B1C8F800A0FFF7F8FC064605E00E
:102D600007E1FFF7F3FC801B0228C4D8286880071E
:102D7000F7D52868616920F0F80040EAC1002860B2
:102D80000DE0C8F80090FFF7E1FC064604E0FFF70D
:102D9000DDFC801B022823D828688007F7D4207820
:102DA00000072CD57748A169D9B1C0F800A0FFF77A
:102DB000CDFC064604E0FFF7C9FC801B02280FD8B3
:102DC000686A8007F7D570484FF4FA510068B0FB85
:102DD000F1F0009000BF0098411E0091FAD20EE081
:102DE0007CE0C0F80090FFF7B1FC064604E0FFF776
:102DF000ADFC801B022871D8686A8007F7D4207860
:102E000040075BD5E8690027C00008D4E86940F0B6
:102E10008050E861E869012700F0805000905B482D
:102E20000168C90511D40168834641F480710160CD
:102E3000FFF78CFC064604E0FFF788FC801B642843
:102E40004CD8DBF80000C005F6D5E06801280AD0B0
:102E500008B1052813D0286A20F001002862286AEA
:102E600020F0040002E0286A40F001002862E068D7
:102E700041F2883B88B1FFF769FC064609E0286A01
:102E800040F004002862EEE7FFF760FC811B594523
:102E90005BD8286A8007F7D50BE0FFF757FC06469A
:102EA00004E0FFF753FC811B59454ED8286A800780
:102EB000F7D41FB1E86920F08050E861E069A8B359
:102EC0006968C1F38101022946D00228484606D02C
:102ED000C8F86000FFF73AFC044639E035E04746A1
:102EE000C8F86000FFF732FC064604E0FFF72EFC4E
:102EF000801B022829D828688001F7D4206AB0F501
:102F0000803F05D16868A16820F4003008436860FC
:102F1000D4E908010843696821F474110843686022
:102F2000C7F860A0FFF712FC044605E023E0FFF7B6
:102F30000DFC001B022808D828688001F7D51AE08C
:102F4000FFF704FC001B022802D90320BDE8F88F1C
:102F500028688001F4D40EE00128F7D06868226A5E
:102F600000F48031914204D1616A00F4701088420B
:102F700001D00120EAE70020E8E70000001002404D
:102F8000000042428004424258000020007000408D
:102F9000F8B505004FF0000016460C46009006D02C
:102FA0002CB100226946284600F019F808B101202A
:102FB000F8BD287B2070E87BE070697B6170A97B9D
:102FC000A17056B101F031FEE070607801F02DFE85
:102FD0006070A07801F029FEA0700020F8BD2DE9F6
:102FE000F04791460C465FEA00084AD084B3D8F80F
:102FF00000004068400744D4404601F0B3FE4FF45F
:103000006162B0FBF2F10546B0FBF2F002FB105337
:103010003C20B3FBF0F36370B5FBF2F302FB1352F9
:10302000B2FBF0F300FB1320A070182931D3182055
:10303000B1FBF0F6B1FBF0F200FB1210207040463D
:1030400001F089FE411C04D0A84202D9471B02E0CE
:1030500017E04FF0FF37A6EB061000EB4000C0EB87
:10306000001005EBC0152946404601F0CAFE40B9E4
:10307000781C01D0791900E03946404601F0ADFED8
:1030800010B10120BDE8F0873146404601F0D8FD7F
:1030900000E02170B9F1000F0BD0207801F0C5FDE0
:1030A0002070607801F0C1FD6070A07801F0BDFD76
:1030B000A0700020E6E7000070B5040003D0607C3B
:1030C000002610B105E0012070BD2674204600F0F6
:1030D0003DF802206074204600F00CF9042550BB36
:1030E000204601F004FE30BB2068416821F0070152
:1030F0004160A06820B11448016821F0010101601D
:103100001148001F0168A26821F460711143016039
:103110006068411C04D10120FFF7DCFB58B1401E60
:103120002268C0F303419160216880B2C8602046E4
:1031300001F0F7FD08B16574C5E7E673012060731F
:10314000A0736074002070BD306C004008B500684A
:10315000084988420DD1FFF7B7FB0748C16941F024
:103160000061C161C069054900F000600090012064
:10317000086008BD00280040001002403C044242A4
:103180002DE9F0410D4604003BD0C5B3207C012859
:103190003AD04FF0010884F8108002206074E8787B
:1031A00072B301F039FDE073687801F035FD6073AA
:1031B000A87801F031FDA073C2B2617BE07B01F021
:1031C000E1FD20732870204601F0CCFD4FF46161D1
:1031D000B0FBF1F1002518292DD91822B1FBF2F12D
:1031E000A1EB011101EB4101C1EB011100EBC11693
:1031F0003146204601F005FE0427C8B90BE000E087
:1032000004E00120BDE8F0810220FBE7E07368786C
:103210006073A878CFE7204601F09DFD411C0AD0DD
:10322000B04208D206490144204601F0D6FD10B153
:1032300067742574E5E784F8118025740020E1E7C0
:10324000805101002DE9F0410D46040024D01DB34A
:10325000207C012823D04FF0010884F81080022040
:103260006074F2B1287801F0D7FC4FF4616100FB83
:1032700001F6687801F0D0FCC0EB001006EB800688
:10328000A87801F0C9FC35182946204601F0B9FD9F
:103290000026042718BB10E00120BDE8F0810220C1
:1032A000FBE729784FF4616041436878C0EB001078
:1032B00001EB8000A9784518E6E72068416821F015
:1032C00005014160204601F046FD411C0AD0A8429C
:1032D00008D207490144204601F07FFD10B1677410
:1032E0002674D9E784F8118026740020D5E7000001
:1032F0008051010070B504000AD02068416821F0B7
:1033000008014160FFF722FA05464FF47A7608E09B
:10331000012070BDFFF71AFA401BB04201D903200B
:1033200070BD206840680007F4D5002070BD70B5FE
:10333000040009D0606A002540B125616561A5627D
:1033400094F8510040B10CE0012070BD6068B0F508
:10335000827FF4D0E561F2E784F85050204600F017
:103360003FF8022084F851002068016821F04001F4
:103370000160A088218900F4827001F404410843AF
:10338000A18901F400610843217C01F00201084396
:10339000217D01F001010843218B01F400710843F4
:1033A000217F01F03801084394F8201001F08001DA
:1033B0000843218D01F40051084321680860A06989
:1033C000042101EA1040216848602068C16921F4A5
:1033D0000061C1616565012084F85100002070BD65
:1033E00030B585B0002400940194029403940068E1
:1033F0001549884225D11548C16941F48041C16110
:10340000C16901F480410491816941F00801816141
:1034100080690F4D00F0080004904FF420400090A8
:10342000022001900320039069462846FFF78CF89C
:103430004FF48040CDE90004694628460294FFF726
:1034400083F805B030BD0000003800400010024095
:10345000000C01402DE9FF4F81B0044690F8500068
:10346000012500270E9E9846934601280FD0AA46B4
:1034700084F850A0FFF76AF994F851108146626809
:10348000404601290DD0B2F5827F08D103E0022029
:1034900005B0BDE8F08FA2680AB9042901D002275F
:1034A000C7E00299002968D0BBF1000FFBD0B8F14A
:1034B000000FF8D094F85110042902D0052184F8A7
:1034C000511000216165C4F838B0A4F83E80A4F81A
:1034D0003C80029A2263A4F83680A4F834802164E8
:1034E000616421680A68520603D40A6842F0400207
:1034F0000A60E168B1F5006F616803D0E1B30128AB
:1035000043D07AE009B1012838D1206B21680088C6
:10351000C860206B801C2063E08E401EE0862DE09A
:103520002068816889070DD5E18E59B1012D09D137
:10353000216B0988C160206B801C2063E08E401ED7
:10354000E086002520688168C9070BD0E18F49B16A
:10355000C068A16B0880A06B801CA063E08F401E38
:10356000E0870125FFF7F2F8A0EB0900B04205D390
:10357000701C03D003275AE007E056E0E08E0028D5
:10358000CED1E08F0028CBD13DE0206B21680078C0
:103590000873206B401C2063E08E401EE0862CE008
:1035A0002068816889070DD5E18E59B1012D09D1B7
:1035B000216B09780173206B401C2063E08E401E54
:1035C000E086002520688168C9070BD0E18F49B1EA
:1035D000C068A16B0870A06B401CA063E08F401E08
:1035E000E0870125FFF7B2F8A0EB0900B04202D353
:1035F000701C02D0BEE7002EBCD0E08E0028CFD1D8
:10360000E08F0028CCD14A463146204601F042FDE9
:1036100018B10127202060650BE0A06818B9206868
:10362000C16880680090606D08B1012701E084F8EE
:1036300051A0002084F85000384629E770477047B1
:1036400070B590F83C20012A2CD0012580F83C5020
:10365000022280F83D2002685368946823F07006C7
:103660000B6833435360104B02689A420ED00F4BE5
:103670009A420BD0B2F1804F08D00D4B9A4205D040
:103680000C4B9A4202D00C4B9A4204D1496824F068
:1036900080031943916080F83D50002180F83C1070
:1036A000084670BD022070BD002C0140003401406E
:1036B0000004004000080040000C004010B5040069
:1036C00003D094F83D0010B107E0012010BD0020A8
:1036D00084F83C00204600F01FF8022084F83D00EA
:1036E000211D206801F0C0FE012084F8460084F806
:1036F0003E0084F83F0084F8400084F8410084F8DC
:10370000420084F8430084F8440084F8450084F8BB
:103710003D00002010BD000000B585B000210091E3
:103720000191029103911E4A01681E48914217D1EE
:10373000C16941F00201C161C16901F00201049156
:10374000816941F0200181618069694600F02000B3
:103750000490042000901448FEF7F6FE05B000BD6A
:10376000124A914208D1C16941F00401C161C069A6
:1037700000F004000490F1E70D4A9142EED1C169D6
:1037800041F00801C161C069002200F00800049006
:1037900001213220FFF766F83220FFF755F8DDE708
:1037A00000040040001002400014014000080040E6
:1037B000000C004090F83D10012901D00120704715
:1037C000022180F83D100168CA6842F00102CA6017
:1037D00000680E4988420ED00D4988420BD0B0F1E6
:1037E000804F08D00B49884205D00B49884202D04F
:1037F0000A49884204D1816801F00701062903D0F3
:10380000016841F00101016000207047002C014077
:10381000003401400004004000080040000C00405B
:1038200070B5044690F83C000025012817D0012609
:1038300084F83C60022084F83D002068826822F011
:10384000770222F47F4282600868502838D00DDC6D
:1038500020284FD005DC90B3102811D14AE0022077
:1038600070BD302846D040280AD13BE060282FD0D8
:1038700070280DD0B0F5805F03D0B0F5005F12D096
:10388000012584F83D60002084F83C00284670BD86
:10389000CB68D1E90121206801F02CFE2068816805
:1038A00041F0770109E0CB68D1E90121206801F0FE
:1038B00021FE2068816841F480418160E1E719E0E0
:1038C000CA684968206801F06DFE5021206806E052
:1038D000CA684968206801F076FE6021206801F01E
:1038E00013FECEE7CA684968206801F05BFE4021FC
:1038F0002068F4E7226801461046F0E7704770B58B
:103900000446006801694FF00005C943890715D4D2
:10391000C168C943890711D4E91E016101202077DC
:10392000206880698007204602D0FFF7E7FF04E0A7
:1039300000F098F8204600F096F825772068016995
:10394000C943490717D4C168C943490713D46FF065
:1039500004010161022020772068806910F4407F13
:10396000204602D0FFF7CAFF04E000F07BF82046B3
:1039700000F079F8257720680169C943090716D452
:10398000C168C943090712D46FF00801016104201E
:1039900020772068C0698007204602D0FFF7AEFF7D
:1039A00004E000F05FF8204600F05DF8257720681D
:1039B0000169C943C90617D4C168C943C90613D4EC
:1039C0006FF010010161082020772068C06910F4B1
:1039D000407F204602D0FFF791FF04E000F042F85C
:1039E000204600F040F8257720680169C943C907DF
:1039F00008D1C168C943C90704D1891E01612046A5
:103A000000F032F820680169C943090609D4C16889
:103A1000C943090605D46FF0800101612046FFF714
:103A20000DFE20680169C943490609D4C168C9432C
:103A3000490605D46FF040010161204600F047F8C7
:103A400020680169C94389060BD4C168C943890646
:103A500007D46FF0200101612046BDE87040FFF7F8
:103A6000EEBD70BD7047704700680349884201D1C0
:103A7000FEF772BE70470000002C014070B504468E
:103A800090F83C00012810D0012584F83C50022019
:103A900084F83D00204601F03FFD002138B184F854
:103AA0003D5084F83C10012070BD022070BD20689C
:103AB000C26822F04002C2602068C26822F48042DC
:103AC000C26084F83D5084F83C10002070BD7047FF
:103AD0007047000003480068C16841F02001C160E0
:103AE0007047000010040020F8B50168044608681B
:103AF000CA684B6910F00F0F4FF0000559D003F062
:103B0000010602F49077374365D0C10705D0D1058F
:103B100003D5616C41F001016164410705D5D90706
:103B200003D0616C41F002016164810705D5D907BA
:103B300003D0616C41F004016164010707D502F014
:103B40002001314303D0616C41F008016164616C74
:103B500000293AD0800604D5900602D5204601F00F
:103B6000A4FE20684069616CC0F38010090700D48E
:103B700060B3204601F072FE20684069400621D5FE
:103B80002068143050E8001F21F0400140E8001286
:103B9000002AF5D1E06BA8B16D494163E06BFEF7F7
:103BA0008FFA002811D0E06B416B01B0BDE8F04006
:103BB000084783060FD593060DD52046BDE8F8408B
:103BC00001F073BE2046FFF785FFF8BD2046FFF7E2
:103BD00081FF6564F8BD266B2023012E7CD1C606CB
:103BE0007AD5D60678D508684868009048694FF0BD
:103BF0000206400640D5E16B086840680004000CEE
:103C0000E8D0A28D8242E5D9E085886920282DD0B0
:103C100020680C3050E8001F21F4807140E8001249
:103C2000002AF5D12068143050E8001F21F001016E
:103C300040E80012002AF5D12068143050E8001F37
:103C400021F0400140E80012002AF5D184F842300A
:103C5000256320680C3050E8001F21F0100140E877
:103C60000012002AF5D1E06BFEF706FA6663A08D1C
:103C7000E18D401A81B22AE0A08DE18D401A81B217
:103C8000E08D0028A6D00029A4D020680C3050E890
:103C9000002F22F4907240E80027002FF5D1206811
:103CA000143050E8002F22F0010240E80027002FD6
:103CB000F5D184F84230256320680C3050E8002F9D
:103CC00022F0100240E80023002BF5D16663204665
:103CD000FFF7FEFEF8BDFFE705062BD5150629D533
:103CE00094F841002128F5D1A068B0F5805F01D19A
:103CF0002069B0B1206A411C2162216800784860C7
:103D0000E08C401E0004000CE084E3D12068C16810
:103D100021F08001C1602068C16841F04001C160AC
:103D2000D8E7206A0088C0F308004860206A801C39
:103D30002062E5E74006CDD55006CBD5CA682046BF
:103D400022F04002CA6084F8413000F0F1F8C1E787
:103D50004D58000870B5040004D094F841000025C7
:103D600010B106E0012070BD84F84050204600F0FC
:103D700023F8242084F841002068C16821F4005110
:103D8000C160204601F0F2FD2068016921F49041F4
:103D900001612068416921F02A0141612068C16800
:103DA00041F40051C1606564202084F8410084F82A
:103DB00042006563002070BDF0B585B0002400941A
:103DC00001940294039400682D4F2E49022303228C
:103DD0002D4E2E4DB84225D1C86940F40030C8613F
:103DE000C86900F400300490886940F020008861C0
:103DF0008869694600F0200004902020CDE9000386
:103E000003923046FEF7A0FB4020CDE9000469464E
:103E100030460294FEF798FB686840F0E06040F09E
:103E2000080029E01A4FB84227D1C86940F4802021
:103E3000C861C86900F480200490886940F02000BF
:103E400088618869694600F020000490B815CDE9C2
:103E5000000303923046FEF777FB7815CDE90004A6
:103E6000694630460294FEF76FFB686820F0300028
:103E700040F0E06040F03000686005B0F0BD000048
:103E800000440040001002400014014000000140C6
:103E90000048004070472DE9F843044690F841007F
:103EA0001F4615460E46202802D00220BDE8F883A2
:103EB0007EB175B100206064212084F84100FEF7D6
:103EC00045FCA5848046E584A068B0F5805F02D0FB
:103ED00003E00120EAE7206910B1354600260EE034
:103EE00000250CE08021204601F09CFDA0B9ADB179
:103EF00015F8010B21684860E08C401EE084E08CDE
:103F000043464FF0000200970028EBD14FF04001EC
:103F1000204601F087FD30B10320C7E736F8020BD9
:103F2000C0F30800E6E7202084F841000020BDE748
:103F30007047FEE7044B20B1012280211846FEF7AE
:103F400000BC0022F9E7000000100140044B20B142
:103F5000012280211846FEF7F4BB0022F9E7000099
:103F60000010014070B505460C46808CFCF7ECFB58
:103F70002066688FE087A88FA4F84000E88FA4F837
:103F80004200288F24F83C0F95F8400084F82D005B
:103F900095F8360084F82E0006484089FCF7D4FBDB
:103FA0002061A87994F8301060F3861184F83010FD
:103FB00070BD0000C00500202DE9F041054611F05C
:103FC0001F000C4602F01F01C0F12007C2F3471684
:103FD00088460FD07EB1D01BC0F3471600F01F08F3
:103FE00047B33A462146284602F018FEE01984B24B
:103FF0003D441FE04EB90A460EE0202221462846E5
:1040000002F00CFE2034A4B22035761EF6B2F4D2B3
:10401000B8F1000012D0024621462846BDE8F04122
:1040200002F0FCBD20222146284602F0F7FD203494
:10403000A4B22035761EF6B2F4D2E9E7BDE8F081ED
:10404000FEB50024224800940194204902940160A6
:1040500089158160012505730475042606614FF4F6
:1040600060214460C161FDF7A7FE08B1FDF7BCFC0B
:1040700007200094CDE9015069461548FDF7ACFDD5
:1040800008B1FDF7B1FC0220CDE9005069461048A7
:10409000FDF7A2FD08B1FDF7A7FC0320CDE9006004
:1040A00069460B48FDF798FD08B1FDF79DFC05201A
:1040B000CDE9000669460648FDF78EFD08B1FDF71B
:1040C00093FC0348FDF71AFDFEBD000000240140EB
:1040D00010020020054808B5416941F00101416125
:1040E000406900F00100009008BD0000001002408F
:1040F00010B5244B00220121234803F08FF9234CF3
:10410000E06338B14FF47A7103F0CAF910B120A01E
:1041100001F0E8FC1B4A0221183A042003F08EF853
:10412000A063214A0021214803F026F91E4AE061DC
:10413000243200211E4803F01FF91B4A2062483236
:1041400000211C4803F018F9174A60626C32002104
:10415000194803F011F90B4AA062843A002117486C
:1041600003F00AF9074AE062603A0021144803F0BC
:1041700003F9044A20633C3A0021124803F0FCF89A
:10418000606310BDAC930008D90B0008000000204C
:10419000206F7354696D6572537461727420666127
:1041A000696C656421000000989200085152000873
:1041B00035500008716F0008090E0008C14B000857
:1041C00041480008D11000082DE9F04F85B00024C7
:1041D00048480094019402940394816941F040019D
:1041E0008161816901F040010491816941F0100110
:1041F0008161816901F010010491816941F004013C
:104200008161816901F004010491816941F0080133
:104210008161816901F008010491816941F0200107
:1042200081618069DFF8D0A000F0200004900022B6
:104230005F215046FEF785FA01224FF4C0615046D7
:10424000FEF77FFADFF8B4B04FF4805900224946F8
:104250005846FEF776FA0022C0212948FEF771FA87
:1042600040F21F2001250226CDE90005CDE90246D6
:1042700069465046FEF768F94027CDE90075CDE95B
:10428000025669465046FEF75FF94FF48068CDE963
:104290000085CDE9025669465046FEF755F9CDF83E
:1042A00000900396CDE9015469465846FEF74CF953
:1042B0004FF49260CDE90004694612480294FEF77B
:1042C00043F9CDE90075CDE9025669460C48FEF781
:1042D0003BF980208DE86100694609480396FEF7A6
:1042E00033F9012241465046FEF72BFA05B0BDE8EE
:1042F000F08F00000010024000180140000C014047
:104300000010014000140140094810B50749016040
:104310004FF0FF31416000218160FEF7CDFE0028A3
:1043200003D0BDE81040FDF75FBB10BD0028004082
:1043300084020020104810B50E4901604FF48271CC
:10434000416000218160C1604FF400720161C0E9E9
:1043500005123822C0E90721416281620A21C16247
:10436000FEF7E5FF08B1FDF73FFBBDE81040FF2079
:1043700000F080BE003800409802002010B586B0E2
:10438000002418480094019402940394049414495E
:10439000059401604721C0E9011440F2E731C0E90A
:1043A000031480218161FFF789F908B1FDF71CFB37
:1043B0004FF48050009069460A48FFF731FA08B17F
:1043C000FDF712FB049404A906480594FFF738F999
:1043D00008B1FDF709FB0348FFF7ECF906B010BD83
:1043E000000C0040800300200C4810B50A49016011
:1043F0004FF416514160002181600C22C160C0E978
:1044000004128161C161FFF7A5FC002803D0BDE85B
:104410001040FDF7E9BA10BD00440040C803002079
:10442000FEE7FEE72DE9FC5FB0F902A00446B0F913
:1044300006904FF0000B5046FCF78BF905460E46F0
:10444000D4E90401FBF762FF20F00040FCF7D7F944
:104450002A463346FCF7FEF903D260692062E06128
:1044600042E094F82D804046FCF76EF90746019033
:104470004846FCF760F90090656906462846E16900
:10448000FBF744FF3146FBF747FF3946FBF744FF94
:1044900006460098216AFBF73FFF3146FBF7E4FE32
:1044A000074601980090B4F900603046FCF743F9E4
:1044B0002946FBF731FF0099FBF72EFF3946FBF742
:1044C000D3FE074606FB0890FCF735F9014638464F
:1044D000FBF754FF5549884202DA5549884201D317
:1044E000216200E02062E5615046FCF724F9814634
:1044F0004D46216A2069FBF709FF2946FCF7E8F9D8
:1045000006D84FF47A702081C4F80CB0BDE8FC9F47
:104510004D462169206AFBF7F9FE2946FCF7D8F9D8
:1045200004D8A4F808B0C4F80CB0EFE7D4E904103C
:10453000FCF7C4F927D205219AFBF1F0FCF7FBF850
:104540000746D4E90401FBF7E1FE3946FCF7C0F960
:1045500019D225694E462846216AFBF7D7FE8046C8
:1045600039463046FBF7D2FE074628466169FBF71D
:10457000CDFE3146FBF7CDFE4146FBF7CDFE394679
:10458000FBF7FCFE03E0216A2069FBF7BFFE94F80D
:104590003010890700D40020264E3146FBF7BCFEC0
:1045A00007464D46B4F90000FCF7C5F83946FBF75D
:1045B000B3FE2946FBF7E2FE0546E068FCF7BBF8D0
:1045C0002946FBF751FEFCF7E2F8E060002802DA2A
:1045D0005846C4F80CB0B4F9047090FBF7F0FCF73F
:1045E000AAF80546B04204DB4FF47A7047433546DB
:1045F000E760216A2069FBF789FE3146FBF78CFEF4
:104600004946FBF7BBFE01462846FBF72DFE10F19D
:10461000FF4F02D3A4F808B078E7B04202DD4FF4B0
:104620007A7001E0FCF7B3F820816FE70000DC420C
:10463000000048C200007A440246012040F2424392
:104640009A420DD8C2EBC203064A02EB8302B2F9CA
:104650000230B2F90420994200DA0020914200DDD4
:1046600000207047409600082DE9F0414FF4106497
:104670002146002002F076FD05462146002002F08A
:1046800071FD0446002D48D0002C46D040F6860728
:1046900040F24246002034F81010C94325F81010AB
:1046A000401CB042F7D93A460021284602F07BFA76
:1046B00088B13A460021204602F075FA58B100212F
:1046C000084635F8102034F810309A4207D014A06C
:1046D00001F008FADEE718A001F004FA13E0401C2C
:1046E000B042EED90029D5D1194A1A4B1A4F0020F1
:1046F00034F8101022F8101023F8101027F81010BA
:10470000401CB042F4D92946002002F00FFD21469A
:10471000BDE8F041002002F009BDBDE8F0810000D5
:104720005061724C6F6164204572725374203D2059
:10473000313B2121210D0A005061724C6F616420D0
:1047400072656164206661696C2121210D0A000097
:10475000C0050020480E002002170020F8B50446CE
:1047600040F2424084421CD24FF6FF7000EA4405FA
:104770000C4E022206EB44002946FFF71DFC36F8DA
:104780001400C043ADF8000005240520FDF7CAFE63
:1047900029460222684602F006FA002801D0641E6B
:1047A000F3D5F8BDC00500202DE9F0412148224E87
:1047B000042440F2424130F8142036F814309A4272
:1047C00034D020F81430A0B2FFF7C8FF00271B4DEB
:1047D000042C18D00D2C16D00E2C14D0052C03D080
:1047E000102C01D0112C0CD17089FBF7ADFF55F8BE
:1047F000501FFBF78BFD68616F7705F81F7CEF6337
:104800002F76BDE8F08115F8A20F20F0010005F821
:104810008E093089FBF798FF2968FBF777FD6861FF
:104820006F7785F859702F76AF67EAE7641C8C4282
:10483000C1D3E6E702170020480E00203C200020EC
:10484000002002F0F3FB044901204880FFF7ACFF91
:10485000052002F09DFCF9E7C00500202DE9F04F8E
:10486000B0F86E2089B00E46002A3DD0C0880128DD
:104870003AD140F2537042431D481E4900EB4210AA
:10488000D1F89C2082422FD3DFF86C8091F8790018
:10489000894698F80240844226D1706DFBF7AFFF3D
:1048A000DFF858A0DFF858B052465B46FBF74BFEE6
:1048B00005460F46B069FBF7A2FF52465B46FBF781
:1048C00042FE04AA82E8A30098F8000098F80110BC
:1048D0008DE813000B4883784278C1780AA001F074
:1048E00001F90021C9F89C1009B0BDE8F08F000063
:1048F000B03CFFFF3C200020400000209A9999998D
:104900009999B93F43000020323025642F25303279
:10491000642F2530326420253032643A25303264E9
:104920003A253032642C2025302E3166A1E62C2524
:10493000302E3166252572680D0A000010B50DA0D5
:1049400001F0D0F812A001F0CDF80AA001F0CAF8E9
:1049500016A001F0C7F807A001F0C4F81AA000F0F3
:1049600045F81CA001F0BEF8BDE8104001A001F020
:10497000B9B800002D2D2D2D2D2D2D2D2D2D2D2DAA
:104980002D2D2D2D2D2D2D2D2D2D2D2D0D0A0000F4
:1049900020202020202020BAE3CEC2BAE3CAAACF2A
:1049A000E4202020202020200D0A000020202020AC
:1049B000202053746172742020506F696E7420201F
:1049C000202020200D0A0000537461727420546965
:1049D0006D650000202020202020706172616D65CF
:1049E00074657220202020200D0A00000EB50146BB
:1049F0000AA001F077F80B488278417800788DE8BA
:104A00000700094883784278C17808A001F06AF865
:104A1000BDE80E400DA001F065B8000025730D0A39
:104A200000000000400000204300002032302564D8
:104A30002F253032642F2530326420253032643AFD
:104A4000253032643A253032640D0A002D2D2D2D8B
:104A50002D2D2D2D2D2D2D2D2D2D2D2D2D2D2D2D86
:104A60002D2D2D2D0D0A00002DE9F05F514A0C4629
:104A70000027118801EB410100EB41054E485560CC
:104A8000B0F86C1000EB4101B1F86E68C1880029E4
:104A90007DD05188B1427AD2A98800297ED0698818
:104AA0004181298880460181B5F90400C4F890004D
:104AB0006888FBF749FE216DFBF72BFCDFF8FC90C3
:104AC0004946FBF729FC82462888FBF73DFE6169D1
:104AD000FBF71FFC4946FBF71FFC8346B8F826008E
:104AE000FBF748FE054689462AF00040FBF787FEA3
:104AF0002A464B46FBF796FE0ED8B8F82800FBF77F
:104B000039FE054689462BF00040FBF778FE4B4600
:104B10002A46FBF787FE0BD994F8A000C10707D0FF
:104B200014F8A11F401C60F300012170BDE8F09F44
:104B300094F8A1001F4B40F0010284F8A1205868AE
:104B4000D4F88C50B0F90410C1EB0111B5EB810F12
:104B5000ECD3C4F88C701988491C89B21980801D67
:104B6000586084F8317084F86D706786808808B169
:104B70001D29DBD95888401C80B25880B0420BD325
:104B800014F8A00F401C60F30002627001E00EE018
:104B900004E0A8F80670C9E71F80C7E7C78014F8CB
:104BA000A00F6178401C60F300016170BEE71780C0
:104BB0005780BBE738010020C005002000002041DD
:104BC000124C1148134DA06311484FF6FF766067F1
:104BD00094F8A00080070FD5B5F86C000B49C0EB26
:104BE000001000EB400006EA4000B33080B205EB55
:104BF0004000FFF739FF02E00448FCF7F7FE0A2007
:104C000002F0C6FAE4E70000AD5700083C2000209F
:104C1000353F0008C0050020010901EB810100F0CB
:104C20000F0000EB4100C0B27047002102E00A38DB
:104C3000C0B2491C0A28FAD2090740EA116070473D
:104C40002DE9F04104460025C07B627BA37B42E056
:104C5000012A16D0032A14D0052A12D0072A10D010
:104C6000082A0ED00A2A0CD00C2A0AD0042A10D006
:104C7000062A0ED0092A0CD00B2A0AD0022A0DD0FF
:104C800028E01F2B0CD30C2A05D101221346401C0F
:104C900020E01E2B04D30123521C1BE01C2B02D24C
:104CA00003F1010316E011D183B29E0710D16426EF
:104CB000B3FBF6F706FB173636B94FF4C876B3FBED
:104CC000F6F706FB17331BB91D2303E01D2B01D19B
:104CD000032201236D1C8D42BAD3D1B2E0736173FC
:104CE000DAB2A27300F04EF82073BDE8F08170B51F
:104CF0000546FDF72BFD04464FF47A7606E0FDF7F6
:104D000025FD001BB04201D9032070BD2868406812
:104D10008006F4D52868416841F010014160002008
:104D200070BD70B505460068416821F01001416012
:104D3000FDF70CFD04464FF47A7606E0FDF706FD1C
:104D4000001BB04201D9032070BD2868406880066E
:104D5000F4D5002070BD0068016A406A80B240EA64
:104D600001407047006881698AB2C1698BB281696C
:104D700089B28A4203D0C06961F31F40704743EA99
:104D800002407047F0B56426C1EBC1030925B700A6
:104D9000072403EB01130329B3FBF5F100F5FA60D7
:104DA000114401440AD2401EB0FBF6F201EB90011F
:104DB000B0FBF7F0891A0844001D08E0B0FBF6F2DA
:104DC00001EB9001B0FBF7F0891A0844801CB0FB9E
:104DD000F4F104FB1100C0B2F0BD70B50D460646FB
:104DE0000024FFF784FF48B93168280C0862316855
:104DF000A8B248623046FFF794FF00B10124204674
:104E000070BD70B50D4606460024FFF770FF48B927
:104E10003168280C88613168A8B2C8613046FFF754
:104E200080FF00B10124204670BD00002DE9F0474D
:104E30000021A0F5965240F242435F4F9A4206D8B5
:104E400007EB4000A0F54050B0F9801AB0E05E4D8D
:104E50005A4A5B4EDFF86C915C4CA0F5A060D5F827
:104E60008C304FF03C0C12280CD2DFE800F0090C1B
:104E70000F1215181A203A565F7481878A9295A0EE
:104E8000B2F9001094E0B2F9021091E0B2F9041006
:104E90008EE0B2F906108BE0B2F9081088E0E86FF6
:104EA00001E0D5F884002146FBF736FA32E0B7F886
:104EB0003601FBF75FFC06460F4621462869FBF7E3
:104EC0002BFAA969FBF722FA20F00040FBF797FCC8
:104ED0003B463246FBF7A6FC01D82869E3E7A86900
:104EE00018E0B7F83801FBF745FC0F4606462146A7
:104EF000E86CFBF711FA696DFBF708FA20F0004047
:104F0000FBF77DFC32463B46FBF78CFC01D8E86C96
:104F1000C9E7686DFBF73BFC39E0B5F90000FBF72A
:104F200018FC04460F46B5F9080007E0B5F93C0047
:104F3000FBF70FFC04460F46B5F94400FBF709FCEC
:104F400032464B46FBF7FFFA22463B46FBF76DFB2A
:104F5000FBF736FC1BE01E4D80212846FDF7ECFBDD
:104F6000044610212846FDF7E7FB44EA40011FE014
:104F700095F8A20080071BD5012119E0B3FBFCF0D6
:104F800005E0D5F8900010B1B3FBFCF1401A01B276
:104F90000EE010480088FAE7B7F86C000E4907EBFE
:104FA0004000B0F86E080988401A81B200E0518CC8
:104FB00088B2BDE8F0870000C0050020D0160020B0
:104FC0009A9999999999B93F3C2000200000204175
:104FD00000140140380100203A01002070B50D4650
:104FE000114A41F20271B0F5965F12D3884210D295
:104FF000A0F5965084B2148129B22046FFF71CFB1D
:1050000080B10A4820F81450A0F6880020F8145007
:1050100008E0A0F5A06080B21081192802D20449EE
:1050200021F81050284670BD1C010020480E0020B9
:10503000D0160020FFF768F9002209490948FDF75A
:10504000CEFF002208490748FDF7A2FFFCF7ECFC61
:1050500006490748FFF702FC052002F099F8EBE744
:105060004000002084020020430000203C2000205B
:10507000C005002001B582B04FF47A700090012382
:1050800001AA02A90248FEF7E5F99DF804000EBD49
:105090009802002038B50B46009204460022802179
:1050A00000F008F8002804D0606D40F02000606532
:1050B000032038BD2DE9F8431E4691468846044634
:1050C000089DFDF743FB401B351AFDF73FFB0746E4
:1050D00025480068C0F3CB30684338E0701C37D0F7
:1050E000FDF734FBC01BA84203D215B1009860B392
:1050F0002CE02068416821F0E00141606068B0F573
:10510000827F0BD1A068B0F5004F02D0B0F5806F60
:1051100004D12068016821F040010160A06AB0F567
:10512000005F09D12068016821F400510160206806
:10513000016841F400510160012084F85100002011
:1051400084F850000320BDE8F8830025401E00903D
:105150002068816838EA010004D000204845BDD1AC
:105160000020F0E70120F9E7580000202DE9F05F6A
:105170000C460546D4E90410334E344F4FF0010B72
:10518000FBF7C4F8804695F82800FBF7F3FAB14620
:105190003246BA463B46FBF7D6F906460F4628F09C
:1051A0000040FBF72CFB32463B46FBF73BFB10D89D
:1051B00094F82C10287B814217D9401D84F82C00CC
:1051C00084F831B094F8A10040F0010084F8A10007
:1051D0000BE094F8A00094F8A110401C60F30001CB
:1051E00084F8A110002084F82C00D4E91310FBF7F8
:1051F0008DF8804695F82600FBF7BCFA4A465346E0
:10520000FBF7A1F906460F4628F00040FBF7F7FA36
:1052100032463B46FBF706FB0BD894F86810A87B98
:10522000814204D9401D84F8680084F86DB0BDE85F
:10523000F09F14F8A00F6178401C60F300016170CA
:10524000002004F8380CF2E79A9999999999B93F96
:10525000012001F09DFFFBE72DE9F0410024FFF75D
:1052600003FA0C4D2888B0F5965F10D00A4E40F234
:105270004247C4EBC40006EB8000C08825F8140048
:105280002046FFF76BFA641CA4B2BC42F1D3BDE820
:10529000F0810000C00500204096000810B55020A5
:1052A00080F31188BFF34F8FBFF36F8F03F0E8FDDA
:1052B00018B104494FF080500860002080F3118835
:1052C00010BD000004ED00E030B595B0282168461F
:1052D000FAF7BFFF14210AA8FAF7BBFF18210FA89D
:1052E000FAF7B7FF05204FF4803100248DE8130052
:1052F0000120039004904FF4E010CDE9081002253E
:1053000007956846FDF7B8FC08B172B6FEE70F20B6
:10531000CDE90A054FF48060CDE90C4002210AA8CE
:105320000E94FDF7A7FB08B172B6FEE703200F90BD
:105330004FF4807010904FF4404011900FA8FDF78B
:1053400025FB002801D072B6FEE715B030BD7047CE
:105350000148FEF7D4BA00005804002010B50948EF
:10536000FEF7CDFA0748FEF7CAFA06480068C1689A
:10537000C943C90705D1891E0161BDE8104002F08B
:105380008DBC10BD3803002010B53248FEF7B7FAC7
:10539000314A0021314C1088401C80B21080B0F599
:1053A0007A7F2AD3118014F8680F401C207014F8FB
:1053B0003C0C401C04F83C0CE088401CE08034F8B5
:1053C000360C401C24F8360CE078401CE07014F8D1
:1053D000390C401C04F8390CA08D401CA08534F811
:1053E000300F401C24F8090B14F8A109C00704D0A1
:1053F000D4F88C00401CC4F88C00D4F89C00401CED
:10540000C4F89C00B4F89600401CA4F8960094F8E8
:105410007800421C84F87820642801D384F878103E
:105420000F491048CA8892B194F87820B1F8581101
:105430008A420CD201221021FDF783F934F8700F53
:10544000401C24F83C092088401C208010BD00220C
:10545000F1E7000080030020480000203C200020ED
:10546000C005002000180140F0B502681C4D1D4E1B
:105470001D4FDFF878C01E4B4FF0804EA84209D078
:10548000984207D0704505D0B04203D0B84201D051
:10549000604503D122F070044A682243A84209D033
:1054A000984207D0704505D0B04203D0B84201D031
:1054B000604503D122F44074CA6822434C6922F04B
:1054C0008002224302608A68C2620A688262A8423D
:1054D00001D0984201D10969016301214161F0BD08
:1054E000002C01400004004000080040000C004077
:1054F0000034014010B5846842EA032224F47F445A
:105500000A432243826010BD826822F070020A437F
:1055100042F007018160704770B50268002493680B
:105520004D6823F070031D430B6825F007052B43DE
:1055300093604A6812F00F0F31D11211082A2ED24F
:10554000DFE802F02E2E2E2E0B2127040B69D1E965
:1055500002210068FFF7CEFF22E00A68052A10D07A
:105560000268156A136A23F00103136202689369E3
:10557000096923F0F00343EA0111916100680562B3
:105580000EE0012070BD0A698968006800F00AF821
:1055900006E00A698968006800F015F800E0012457
:1055A000204670BD10B5046A036A23F0010303624C
:1055B000836923F0F00343EA021324F00A020A434A
:1055C0008361026210BD10B5036A046A24F01004FE
:1055D0000462846923F0A00324F4704444EA023294
:1055E00043EA01118261016210BD00002DE9F84F0C
:1055F0000E4604461D46174656491068FAF78CFEBB
:105600000090002004EB400134F91020B1F90210A1
:1056100091427DD0401CC0B2DFF83CA1DFF83CB124
:105620000B28EFD3287834F91000FBF784F80099A1
:10563000FBF744F93BD8287804EB4000B0F90200AE
:10564000FBF779F80099FBF743F930D82D7804EB94
:10565000450034F91590B0F90210A1EB0900FBF7F1
:1056600078F8044606EB450036F91550B0F902000B
:105670008846401BFBF76DF843462246FAF7D5FFF4
:10568000FBF700F904464846FBF755F82146FAF7C0
:1056900043FE06462846FBF74EF83146FAF736FE3B
:1056A000054621460098FAF737FE294634E0B4F95A
:1056B0001600FBF740F80099FBF700F939D2B4F96E
:1056C0001610B4F91480A1EB0800FBF742F8044669
:1056D000B6F91600B6F914600D46801BFBF739F8D1
:1056E00022462B46FAF7A1FFFBF7CCF805464046C9
:1056F000FBF721F82946FAF70FFE04463046FBF780
:105700001AF82146FAF702FE04462946009800E0FE
:105710000DE0FAF701FE2146FAF7A6FDFBF76FF858
:1057200052465B46FAF70FFFFBF7ACF83860BDE86E
:10573000F88FB4F90000FAF7FEFF0099FBF7C8F8FC
:10574000F5D328780B2801D2401C00E000202870F7
:10575000EDE70000000020419A9999999999B93F85
:1057600070B505460C46C08BFAF7EEFF6062688D97
:105770006080A88DA080E88DE080688E208095F8FC
:10578000340084F82D0095F8300084F82E00064887
:105790000089FAF7D9FF2061A87994F8301060F3F6
:1057A000861184F8301070BDC0050020044B20B174
:1057B000012240211846FCF7C4BF0022F9E700008F
:1057C00000100140044B20B1012240211846FCF793
:1057D000B8BF0022F9E700000010014010B5124CDC
:1057E00012480022A1790170217A417001461048C7
:1057F000FDF728FD08B1FCF7F7F80C48A178C01CAC
:1058000000224170217981702178A1F5FA61C1707F
:1058100001460748FDF7B4FC002803D0BDE810405E
:10582000FCF7E2B810BD0000D016002040000020B8
:105830008402002010B502F0BBFA002805D0D0E9A0
:105840000012BDE810401046084710BD10B5406A70
:105850000021C185C184FEF73DF910BD01680C31FE
:1058600051E8002F22F4907241E80023002BF5D17B
:105870000168143151E8002F22F0010241E80023B1
:10588000002BF5D1016B012909D101680C3151E8D8
:10589000002F22F0100241E80023002BF5D1202137
:1058A00080F8421000210163704708B590F842105B
:1058B000222901D0022008BD81684FF4805399420B
:1058C00001D1026922B1826A99421BD049B10AE032
:1058D0000268816A5268C2F308020A80816A891CE0
:1058E00008E0016971B10168496801F07F01117038
:1058F000816A491C8162C18D491E0904090CC18558
:1059000003D01BE001684968F1E70168CA6822F02A
:105910002002CA600168CA6822F48072CA60016805
:105920004A6922F001024A61202180F842100021D8
:105930004163026B012A03D0FEF7ACFA002008BDD8
:10594000016301680C3151E8002F22F0100241E898
:105950000023002BF5D101680A68D20602D50A6837
:1059600049680091818DFEF7B3F8E7E770B504460A
:1059700000680169E26821F4405111430161A168A6
:1059800020690143606901432068C26841F20C63E9
:105990009A430A43C26020684169A26921F44071B8
:1059A000114341611E492068884202D1FDF72EF95A
:1059B00001E0FDF71BF900EBC00101EB001160688D
:1059C00064228000B1FBF0F3B3FBF2F36FF0180632
:1059D0007343B1FBF0F5B1FBF0F605EB8305322321
:1059E00003EB0515B5FBF2F5B6FBF2F605F0F00595
:1059F00005EB0615B1FBF0F6B1FBF0F0B0FBF2F0F1
:105A00006FF01801484306EB800003EB0010B0FB79
:105A1000F2F0216800F00F002844886070BD00009B
:105A2000003801402DE9F0411E46174688460446DD
:105A3000069D26E0681C24D025B1FCF787FE801B5C
:105A4000A8421ED920680C3050E8001F21F4D07104
:105A500040E80012002AF5D12068143050E8001FF9
:105A600021F0010140E80012002AF5D1202084F83D
:105A7000410084F84200002084F840000320BDE883
:105A8000F0812068016838EA010004D00020B842A3
:105A9000D0D00020F3E70120F9E700000148FEF72D
:105AA00023B80000C803002010B50C48FEF71CF80E
:105AB0000A4C2068C168890604D56FF02001016096
:105AC00002F0F2F82068C168090606D56FF080017F
:105AD0000160BDE8104002F0EDB810BD10040020D8
:105AE000FEE700000FB4054B10B503A9044A029865
:105AF00000F0DAF810BC5DF814FB00009D6C0008A3
:105B00000C0200200907090E002804DB00F1E02048
:105B100080F80014704700F00F0000F1E02080F8DA
:105B2000141D704702E008C8121F08C1002AFAD1EC
:105B300070477047002001E001C1121F002AFBD10D
:105B4000704700002DE9FF5FDDE90220010DDDF85F
:105B500038B0024318D044F61050A1F2FF3141434F
:105B60000D140F98012820D0A5EB0B00401C5FEA14
:105B7000000A4FF00004474EDFF81C91A046504643
:105B800016D5CAF1000728E00F98012443A2012886
:105B900008D0002100980F9BC0E90021C0E9024312
:105BA000BDE8FF9F6FEA0B01F4E7CBF10000DEE7F1
:105BB000074612E0F80707D02246334640464946DA
:105BC000FAF7C1FC804689462246334610461946FC
:105BD000FAF7B9FC04460E467F10002FEAD1DDE942
:105BE0000201BAF1000F42464B4602DAFAF7ABFC6B
:105BF00001E0FAF71AFD04460E460022284BFAF798
:105C000029FE03D84FF0FF30014607E00022254B64
:105C100020463146FAF7F0FBFAF760FF102409E05E
:105C2000002C0ADB0A220023FAF772FE019B3032B5
:105C30001A55641E50EA0102F2D1641C019AC4F1A3
:105C4000110314440F9A012A03D0012208430DD1F5
:105C50000AE0084304D000204FF0110B0F9080E7BA
:105C6000A3EB0B056D1E0DE05B4504DD4FF000025C
:105C700005F1010504E003DA4FF00002A5F101058A
:105C8000002AECD000980F99C0E90231C0E9004524
:105C900086E70000000024400000F03F30000000D4
:105CA0000000F0430000E03F2DE9FF4F95B09B4618
:105CB0008946064600250FE2252877D1002427468D
:105CC000F84A0121059400E0044316F8013F203B07
:105CD00001FA03F01042F7D130782A2811D06FF082
:105CE0002F033078A0F13002092A16D8059A44F023
:105CF000020402EB820203EB42021044761C059080
:105D0000EFE759F8042B0592002A03DA504244F4D5
:105D10000054059044F00204761C30782E2816D1E9
:105D200016F8010F44F004042A280DD06FF02F025A
:105D30003078A0F13003092B09D807EB870302EB79
:105D40004303C718761CF3E759F8047B761C3078B8
:105D50006C280FD006DC4C2817D068280DD06A2894
:105D600014D104E0742810D07A280FD10DE044F447
:105D700000140AE044F4801401E044F44014727802
:105D8000824202D104F58014761C761C3078662895
:105D90000BD013DC582877D009DC002875D04528B3
:105DA000F6D04628F4D047281AD19DE118E06328A0
:105DB00035D0642879D0652812D195E1702873D048
:105DC00008DC6728F1D069286FD06E280DD06F28C5
:105DD00006D1B5E073282CD0752875D0782874D0FA
:105DE0005A46179990476D1C75E1C4F3025002287A
:105DF00009D003280DD0D9F8001004280DD00D606B
:105E000009F1040967E1D9F80010EA17C1E9005265
:105E1000F6E7D9F800100D80F2E70D70F0E719F8F9
:105E2000041B8DF8001000208DF80100EA460120C7
:105E300003E059F804AB4FF0FF3061074FF0000169
:105E400002D40DE008F101018846B9420FDA80451D
:105E5000F8DB1AF808100029F4D108E008F1010174
:105E600088468142FADB1AF808100029F6D1059815
:105E70005B46A0EB080721463846179A00F094FAD3
:105E8000284400EB080507E04DE029E10DE01AF891
:105E9000010B5A4617999047B8F10108F7D25B46B3
:105EA00021463846179A13E142E00A220092C4F3D1
:105EB00002524FF0000A022A08D059F804CB032AF4
:105EC0004FEAEC710AD00DE029E02AE009F1070160
:105ED00021F00702F2E802C1914609E00FFA8CFCBA
:105EE0004FEAEC71042A03D14FFA8CFC4FEAEC71B3
:105EF000002907DA0A460021DCF1000C61EB0201FF
:105F00002D2202E0220504D52B228DF80420012247
:105F100003E0E20701D02022F7E7904659E00A218A
:105F200002E010220DE010214FF0000A00910BE07A
:105F300010224FF0000A44F004040827009203E006
:105F400008224FF0000A0092C4F30252022A05D040
:105F500059F804CB0021032A08D009E009F1070110
:105F600021F00702F2E802C1914605E01FFA8CFC1D
:105F7000042A01D10CF0FF0C4FF00008220728D5AD
:105F8000702806D0009B83F0100353EA0A0305D063
:105F90000EE040228DF80420012208E05CEA0102B4
:105FA00006D030228DF804208DF80500022290469C
:105FB000009B83F0080353EA0A030AD15CEA01025A
:105FC00001D1620705D530228DF804204FF0010879
:105FD0007F1E582804D034A003900EA802900DE034
:105FE00036A0F9E753466046009AFAF791FC8446DA
:105FF0000398825C0298401E029002705CEA0100E5
:10600000F0D1029806A9081A00F1200A600702D50B
:1060100024F4803400E00127574502DDA7EB0A0095
:1060200000E0002000EB0A01009005984144401A6E
:106030000590E00306D45B462146179A059800F0C8
:10604000B3F90544002706E001A85A46C05D179938
:1060500090476D1C7F1C4745F6DBE0030CD55B4683
:106060002146179A059800F09FF9054404E0302076
:106070005A46179990476D1C0099481E00900029B8
:10608000F5DC08E0029802995A460078491C029112
:10609000179990476D1CBAF10001AAF1010AF1DCD1
:1060A00065E10000092801003031323334353637DC
:1060B0003839616263646566000000003031323354
:1060C00034353637383941424344454600000000F4
:1060D00000F058F90544761C307800287FF4ECADC8
:1060E00019B02846BDE8F08F620700D4062709F1F1
:1060F000070222F0070CFCE80223E14603F0004807
:106100005FEA080C02D00FF2702C0DE05FEA045C2D
:1061100002D50FF2682C07E05FEAC47C02D00FF2D0
:10612000602C01E0AFF2700C4FF0FF3823F0004319
:10613000CDF850C065280CD006DC452809D046288B
:106140001DD047283DD13DE0662818D067287ED174
:1061500038E00021112F01DB112000E0781CCDE98F
:10616000000106A90EA8FFF7EDFCDDE90F010E9A6C
:1061700003910021009207F1010A04914DE04FF0D4
:1061800000400097CDE9011006A90EA8FFF7DAFC40
:10619000DDE90F0203920E9B11990022DDF80CA09D
:1061A0000093049211B9791C00EB010AB7EB0A00C5
:1061B00004D4C0F1FF3007F1010A0490AAEB0700F4
:1061C000019044E0012F00DA01270021112F01DDA9
:1061D000112000E03846CDE9000106A90EA8FFF71E
:1061E000B1FCDDE90F010E9A0391002104910092A8
:1061F000BA4621070CD40399514500DA8A46BAF110
:10620000010F05DD009AAAF10101515C302908D087
:10621000B84202DA10F1040F06DA0121CDE90110CB
:1062200015E0AAF10101E9E7002805DC0499014421
:106230000491AAEB000102E0411C514500DD8A46B1
:106240000499401A401C01904FF000400290200732
:1062500004D40198504501DBCDF8048000208DF86E
:106260004F0002980DF14F07B0F1004F25D02B20C1
:106270000E9002984FF0020800280CDA404202907B
:106280002D200E9007E00A210298FAF72BFB3031FF
:10629000029007F8011DB8F10001A8F10108F2DC35
:1062A00002980028EFD1791E0E980870307800F01F
:1062B000200040F0450007F8020D12A8C01B00F1B5
:1062C00007081498007800B1012000EB0A0101983A
:1062D00001EBE07105984144401A401E0590E0032F
:1062E00006D45B462146179A059800F05DF80544F0
:1062F0001498007818B15A46179990476D1CE0031E
:1063000024D55B462146179A059800F04DF80544C0
:106310001CE00498002807DBDDE90301884203DD67
:106320000098405C179901E0179930205A46904731
:10633000049805F10105401C04900198401E01904D
:1063400004D12E205A46179990476D1CBAF10001CE
:10635000AAF1010ADDDC05E017F8010B5A4617998E
:1063600090476D1CB8F10001A8F10108F4DC5B4610
:106370002146179A0598ABE62D0000002B0000007F
:10638000200000002DE9F041044600251E46174676
:10639000880404D405E039462020B0476D1C641EF3
:1063A000F9D52846BDE8F0812DE9F04104460025E5
:1063B0001E469046C80301D5302700E020278804F8
:1063C00004D505E041463846B0476D1C641EF9D53A
:1063D0002846BDE8F081000070B54FF48061264882
:1063E000FCF7AAF9254C002894F8A20028D020F048
:1063F0000200234D84F8A200E88801283AD11F4901
:1064000005F59D701031FBF781FAB5F8480094F856
:10641000A010420862F3410184F8A01094F8A22071
:106420009307184A0FD4538C43F010035384820906
:1064300062F3861184F8A010C1F38011E98006E0B0
:1064400040F00200D5E7518C21F01001518414F87E
:10645000A01F60F30001C00960F3C71121700A4852
:10646000090601D5002200E00122BDE870400421A8
:10647000FCF767B970BD0000001401403C2000200B
:10648000C0050020D01600200018014070B5064D50
:1064900000242878012802D00624204670BD2869EF
:1064A000804700202870F8E77000002070B50C4687
:1064B0000988002605292FD1417840F2CF750A02BC
:1064C00081781143C278491C1302027989B21A43B8
:1064D000531EAB4220D200232380012500F8015B2C
:1064E00023885B1C2380530703D005EBD203DDB266
:1064F00001E0C2F3C70500F8015B23885B1C238021
:10650000002300F0E9FA18B101F0BBFB064604E0F5
:1065100020882844208000E00326304670BD70B5F6
:106520000C460988002605292FD1417840F2CF7505
:106530000A0281781143C278491C1302027989B298
:106540001A43531EAB4220D200232380022300F8BB
:10655000013B23885B1C2380530704D0012303EBFA
:10656000D203DDB201E0C2F3C70500F8015B238866
:106570005B1C238000F0B2FA18B101F082FB0646E2
:1065800004E020882844208000E00326304670BDC7
:1065900070B50C4609880026052925D14178057972
:1065A0000A0281781143491C6A1E89B27C2A1BD8D1
:1065B00000222280032200F8012B22880023521C93
:1065C00022806A0000F8012B2288521C22802A4671
:1065D00000F086FA18B101F054FB064605E0208869
:1065E00000EB4500208000E00326304670BD70B50A
:1065F0000C4609880026052927D14178827805793B
:1066000042EA0122521C91B2C27845EA02256A1E72
:106610007C2A1AD200222280042200F8012B228830
:10662000521C22806A0000F8012B2288521C228012
:106630002A4600F08DFA18B101F023FB064605E06A
:10664000208800EB4500208000E00326304670BD26
:106650002DE9F0410446088800270D460A2842D358
:10666000607826790102A078227A0843401C1FFA3C
:1066700080F8E07846EA00266079731E0102A0796E
:106680000843401C81B2E0797C2B42EA0022607A08
:1066900028D83AB3792A25D8B0EB420F22D101236A
:1066A00004F10A0000F01CFA98B900212980172192
:1066B00021702988601C491C2980710000F8011B89
:1066C00029880023491C29803246414600F008FAF7
:1066D00018B101F0D6FA074605E0288800EB46001D
:1066E000288000E003273846BDE8F08170B5064CED
:1066F0000D4606492288401CF9F792FD2088401C6F
:106700002880002070BD000060000020A004002050
:1067100038B50988002405290BD141780A0281780F
:106720001143491C027989B21AB9C278FF2A03D0F1
:1067300012B10324204638BD00228DF80120C07814
:10674000FF280CD08DF8002001231A46684600F07F
:10675000C3F90028EED001F094FA0446EAE70120DC
:106760008DF80000F0E700000D4A10B510600988B0
:106770000024052902D00324204610BD41780123BE
:106780000A028178C01C1143491C89B21A4600F0E4
:10679000A7F90028F0D001F074FA0446ECE70000F5
:1067A0005C0000202DE9F0410D46098800240529F0
:1067B00026D941788278437942EA0122521C96B266
:1067C000C178027942EA0122510704D0012101EB8C
:1067D000D201C9B201E0C2F3C701571EB7F5F66F87
:1067E0000ED299420CD101233146801D00F074F97C
:1067F00018B101F046FA044603E00520288000E0C5
:1068000003242046BDE8F08170B50D4609880024B8
:1068100006291DD341780A0281781143C278491CA8
:106820001302027989B21A434379561E772E0FD884
:106830005606360E9E420BD10123801D00F050F902
:1068400018B101F01EFA044603E00520288000E09C
:106850000324204670BD00002DE9F0411C46069B34
:106860001746064629B1F72903D8134D0846297162
:106870000EB102241BE011492961114969611149D6
:10688000E9601149A9610021E961104929621049B3
:1068900069621049A9622246394600F077F804007F
:1068A00005D101F079FD28B16E71012028702046D4
:1068B000BDE8F0810324FAE770000020996A00081F
:1068C000BD6A0008316A0008D5690008F184000833
:1068D000998500085985000838B52B4C207808B1F7
:1068E000062038BD684601F049FD012849D19DF8D0
:1068F0000000E8B3012802D0022842D10FE0224A6A
:10690000A369921D911CC81F984788BB60782179A4
:10691000884200D060BB022001F046FD31E0A06853
:106920000121194B0578A570E17000212C3313F873
:10693000312062B1AA4207D103EBC1014A68124972
:10694000891D9047E07002E0491C1029EFDB607858
:1069500070B1E27882B10020E080A07840F0800140
:10696000A0680170E188491C89B2E180425400E0CE
:1069700007E0E088401CE080D4E90213E288207937
:106980009847002038BD00007000002070B500243A
:1069900015460E46012080F310880822294630460D
:1069A00001F01AFD01280DD1B5F5964F01D923202C
:1069B00003E007496800B1FBF0F080B201F046FD4A
:1069C000012800D00324002080F31088204670BDE9
:1069D000A07F17002DE9F0410646002415468846A1
:1069E000012080F31088104FB888FF2801D9AFF339
:1069F0000080B888042804D3B9880C4801F0FCF959
:106A000030B10524002080F310882046BDE8F081D5
:106A1000064800783070B888C01E28800348401CA3
:106A2000C8F80000EEE7000064000020C004002069
:106A300070B503460025012080F31088144C60785F
:106A4000012805D00525002080F31088284670BD58
:106A5000491E0126A160084666800B7061881144BA
:106A60006180618801F0C8F901466088094A1318FD
:106A7000401C608019706088090A0244401C6080D4
:106A8000117026700121002001F02EFADBE70000D2
:106A900064000020C004002010B5012080F310889D
:106AA0000548002444702146012001F01DFA01F040
:106AB00051FA84F3108810BD6400002010B5012045
:106AC00080F310880021084601F00EFA01F024FA44
:106AD000002080F3108810BD01207047012070470E
:106AE0002DE9F0470446194816464FF00009818009
:106AF00042888D1A871D7BB1012B23D11FE0A8B2DC
:106B0000FEF794F93880787804F8010B761E38780F
:106B100004F8010BB6B26D1C002EF0D112E0C8F8DB
:106B20000C4014F8010B787014F8010B3870398898
:106B3000A8B2FEF753FA761EB6B26D1C00E080468E
:106B4000002EECD14846BDE8F08700001C01002073
:106B500030B50024B9B18B18052B14D80B4B1B880A
:106B6000C91A0A4B10330BE033F81150521E2D0A8C
:106B700000F8015B13F8115000F8015B92B2491C58
:106B8000002AF1D100E00124204630BD1C01002084
:106B900010B5AC2000F0D2F818B100F04DF900208B
:106BA00010BD012010BD2DE9F04115460C460746E9
:106BB00000F02CF9AC2000F009F900F04DF998B97B
:106BC000200A00F003F900F047F968B9E0B200F0DC
:106BD000FDF800F041F938B900F018F9AD2000F0E7
:106BE000F5F800F039F920B100F026F90020BDE8F1
:106BF000F08100246E1E0BE000F0CAF83855B44254
:106C000002D000F057F801E000F0AEF8641CA4B226
:106C1000AC42F1D300F010F90120E8E72DE9F0478C
:106C200090460D46814600264FF47A772FE00EB14C
:106C3000E8061CD100F000F9002400F0E7F8AC20D1
:106C400000F0C4F800F008F918B1641CA4B2BC420A
:106C5000F3D3BC4212D0280A00F0B8F800F0FCF8D8
:106C600060B9E8B200F0B2F800F0F6F830B919F8FF
:106C7000060000F0ABF800F0EFF820B100F0DCF80F
:106C80000020BDE8F0876D1C761CADB2B6B246455B
:106C9000CDD300F0D1F80120F3E7000013B54FF495
:106CA0007A73012269460248FDF7F5F800981CBD89
:106CB000C8030020084A10B58021116000F04EF88A
:106CC000054B40241B1F1C6000F048F8146000F0C6
:106CD00045F8196010BD0000140C014030B515488E
:106CE00085B0816941F0080181618069124D00F031
:106CF0000800049000224FF4E0712846FBF721FDC4
:106D0000C02000901120019000200224CDE902044F
:106D100069462846FBF718FC0121E001CDE9021481
:106D2000CDE9000169462846FBF70EFC00F084F827
:106D300005B030BD00100240000C014010B5044603
:106D4000FFF7CCFF00F062F8204600F03FF800F0BB
:106D500083F8034600F070F8184610BD0020401C70
:106D6000C0B20A28FBD37047084A00B580201060E3
:106D7000FFF7F4FF40211160FFF7F0FF0348001D0B
:106D800001605DF804EBFFF7E9BF0000100C014063
:106D900070B50D4D00210C4C083D40230A46261DC0
:106DA0004806010E2360FFF7D9FF2868000601D5C9
:106DB000491CC9B23360FFF7D1FF521CD2B2082A76
:106DC000EED3084670BD0000100C014070B50E4EA9
:106DD0000021402380240246351F100601D52C6077
:106DE00000E03460FFF7BAFF2B60FFF7B7FF3360B6
:106DF000FFF7B4FF072900D12C605006491C020E92
:106E0000C9B20829E9D370BD140C0140094900B585
:106E100080230B60FFF7A2FF40220A60FFF79EFF6E
:106E20000449091D0B60FFF799FF0A605DF804EB48
:106E3000FFF794BF100C0140064800B580210160A7
:106E4000FFF78CFF034A4020121F1060FFF786FFF8
:106E5000116000BD140C014000B5FFF77FFF0C4925
:106E600080200860FFF77AFF40220A60FFF776FF74
:106E7000074808380068000601D5012100E000211C
:106E80000348001D0260FFF769FF084600BD0000CF
:106E9000100C0140FBF768FCFEF716FAFDF794F9B9
:106EA000FDF718F9FDF7CCF8FDF72EFAFDF79CFA7F
:106EB000FDF764FAFDF73EFA00220A210B20FBF7EA
:106EC000D1FC0B20FBF7C0FC002206211220FBF7AF
:106ED000C9FC1220FBF7B8FC002203211E20FBF79F
:106EE000C1FC1E20FBF7B0FC002203212620FBF78B
:106EF000B9FC2620FBF7A8FC002202212720FBF783
:106F0000B1FC2720FBF7A0FCFFF742FEFEF7A4F937
:106F10004FF47A742046FBF705FBFDF7A5FB0E49FD
:106F20000E4A0020C88092F8480003090C4810F867
:106F3000A01F63F304110170C1F30010D08000F0B2
:106F400041F9FDF7D5F800F059F906A0FEF7CAFDA2
:106F50002046FBF7E7FAF8E7480E0020C0050020BE
:106F60003C200020BBB6D3AD7374696B0A000000EF
:106F700008B502200022014600904FF496431046C7
:106F8000FFF76AFC010002D007A0FEF7ABFDFFF798
:106F90007DFA010002D009A0FEF7A4FDFFF79CFCDA
:106FA000052000F0F5F8F9E7654D42496E69745F18
:106FB000655374617475733D25640000654D4245E9
:106FC0006E61626C6520655374617475733D2564F0
:106FD0000000000070B5134A13181B7E93B1124BCA
:106FE00053F820308B421AD90F4B02EB8002083B3A
:106FF00053F820301069B1FBF3F130F81140002054
:10700000034608E011688847012070BD15690E1815
:10701000401C25F81630A042F8DB002070BD02208D
:1070200070BD0000740100203896000870B5044659
:107030000B480C4E002150F8240006EB840542005A
:10704000286900F09FF806480021103050F82420ED
:10705000A86800F097F801203119087670BD00008B
:1070600028960008740100202DE9F0411F4E0546C6
:10707000002470190F46007E10B9316828468847F1
:107080004FF0FF327FB31A4B53F82510B7FBF1F0E6
:10709000B7FBF1FC01FB1C7101B1401C144908391C
:1070A00051F82510491E1ED406EB8506376937F8BE
:1070B00011C0BCF1000F05D00024844211D1002280
:1070C00084B207E0641CF8E7376901EB020C521C3C
:1070D00027F81C408242F7D353F825004843BDE807
:1070E000F081491EE3D51046F9E700007401002045
:1070F0003096000810B50B4B0B4C002253F8203093
:10710000114604EB800005E0046934F8114004B135
:10711000521C491C8B42F7D864204243B2FBF3F067
:10712000C0B210BD289600087401002070B50C4D47
:107130000C4606464FF47A71286800F0B9F8002C26
:107140000CD0281D00EB86008068211A3046FFF71E
:1071500041FF2868BDE8704000F0E0B870BD000055
:107160007001002010B50446FFF77EFF411C05D0DA
:10717000034901EB84018968084410BD002010BD5B
:107180007401002001E000F8011B521EFBD2704781
:1071900010B5EFF3058149B9EFF3108131B9084912
:1071A0000968022905D1EFF3118111B16FF00504CF
:1071B00003E0002408B100F0B5FF204610BD000038
:1071C000E4010020EFF3058058B9EFF3108040B9D7
:1071D00009490868022801D030B109E0EFF31180B5
:1071E00030B16FF005007047012008600020704743
:1071F0004FF0FF3070470000E401002010B5EFF3BE
:10720000058060B9EFF3108048B90B49086802287F
:1072100002D0012806D00BE0EFF3118040B16FF0EF
:10722000050010BD0220086001F02CF8002010BD00
:107230004FF0FF3010BD0000E4010020F8B5144607
:107240004FF00005EFF305826ABBEFF3108252BBEB
:10725000164A1268022A02D1EFF311821ABB10B348
:1072600009B3ACB1D4E902326BB1502A1BD3226905
:10727000CAB1676900FB01F6B74214D30025009537
:1072800001F030FA07E072B9226962B9626952B955
:10729000002201F003FA050005D00CB1216800E0DE
:1072A000002100F00BFF2846F8BD0000E40100209B
:1072B0002DE9F0410D46014621F0010001F00101E8
:1072C0004FF00004EFF305824AB9EFF3108232B9B0
:1072D000114A1268022A05D1EFF3118212B16FF040
:1072E000050416E048B100296FF001066FF00207AF
:1072F000294608D001F0F6FC07E06FF0030408E02F
:1073000035B1344605E001F031FC0128F8D100E048
:107310003C462046BDE8F081E401002070B50146FE
:1073200021F0010001F001014FF00004EFF30582AC
:107330004AB9EFF3108232B90E4A1268022A05D117
:10734000EFF3118212B16FF0050411E028B16FF074
:10735000020529B101F04EFB07E06FF0030407E0DE
:1073600000231A46194601F035FA012800D02C46B0
:10737000204670BDE4010020F0B585B00B464FF00B
:107380000005EFF305810395A1BBEFF3108189BBE5
:1073900021490968022902D1EFF3118151BB48B399
:1073A000402618218DF8105004AC42B3176807B17D
:1073B0003C46976907B139464F1E382F02D21779DC
:1073C000FF0702D0002005B0F0BD576907B1BE0825
:1073D000D2F808C0BCF1000F0DD0D5685C2D18D3D1
:1073E00012693AB137B18DE806103246214601F0F4
:1073F00000FD03900DE0D7685FB912694AB903AA8E
:10740000CDE90012B2B2214601F0C6FC012800D03D
:1074100003950398D7E70000E40100202DE9FC4123
:107420001C461746884606464FF00005EFF30580D8
:1074300078BBEFF3108060BB17480068022802D1C8
:10744000EFF3118028BB26B3082000F039FC0300BD
:107450001FD0B8F1000FC3E9006711D001220F4E11
:1074600000208CB1216801B10846A16851B1E468DF
:10747000302C0ED3CDE90061012101F093FE07E02D
:107480000022ECE7E16821B90121009601F070FECD
:1074900005462846BDE8FC81E40100203558000877
:1074A00008B5EFF305834BB9EFF3108333B90E4AF8
:1074B0001268022A05D1EFF3118313B16FF00500B2
:1074C00008BD58B10022134600920A46042101F07B
:1074D000B1FE012805D06FF0020008BD6FF0030077
:1074E00008BD002008BD0000E40100202DE9F041A6
:1074F000134E0F46044675693068001D00F092FC7B
:10750000601C07D137B13168BDE8F0410D48091D55
:1075100000F0DEBC30682C44AC424460316805D2D7
:10752000B068BDE8F041091D00F0BABC7068091DE3
:1075300000F0B6FC306B844200D23463BDE8F081C9
:1075400094010020D04D00202DE9F041054600F0C7
:1075500017FD2D4E3069401C306130682B4F10B143
:10756000F06930B32BE035603069012827D1002461
:1075700004EB840007EB800000F084FC641C382CD2
:10758000F6D3234800F07EFC2148143000F07AFC4A
:107590001F48283000F076FC1D483C3000F072FC9B
:1075A0001B48503000F06EFC194870601430B06019
:1075B00005E03068E96AC06A884200D83560F06A40
:1075C000401CF0626864E86AB169884200D9B06121
:1075D00000EB800007EB8000291D00F079FC00F033
:1075E000EFFCF06900280CD03068E96AC06A884274
:1075F00007D208494FF080500860BFF34F8FBFF3A8
:107600006F8FBDE8F0810000940100202049002028
:10761000804D002004ED00E038B500F0B1FC104CC6
:10762000A068C8B90F4800F02DFC0E48143000F0D7
:1076300029FC0C482060143060600A4B002028337D
:10764000009003F1500210210A2001F04BF8A060D5
:1076500010B105A100F032FDBDE8384000F0B0BC2B
:10766000D0010020E44D0020546D72510000000054
:1076700030B4026C0B46002A0BD0C1681144C160C3
:107680004468A14201D30168C16030BC1846F8F7D4
:10769000C7BD30BC70472DE9F041856B17460446E5
:1076A0000026026C82B1C7B1E068F8F7B9FDE16865
:1076B000206C091AE1602268914202D26168081ABE
:1076C000E060022F16D017E02068A8B9606801F0CA
:1076D0003BFC0646002060600EE0A068F8F7A0FDC5
:1076E000216CA0680844A0606168884204D32068C7
:1076F000A06001E005B16D1E6D1CA5633046BDE8BC
:10770000F08110B5044690F8590058B101280CD00A
:1077100002280FD0502080F31188BFF34F8FBFF3A2
:107720006F8FFEE7206B00F05FFC2046BDE8104045
:1077300000F05ABC10BD000010484FF480514207C1
:1077400006D0C01D0D4920F00700411AC1F5805137
:107750000B4A00230144C2E900030839103A21F022
:10776000070111604B600B600B1AC0E900139360B6
:107770004FF000405360D06070470000B4520020CA
:10778000F8010020134E144DA6F29C474FF080588C
:10779000DFF8489011E000F0F3FBF068C468201DAA
:1077A00000F040FB2869401E2861E868401EE86040
:1077B00000F006FC2046FFF7A4FFE8680028EAD1A5
:1077C00038680128F9D9C9F80080BFF34F8FBFF39B
:1077D0006F8FF2E7BC4D00209401002004ED00E023
:1077E00070B51D46049C49B12260C4E90F01012116
:1077F000204600F0ABFF84F84C5070BD2460F4E7E5
:107800002DE9F0470E46DDE90984174682469100CE
:107810009946089DA522206BF8F714FD6FF003012F
:10782000206B01EB8701084420F00707780707D099
:10783000502080F31188BFF34F8FBFF36F8FFEE7A7
:107840002218315C82F83410315C11B1401C1028D0
:10785000F6D3002684F84360382D00D33725E5623F
:10786000C4E91356201D00F018FB04F1180000F0C5
:1078700014FB2461C5F138006462A061666584F878
:1078800058604A465146384600F0A4FA2060B8F1E4
:10789000000F01D0C8F80040BDE8F0872DE9F0479F
:1078A0001E46DDE9089417460D0080460ED0002CD8
:1078B00014D0FFF7B1FEC4F80080C4E90657C4E94C
:1078C0000869201DBDE8F04700F0E7BA502080F3BA
:1078D0001188BFF34F8FBFF36F8FFEE7BDE8F087CE
:1078E00030B5114900E011460A688242FBD34B686B
:1078F0005C18844203D140681844486008464368D5
:107900001C18944209D1084C103C2468A24209D0AA
:1079100052681A4442600A6812680260814200D0CC
:10792000086030BD0460F9E7F801002070B500245C
:1079300041600B4D0061914206D8D11A8269914293
:1079400006D2011D686807E09A4203D2994201D32A
:10795000012403E0011D286800F0A2FA204670BD52
:10796000D001002010B5044600F00AFBA06B20B146
:10797000002400F025FB204610BD0124F9E700009B
:1079800030B587B0304D55E00198002806DADDE9C2
:107990000301029A9047019800284BDB039C606921
:1079A00010B1201D00F03EFA05A800F0B9F802461B
:1079B00001980A283ED2DFE800F00505053D26378C
:1079C00005053D260298A169034601442046FFF7BC
:1079D000ADFF00B3616A20468847E069012829D1DC
:1079E000002000900298A169002342181946204601
:1079F00001F020FC78B9502080F31188BFF34F8F3D
:107A0000BFF36F8FFEE70298A06128B1811813467B
:107A10002046FFF78BFF0DE0502080F31188BFF365
:107A20004F8FBFF36F8FFEE794F82C0010B92046FC
:107A300000F0DAFA002201A9A86800F0FBFF002894
:107A4000A2D107B030BD0000D00100202DE9FC41DB
:107A50000E46054600F058FC01A800F061F8044607
:107A6000019818B101F024FBBDE8FC81224FAEB1B2
:107A700078680068A8B30026291B3246B86800F071
:107A80002FFB01F015FB0028EED11C494FF0805070
:107A90000860BFF34F8FBFF36F8FE5E7A542EBD8C8
:107AA00001F006FB38682646C068C468201D00F057
:107AB000B9F9E069012810D1A0692B464119324675
:107AC0002046FFF733FF40B10020034601460090F7
:107AD0002A46204601F0AEFB20B1616A2046884765
:107AE000C2E707E0502080F31188BFF34F8FBFF348
:107AF0006F8FFEE70126BFE7D001002004ED00E014
:107B000006484168096829B14168C968C968496877
:107B1000016370474FF0FF31FAE700009401002045
:107B200070B5054601F0A6F9064E04463069844258
:107B300003D200F009F8012000E000202860204670
:107B4000346170BDD0010020F8B5194E1FE0C06847
:107B5000C4680568201D00F065F9616A2046884701
:107B6000E069012813D1A0692844A84206D92461FC
:107B70006060211D306800F093F908E000200346A2
:107B8000014600902A46204601F054FB38B1306887
:107B900001680029DBD17168C6E90010F8BD5020EA
:107BA00080F31188BFF34F8FBFF36F8FFEE70000A4
:107BB000D0010020002101E0401C491C0278A52AC8
:107BC000FAD0C1F38F00704708484068401C4FF05E
:107BD000500080F3118804D0BFF34F8FBFF36F8F35
:107BE000FEE7BFF34F8FBFF36F8FFEE70002002069
:107BF000084C2068016839B1002139B10020FFF735
:107C000025FFFFF7BDFEF4E70121F6E7C068006835
:107C1000F5E70000D00100202DE9F041044600F016
:107C2000AFF994F9455004F1240609E0606A48B1BF
:107C3000304601F005FA08B100F0A2FA6D1E6DB2EF
:107C4000002DF3DC4FF0FF3684F8456000F0B8F902
:107C500000F096F994F9445004F1100709E0206906
:107C600048B1384601F0ECF908B100F089FA6D1E10
:107C70006DB2002DF3DC84F84460BDE8F04100F003
:107C80009FB9002804D0012803D0072803D004207E
:107C900070470220704706207047000001480068C6
:107CA00000470000980000200148006800470000DD
:107CB0009000002001480068004700009400002068
:107CC0002DE9F0410546002600F01EFB314F3868D3
:107CD00008B9FFF731FDF86805424BD1C5B3083547
:107CE00068070ED005F00700C0F1080005446807DA
:107CF00007D0502080F31188BFF34F8FBFF36F8FF1
:107D0000FEE72DB37868854234D822491031084601
:107D1000046801E0214604466068A84202D2206857
:107D20000028F7D13868844224D00E6820680860A3
:107D300060680836411B10290FD96019420708D026
:107D4000502080F31188BFF34F8FBFF36F8FFEE792
:107D500010E041606560FFF7C3FD61687868401A14
:107D60007860BA68904200D2B860F8680143002099
:107D7000C4E9000101F09CF9700707D0502080F39E
:107D80001188BFF34F8FBFF36F8FFEE73046BDE81A
:107D9000F0810000E80100200449086818B1086873
:107DA000026D521C026508687047000094010020B3
:107DB00010B5040006D000F0E3F8246A00F000F9E2
:107DC000204610BD502080F31188BFF34F8FBFF3C2
:107DD0006F8FFEE710B5031F4FF080741C601B1FF0
:107DE00021F001011960191F024B0B601439403852
:107DF0000A6010BDC97B000870B5094DFF231A4603
:107E000005F5807605E010F8014B54402A5D5A4094
:107E1000335D491E89B2F6D242EA032070BD0000EC
:107E2000F8930008D0E9013201699A60D0E9012392
:107E30005A604A68824201D182684A600022026127
:107E40000868401E086008687047000008B90248CA
:107E50000068006BFFF7AEBE94010020034B036087
:107E600003F15C000860402010607047FC4E002069
:107E7000034B036003F15C000860802010607047D2
:107E80005850002000F108014FF0FF32C0E9011204
:107E9000C1600161002101607047002101617047EC
:107EA00030B50C68621C02D000F1080202E00269E1
:107EB00004E01A4653681D68A542FAD953684B601E
:107EC00099608A60516008610168491C016030BD99
:107ED00042684A6093688B6093685960916008615A
:107EE0000168491C016070470A4B00281A68D06875
:107EF00002D040F0200001E020F02000D06018689F
:107F00000029C16802D041F0800101E021F0800128
:107F1000C1607047100400200D490868026A41F2F0
:107F200011131A4207D1026A9B101A4203D1026848
:107F300022F0010202600A68002050620868C268EC
:107F400022F00102C26009686FF001000861704709
:107F50003803002009496FF001000A6810610868C1
:107F6000C26842F00102C2600A68002050620868DC
:107F7000016841F0010101607047000038030020F2
:107F8000502080F31188BFF34F8FBFF36F8F0A49E2
:107F90004868401C486001280CD10848006810F06F
:107FA000FF0F07D0502080F31188BFF34F8FBFF32E
:107FB0006F8FFEE7704700000002002004ED00E034
:107FC0000849486828B1401E486001D180F31188F3
:107FD0007047502080F31188BFF34F8FBFF36F8F2E
:107FE000FEE700000002002070B5002827D0144DE5
:107FF000A0F108046068E968084207D1502080F3C6
:108000001188BFF34F8FBFF36F8FFEE722683AB13D
:10801000502080F31188BFF34F8FBFF36F8FFEE7BF
:108020008843606000F070F96068696808446860BF
:108030002046FFF755FCBDE8704001F039B870BD2F
:10804000E80100204FF0E020002101618161054935
:108050004FF47A720968B1FBF2F1491E41610721C0
:10806000016170475800002010B5F8F7B3F81149C6
:1080700010280ED300F1E02090F8F0030A78904227
:1080800007D2502080F31188BFF34F8FBFF36F8F5B
:10809000FEE709480068896800F4E060884207D973
:1080A000502080F31188BFF34F8FBFF36F8FFEE72F
:1080B00010BD0000000200200CED00E010B5074BE1
:1080C000002253F832401CB1521C082AF9D310BDCB
:1080D00043F8321003EBC201486010BDE0480020B5
:1080E00070B515460E460446FFF74AFF94F9441052
:1080F0000020491C01D184F8440094F94510491C22
:1081000001D184F84500FFF75BFFA06B28B92A4630
:10811000314604F1240000F051F82046BDE87040DB
:10812000FFF77ABD10B5020014D00F48806B38B14C
:10813000502080F31188BFF34F8FBFF36F8FFEE79E
:1081400000F0E2F800211046FFF7D0F900F0B0FF90
:10815000002807D105494FF080500860BFF34F8FCA
:10816000BFF36F8F10BD00009401002004ED00E00C
:1081700002498A6A0260496941607047940100209F
:1081800001490120486270479401002010B50C4657
:1081900050B1094909681831FFF782FE2046BDE851
:1081A00010400121FFF7A2B9502080F31188BFF3DE
:1081B0004F8FBFF36F8FFEE79401002070B5144618
:1081C0000D4668B10A4909681831FFF781FE0CB104
:1081D0004FF0FF3521462846BDE87040FFF786B9CD
:1081E000502080F31188BFF34F8FBFF36F8FFEE7EE
:1081F0009401002070B50B4604003ED0226DA2B160
:10820000E16C994200D21946E06A884235D0012AD1
:1082100033D11A4D2A6894420FD1502080F311882F
:10822000BFF34F8FBFF36F8FFEE7502080F31188AD
:10823000BFF34F8FBFF36F8FFEE7E162A269002AA1
:1082400002DBC1F13801A1610D4E00EB80006169D4
:1082500006EB8000814210D1201DFFF7E3FDE06AAC
:10826000A969884200D9A86100EB800006EB800074
:10827000211DBDE87040FFF72BBE70BD94010020AA
:108280002049002030B587B00025039505AA04A930
:1082900003A80495FFF7E2FDDDE903010095CDE9B0
:1082A0000110002314A11648059A00F0A2FD154CF8
:1082B000606318B100F08EFF012809D0401C19D16D
:1082C000502080F31188BFF34F8FBFF36F8FFEE70D
:1082D000502080F31188BFF34F8FBFF36F8F4FF0A3
:1082E000FF3020630120E061656107B0BDE83040E8
:1082F00000F080B907B030BD49444C450000000093
:1083000085770008940100200248816B491C816335
:108310007047000094010020164B10B5986B10B107
:108320000120586210BD002058629869124901E08E
:10833000B8B1401E00EB800251F82220002AF7D08D
:1083400000EB800201EB820101F108044A685268E7
:108350004A60A24201D152684A60D16819609861AE
:1083600010BD502080F31188BFF34F8FBFF36F8F84
:10837000FEE7000094010020204900200549024644
:1083800000204B78002B04D0087810700020487033
:10839000012070473401002002490020487001206C
:1083A0007047000034010020024901224A70087021
:1083B00010467047340100200549096801700548DE
:1083C0000068C16841F02001C160012070470000D1
:1083D0000448004010040020134810B5114AC0E9B9
:1083E000002100210C22C160C0E905214FF4805218
:1083F000C161012B0BD0022B0CD05200C0E903212C
:1084000081600948FBF7A6FC48B1002010BD4FF47D
:10841000C06101E04FF4806182600161F1E70120F9
:1084200010BD0000004800401004002001B54FF4CA
:108430007A73012269460448FBF72DFD08B100203C
:1084400008BD012008BD00001004002070B58CB0EC
:1084500000240646009401940294142104A8039475
:10846000F7F7F7FE1F4809940A94006844F6206164
:10847000B0FBF1F01D4D1C49401E02C580B2761EB6
:1084800051C5802045F81049A8611848FBF716F936
:1084900008B1F9F7A9FA4FF48050CDE9000402942D
:1084A000694612480394FBF7BBF908B1F9F79CFA47
:1084B000049404A90D480594FBF7E0FA08B1F9F714
:1084C00093FA099409A909480A94FBF7B9F808B185
:1084D000F9F78AFA2868C16841F00101C1600CB05F
:1084E000012070BD58000020000800403803002023
:1084F00038B5174C0025207808B1AFF300806846E6
:10850000FFF75AFF617831B1124A012907D00229D9
:1085100010D0032901D1FFF71DFD284638BD0020EA
:10852000A0809DF80000A1880A44491CA180107019
:1085300002200BE0A088FF2807D89DF80010A08833
:108540000244401CA0801170E5E703206070E2E760
:1085500064000020C004002070B50E4D002468782F
:1085600070B102280BD003280DD0687858B1687814
:10857000022808D06878032805D0AFF300800120D6
:10858000FFF712FF0446FFF7C7FC01206870204682
:1085900070BD00006400002070B5154C00256078A7
:1085A000012801D0AFF30080217811B101291CD13D
:1085B00004E000210120FFF797FC16E0608850B12D
:1085C000A0680078FFF732FFA068401CA0606088B8
:1085D000401E608009E00320FFF7E6FE054600210B
:1085E0000120FFF781FC00202070284670BD0000AC
:1085F000640000201CB5264908780190FF2008700F
:1086000008788DF800009DF800009DF8002000F02B
:10861000F000904207D0502080F31188BFF34F8FB5
:10862000BFF36F8FFEE79DF800001A4B00F050007B
:1086300018700720986006E0401E98609DF80000C2
:1086400040008DF800009DF8000000069868F3D403
:10865000032807D0502080F31188BFF34F8FBFF35A
:108660006F8FFEE74FF440709860019808700A48D9
:10867000016841F470010160016841F070410160DE
:10868000FFF7E0FC00205860F7F76EFD00201CBDEE
:1086900000E400E00002002020ED00E0F8B51746FD
:1086A0000E46050014D0DEB105FB06F05030FFF792
:1086B00007FB04000AD0002084F8460004F15002B1
:1086C0003B46314628460094FFF78AF82046F8BD1D
:1086D000502080F31188BFF34F8FBFF36F8FFEE7F9
:1086E0000020E3E738B5049D18B153B1CAB181B198
:1086F00020E0502080F31188BFF34F8FBFF36F8FBE
:10870000FEE7502080F31188BFF34F8FBFF36F8FC8
:10871000FEE7502080F31188BFF34F8FBFF36F8FB8
:10872000FEE739B1502080F31188BFF34F8FBFF3BC
:108730006F8FFEE750241C46012384F846302B46F9
:108740000094FFF74DF8204638BD000070B50D4687
:10875000040025D0FFF714FCD4E90F20216802FBA8
:10876000001161600021A1632168A1600A46D4E97B
:108770000F01401E00FB0121E16021464FF0FF3058
:1087800001F8440F487004F110008DB1FFF77AFB37
:1087900004F12400FFF776FBFFF712FC012070BD07
:1087A000502080F31188BFF34F8FBFF36F8FFEE728
:1087B00021690029F0D000F043FC0028ECD00449E6
:1087C0004FF080500860BFF34F8FBFF36F8FE3E728
:1087D00004ED00E02DE9FF4F83B01F468B460400F7
:1087E0004FF0000603D0BBF1000F08D011E050207D
:1087F00080F31188BFF34F8FBFF36F8FFEE7206CBC
:1088000038B1502080F31188BFF34F8FBFF36F8FC3
:10881000FEE7022F0AD1E06B012807D0502080F339
:108820001188BFF34F8FBFF36F8FFEE700F014FB8B
:10883000DFF800914FF0000A4FF0805848B90598D2
:1088400038B1502080F31188BFF34F8FBFF36F8F83
:10885000FEE7FFF795FBA06BE16B884205D3022F83
:1088600003D00598C8B1DEB11EE03A46594620460D
:10887000FEF711FF616A19B104F1240000F0E0FB7A
:1088800028B1C9F80080BFF34F8FBFF36F8FFFF798
:1088900097FB012007B0BDE8F08FFFF791FB21E0C7
:1088A0006846FFF765FC0126FFF78AFBFFF72CFD02
:1088B000FFF766FB94F94400401C01D184F844A002
:1088C00094F94500401C01D184F845A0FFF778FBDE
:1088D00005A9684600F026FA30B12046FFF79CF95A
:1088E00000F0E6FB0020D5E7FFF74AFBA06BE16B49
:1088F000884201D1012500E00025FFF761FB95B119
:1089000004F110000599FFF741FC2046FFF784F9B8
:1089100000F0CEFB00289CD1C9F80080BFF34F8F38
:10892000BFF36F8F95E72046FFF776F900F0C0FBA5
:108930008FE7000004ED00E02DE9F0471F46904668
:108940008946040003D0B9F1000F08D011E050208F
:1089500080F31188BFF34F8FBFF36F8FFEE7206C5A
:1089600038B1502080F31188BFF34F8FBFF36F8F62
:10897000FEE7022F0AD1E06B012807D0502080F3D8
:108980001188BFF34F8FBFF36F8FFEE7FFF76CFBCC
:108990005020EFF3118680F31188BFF34F8FBFF3A0
:1089A0006F8FA06BE16B884206D3022F04D00020AA
:1089B00086F31188BDE8F08794F945503A46494658
:1089C0002046FEF768FE681C04D06D1C84F84550F4
:1089D0000120EDE7606A0028FAD004F1240000F0DD
:1089E0002FFB0028F4D0B8F1000FF1D00121C8F816
:1089F0000010EDE710B5040009D000F027FA616817
:108A0000884214D1E068401EE06008D00DE050209C
:108A100080F31188BFF34F8FBFF36F8FFEE7002302
:108A20001A4619462046FFF7D5FE012010BD00204A
:108A300010BD00002DE9F74783B08A4604004FF0CF
:108A4000000603D0BAF1000F08D011E0502080F3E7
:108A50001188BFF34F8FBFF36F8FFEE7206C38B1E3
:108A6000502080F31188BFF34F8FBFF36F8FFEE765
:108A700000F0F2F9DFF8F09000274FF0805848B985
:108A8000059838B1502080F31188BFF34F8FBFF3A2
:108A90006F8FFEE7FFF774FAA56BC5B1514620460C
:108AA000FEF7E6FD6D1EA563206950B104F11000CC
:108AB00000F0C6FA28B1C9F80080BFF34F8FBFF3AA
:108AC0006F8FFFF77DFA012006B0BDE8F0870598AB
:108AD00008B11EB106E0FFF773FA27E06846FFF71A
:108AE00047FB0126FFF76CFAFFF70EFCFFF748FA89
:108AF00094F94400401C01D184F8447094F9450075
:108B0000401C01D184F84570FFF75AFA05A9684660
:108B100000F008F9002820460AD0FFF77DF800F0A1
:108B2000C7FA2046FEF71EFF0028B3D00020CBE78F
:108B3000FEF718FF90B104F124000599FFF726FB1A
:108B40002046FFF769F800F0B3FA0028A2D1C9F86F
:108B50000080BFF34F8FBFF36F8F9BE72046FFF777
:108B60005BF800F0A5FA95E704ED00E02DE9F3438A
:108B70004FF0000583B004002E4609D0206C78B178
:108B8000502080F31188BFF34F8FBFF36F8FFEE744
:108B9000502080F31188BFF34F8FBFF36F8FFEE734
:108BA00000F05AF9DFF8389100274FF0805848B9A3
:108BB000049838B1502080F31188BFF34F8FBFF372
:108BC0006F8FFEE7FFF7DCF9A06BC8B1401EA06312
:108BD000206810B9FFF7E0F86060206950B104F137
:108BE000100000F02DFA28B1C9F80080BFF34F8FB4
:108BF000BFF36F8FFFF7E4F9012005B0BDE8F08304
:108C0000049808B165B10FE03EB1502080F311889F
:108C1000BFF34F8FBFF36F8FFEE7FFF7D1F95DE032
:108C20006846FFF7A5FA0125FFF7CAF9FFF76CFBC5
:108C3000FFF7A6F994F94400401C01D184F8447070
:108C400094F94500401C01D184F84570FFF7B8F94C
:108C500004A9684600F066F80028204612D0FEF706
:108C6000DBFF00F025FA2046FEF77CFE0028A9D0A5
:108C70009EB3FFF785F9606A50B3206B0068C0F1BE
:108C8000380126E0FEF76EFEE0B1206838B9FFF744
:108C900077F9606800F096F90646FFF791F904F15C
:108CA00024000499FFF772FA2046FEF7B5FF00F0A2
:108CB000FFF9002886D1C9F80080BFF34F8FBFF3BA
:108CC0006F8F7FE72046FEF7A7FF00F0F1F979E705
:108CD00000216068FFF78EFA9FE7FFE700208CE72E
:108CE00004ED00E070B50D46040009D000F0AEF8C8
:108CF000616888420CD1E068401CE060012070BDD2
:108D0000502080F31188BFF34F8FBFF36F8FFEE7C2
:108D100029462046FFF72AFF0028F0D0E168491CC9
:108D2000E16070BD2DE9F0410C46050011D0C4B1E1
:108D3000FFF726F9174E71696B682268C81A571C2D
:108D400017D02F68B66AB74219D08B4217D80124C2
:108D500010E0502080F31188BFF34F8FBFF36F8F67
:108D6000FEE7502080F31188BFF34F8FBFF36F8F62
:108D7000FEE70024FFF724F92046BDE8F081824297
:108D800005D9101A20602846FFF7F2F9F1E7002014
:108D90002060DCE7940100202DE9FF5F8346DDE9D8
:108DA0000E87994616468A469000FEF789FF050011
:108DB0001CD05C20FEF784FF040014D00020256343
:108DC00084F85900CDE90240CDE900874B46324690
:108DD00051465846FEF714FD2046FEF7B5FB01202C
:108DE00004B0BDE8F09F2846FFF7FEF84FF0FF30D3
:108DF000F6E7F0B585B00546DDE90B040A9EA8B19B
:108E0000E4B15C2700972063022084F85900002019
:108E1000CDE9024004AF2846CDE90067FEF7F0FC3B
:108E20002046FEF791FB049805B0F0BD502080F37A
:108E30001188BFF34F8FBFF36F8FFEE7502080F391
:108E40001188BFF34F8FBFF36F8FFEE701480068B3
:108E500070470000940100200548C16919B1806B7A
:108E600018B10020704701207047022070470000B1
:108E700094010020014840697047000094010020DF
:108E80002DE9F0412E4F0026B86B40B1386A401CE6
:108E90003862786A00B101263046BDE8F0817D690C
:108EA0006D1C7D6113D17868006838B1502080F363
:108EB0001188BFF34F8FBFF36F8FFEE77868B968F3
:108EC0007960B860B86A401CB862FEF719FE386B6A
:108ED000DFF87080854209D37868006880B17868CF
:108EE000C068C468606885420DD238633868C06A5B
:108EF00000EB800158F821000128CAD90126C8E7F3
:108F00004FF0FF30F1E7201DFEF78CFFA06A18B18B
:108F100004F11800FEF786FFE06AB969884200D9BB
:108F2000B86100EB800108EB8100211DFEF7D0FF46
:108F3000E06A3968C96A8842CED30126CCE70000CE
:108F4000940100202049002070B504004FF000007B
:108F50002BD01A4D29688C4207D0502080F31188FD
:108F6000BFF34F8FBFF36F8FFEE7216DF1B1491E45
:108F70002165E36CE26A9A4217D0002915D1201DC1
:108F8000FEF750FFE06CE062C0F13800A061E06ADB
:108F9000A969884200D9A861094900EB800001EB6A
:108FA0008000211DFEF794FF012070BD502080F34A
:108FB0001188BFF34F8FBFF36F8FFEE7940100203E
:108FC0002049002070B504004FF000002CD01A4D4D
:108FD000E16A2A68D26A914227D2A069002804DB9C
:108FE0002868C06AC0F13800A061E06A134E00EB47
:108FF0008000616906EB8000814211D1201DFEF7DF
:1090000011FF2868C06AE062A969884200D9A86196
:1090100000EB800006EB8000211DFEF759FF02E007
:109020002868C06AE062012070BDE16C2A68D26ADB
:109030009142F8D370BD0000940100202049002027
:1090400070B5C068C46854B104F118000646FEF754
:10905000E9FE144DA86B50B13146134815E050207D
:1090600080F31188BFF34F8FBFF36F8FFEE7201D92
:10907000FEF7D8FEE06AA969884200D9A8610B49C9
:1090800000EB800001EB8000211DFEF721FFE06A6C
:109090002968C96A884202D90120686270BD00202F
:1090A00070BD000094010020A84D00202049002040
:1090B0002DE9F0472B4D00242746A86B38B1FEF769
:1090C0005FFFA86B401EA863A86B40B145E050202D
:1090D00080F31188BFF34F8FBFF36F8FFEE72869CE
:1090E00021490126C8B3A1F591698846D8F8001036
:1090F000E1B1D8F80C00C46804F11800FEF792FE44
:10910000201DFEF78FFEE06AA969884200D9A86198
:1091100000EB800109EB8100211DFEF7D9FEE06A1A
:109120002968C96A8842E1D36E62DFE70CB1FEF7B5
:10913000E7FC2C6A3CB1FFF7A3FE00B16E62641E2F
:10914000F9D100202862686A38B108490127380738
:109150000860BFF34F8FBFF36F8FFEF731FF3846C4
:10916000BDE8F08794010020A84D002004ED00E048
:109170002DE9FC4781461E461746884630200A9D49
:10918000FEF79EFD04000AD0CDE9005433463A466E
:1091900041464846FEF782FB002084F82C0020461A
:1091A000BDE8FC877CB53025DDE90664009544B157
:1091B000CDE90064FEF772FB012084F82C00204604
:1091C0007CBD502080F31188BFF34F8FBFF36F8FAA
:1091D000FEE7000010B586B0FEF71EFA114CA0683D
:1091E000B8B100200390049005AA04A903A8FEF7D3
:1091F0003FFEDDE9032102208DE8070000230AA1DC
:109200000B48059AFFF7F5FDE06010B106B00120AC
:1092100010BD502080F31188BFF34F8FBFF36F8FC5
:10922000FEE70000D0010020546D722053766300E9
:10923000F17B00082DE9FF411F4603000A9E4FF015
:10924000000015D0134DAC68002C0ED08DE80E0038
:10925000062917DAFFF700FE02284FF000030FD0AF
:1092600000226946A868FFF7B5FA04B0BDE8F081AE
:10927000502080F31188BFF34F8FBFF36F8FFEE74D
:109280003246EEE700233A4669462046FFF754FB94
:10929000EBE70000D0010020980E0108000000005C
:1092A00000000000000000000000000000020000BC
:1092B000180000000000000000000000700E01080F
:1092C000000000000000000000000000000000009E
:1092D0000002000018000000000000000000000074
:1092E000BC0E0108000000000000000000000000AB
:1092F0000000000000020000180000000000000054
:1093000000000000680E01080000000000000000DE
:109310000000000000000000000200000800000043
:109320000000000000000000880E0108000000009E
:10933000000000000000000000000000000200002B
:10934000180000000000000000000000780E010876
:10935000000000000000000000000000000000000D
:1093600000010000080000000000000000000000F4
:10937000A40E010800000000000000000000000032
:1093800000000000000100000800000000000000D4
:1093900000000000580E010800000000000000005E
:1093A000000000000000000000000000B00E0108F6
:1093B00000000000000000000000000001020203A5
:1093C0000405060708090A0B0C0D0E0F1010010208
:1093D00002030405060708090A0B0C0D0E0F1010F6
:1093E0000000000000000000010203040607080955
:1093F000000000000102030400C1814001C080415F
:1094000001C0804100C1814001C0804100C1814054
:1094100000C1814001C0804101C0804100C1814044
:1094200000C1814001C0804100C1814001C0804134
:1094300001C0804100C1814001C0804100C1814024
:1094400000C1814001C0804100C1814001C0804114
:1094500001C0804100C1814000C1814001C0804104
:1094600001C0804100C1814001C0804100C18140F4
:1094700000C1814001C0804101C0804100C18140E4
:1094800000C1814001C0804100C1814001C08041D4
:1094900001C0804100C1814000C1814001C08041C4
:1094A00001C0804100C1814001C0804100C18140B4
:1094B00000C1814001C0804100C1814001C08041A4
:1094C00001C0804100C1814001C0804100C1814094
:1094D00000C1814001C0804101C0804100C1814084
:1094E00000C1814001C0804100C1814001C0804174
:1094F00001C0804100C1814000C0C101C30302C25C
:10950000C60607C705C5C404CC0C0DCD0FCFCE0EC3
:109510000ACACB0BC90908C8D81819D91BDBDA1A33
:109520001EDEDF1FDD1D1CDC14D4D515D71716D6A3
:10953000D21213D311D1D010F03031F133F3F23213
:1095400036F6F737F53534F43CFCFD3DFF3F3EFE83
:10955000FA3A3BFB39F9F83828E8E929EB2B2AEAF3
:10956000EE2E2FEF2DEDEC2CE42425E527E7E62663
:1095700022E2E323E12120E0A06061A163A3A262D3
:1095800066A6A767A56564A46CACAD6DAF6F6EAE43
:10959000AA6A6BAB69A9A86878B8B979BB7B7ABAB3
:1095A000BE7E7FBF7DBDBC7CB47475B577B7B67623
:1095B00072B2B373B17170B0509091519353529293
:1095C00096565797559594549C5C5D9D5F9F9E5E03
:1095D0005A9A9B5B99595898884849894B8B8A4A73
:1095E0004E8E8F4F8D4D4C8C4484854587474686E3
:1095F000824243834181804000000000000000005F
:10960000F91300080100000000000000950B00089D
:1096100002000000C005002061570008040000009F
:10962000C0050020653F00080004000000040000A1
:1096300008000000080000000020000000200000DA
:109640000000C012C012C01256455253494F4E4935
:1096500044000000000000000000000000000000C6
:109660000100000055706461746154696D6500000B
:1096700000000000000000000000000001000000E9
:109680005570646174650000000000000000000077
:1096900000000000010000000100000052756E5340
:1096A000746F70436F6D6D616E64000000000000A8
:1096B0000100E7FF6400140054656D7053760000EC
:1096C0000000000000000000000000000100000099
:1096D000E803190048756D6953760000000000002A
:1096E000000000000000000001000000E80300008E
:1096F00054656D70537461536500000000000000F4
:109700000000000001000000E803000048756D69DA
:109710005374615365000000000000000000000069
:10972000010000000F27000052756E54696D6553EB
:10973000560000000000000000000000010018FCBE
:10974000E803000054656D705062000000000000E6
:1097500000000000000000000000F0D8102700000A
:1097600054656D70506B00000000000000000000A8
:1097700000000000000018FCB80B000048756D697F
:109780005062000000000000000000000000000027
:10979000000060F0A00F000048756D69506B00007C
:1097A00000000000000000000000000001000000B8
:1097B0000F27000054656D70414C00000000000050
:1097C0000000000000000000000000000F27000063
:1097D00054656D704148000000000000000000006A
:1097E00000000000000000006400000054656D707F
:1097F00046696C7465720000000000000000000003
:10980000000000000F27000048756D69414C000002
:109810000000000000000000000000000000000048
:109820000F27000048756D694148000000000000E6
:1098300000000000000000000100000064000000C3
:1098400048756D6946696C7465720000000000001F
:1098500000000000000000000F27000048756D693F
:1098600044696666436F756E740000000000000076
:10987000000000000F27000054656D7044696666A3
:10988000436F756E740000000000000000000000CF
:1098900064000A0054656D70536574500000000048
:1098A000000000000000000000000000100E5E013B
:1098B00054656D705365744900000000000000009D
:1098C0000000000001000000100EC80054656D701B
:1098D0005365744400000000000000000000000018
:1098E000010000006400640054656D7053657441AC
:1098F0005200000000000000000000000100000015
:109900006400030054656D705365745400000000DA
:1099100000000000000000000000000064003200B1
:1099200054656D7047616D6100000000000000002B
:1099300000000000010000006400640048756D69CB
:109940004152000000000000000000000000000084
:10995000000000006400050048756D6954000000B7
:1099600000000000000000000000000000000000F7
:10997000F401050048756D6950000000000000000A
:10998000000000000000000000000000100EC800F1
:1099900048756D69490000000000000000000000EB
:1099A0000000000000000000100E640048756D69A2
:1099B0004400000000000000000000000000000063
:1099C000010000006400320048756D6947616D61F7
:1099D0000000000000000000000000000000000087
:1099E0000100000050726F4D6F646543686F6963DA
:1099F000650000000000000000000000780000008A
:109A000048756D694C6F77566F6C746167650000BF
:109A10000000000000000000F401240048756D699A
:109A200048696768566F6C746167650000000000E4
:109A300000000000FF0F0000624354524F4C000032
:109A40000000000000000000000000000000000016
:109A5000E803F401436F6D707265734F4E54656D8A
:109A6000704C6F770000000002000000E803F40172
:109A7000436F6D70726573734F4E446576000000DE
:109A80000000000002000000E803F401436F6D7065
:109A9000726573734F46464465760000000000000F
:109AA00002000000E803F401436F6D707265737388
:109AB0004F464648756D69480000000002000000EE
:109AC0000F270300436F6D70726573734F4E446CC4
:109AD0007900000000000000000000000F270000D7
:109AE0004164645761746572446C79000000000041
:109AF0000000000001000000010000004164645704
:109B00006174657252656C7900000000000000000D
:109B1000000000000F270000447261696E576174F5
:109B20006572446C7900000000000000010018FC20
:109B3000E803000053756254656D70506231000097
:109B40000000000000000000010060F0A00F000015
:109B500053756254656D70506B3100000000000059
:109B600000000000010018FCB80B000053756248AB
:109B7000756D6950623100000000000000000000B7
:109B8000010060F0A00F000053756248756D6950C8
:109B90006B31000000000000000000000000000029
:109BA0002C01000043757272656E7452756E526FAF
:109BB00077000000000000000000000063000500C6
:109BC00050726F436972636C65436F756E74000009
:109BD0000000000000000000E803000050726F5415
:109BE000656D703000000000000000000000000003
:109BF00000000000E803000050726F48756D693086
:109C00000000000000000000000000000000000054
:109C10000F27000050726F54696D6530000000001E
:109C20000000000000000000000000001E00000016
:109C300050726F456E6400000000000000000000DC
:109C40000000000000000000FD7F000050726F4522
:109C50006E64436F756E7400000000000000000029
:109C600001000CFEDC059CFF54656D704469737047
:109C700031000000000000000000000001000CFEA8
:109C8000DC05000054656D7044697370320000009B
:109C9000000000000000000001000CFEDC05640074
:109CA00054656D704469737033000000000000005B
:109CB0000000000001000CFEDC05C80054656D705A
:109CC00044697370340000000000000000000000D0
:109CD00001000CFEDC052C0154656D704469737045
:109CE00035000000000000000000000001000CFE34
:109CF000DC05900154656D70446973703600000096
:109D0000000000000000000001000CFEDC05F40172
:109D100054656D70446973703700000000000000E6
:109D20000000000001000CFEDC05580254656D7057
:109D3000446973703800000000000000000000005B
:109D400001000CFEDC05BC0254656D704469737043
:109D500039000000000000000000000001000CFEBF
:109D6000DC05200354656D70446973703130000068
:109D7000000000000000000001000CFEDC05840370
:109D800054656D704469737031310000000000004B
:109D90000000000001000CFEDC05E80354656D7056
:109DA00044697370313200000000000000000000C0
:109DB000010038FFDC059CFF5769736854656D70BE
:109DC000446973703100000000000000010038FF9A
:109DD000DC0500005769736854656D7044697370E1
:109DE0003200000000000000010038FFDC056400C4
:109DF0005769736854656D7044697370330000006F
:109E000000000000010038FFDC05C80057697368D6
:109E100054656D70446973703400000000000000E8
:109E2000010038FFDC052C015769736854656D70BB
:109E3000446973703500000000000000010038FF25
:109E4000DC0590015769736854656D7044697370DF
:109E50003600000000000000010038FFDC05F401BE
:109E60005769736854656D704469737037000000FA
:109E700000000000010038FFDC05580257697368D4
:109E800054656D7044697370380000000000000074
:109E9000010038FFDC05BC025769736854656D70BA
:109EA000446973703900000000000000010038FFB1
:109EB000DC0520035769736854656D7044697370DD
:109EC0003130000000000000010038FFDC05840391
:109ED0005769736854656D7044697370313100005F
:109EE00000000000010038FFDC05E80357697368D3
:109EF00054656D70446973703132000000000000D9
:109F000001000000DC05000048756D69446973704C
:109F1000310000000000000000000000010000000F
:109F2000DC05320048756D694469737032000000C9
:109F3000000000000000000001000000DC056400DB
:109F400048756D69446973703300000000000000BB
:109F50000000000001000000DC05C80048756D69C4
:109F6000446973703400000000000000000000002D
:109F700001000000DC052C0148756D6944697370AF
:109F8000350000000000000000000000010000009B
:109F9000DC05900148756D694469737036000000F6
:109FA000000000000000000001000000DC05F401DA
:109FB00048756D6944697370370000000000000047
:109FC0000000000001000000DC05580248756D69C2
:109FD00044697370380000000000000000000000B9
:109FE00001000000DC05BC0248756D6944697370AE
:109FF0003900000000000000000000000100000027
:10A00000DC05200348756D694469737031300000C8
:10A01000000000000000000001000000DC058403D7
:10A0200048756D69446973703131000000000000AB
:10A030000000000001000000DC05E80348756D69C0
:10A04000446973703132000000000000000000001D
:10A0500001000000DC0500005769736848756D69F0
:10A06000446973703100000000000000010000002E
:10A07000DC0532005769736848756D69446973700F
:10A08000320000000000000001000000DC05640058
:10A090005769736848756D694469737033000000CF
:10A0A0000000000001000000DC05C800576973686B
:10A0B00048756D6944697370340000000000000049
:10A0C00001000000DC052C015769736848756D6953
:10A0D00044697370350000000000000001000000BA
:10A0E000DC0590015769736848756D694469737040
:10A0F000360000000000000001000000DC05F40153
:10A100005769736848756D6944697370370000005A
:10A110000000000001000000DC0558025769736868
:10A1200048756D69446973703800000000000000D4
:10A1300001000000DC05BC025769736848756D6951
:10A140004469737039000000000000000100000045
:10A15000DC0520035769736848756D69446973703D
:10A16000313000000000000001000000DC05840325
:10A170005769736848756D694469737031310000BF
:10A180000000000001000000DC05E8035769736867
:10A1900048756D6944697370313200000000000039
:10A1A00001000CFEDC059CFF4D6F6E69746F7254EC
:10A1B000656D7044697370310000000001000CFE91
:10A1C000DC0500004D6F6E6954656D7044697370F5
:10A1D000320000000000000001000CFEDC056400FD
:10A1E0004D6F6E6954656D70446973703300000083
:10A1F0000000000001000CFEDC05C8004D6F6E6918
:10A2000054656D70446973703400000000000000F4
:10A2100001000CFEDC052C014D6F6E6954656D70FC
:10A2200044697370350000000000000001000CFE5E
:10A23000DC0590014D6F6E6954656D7044697370F3
:10A24000360000000000000001000CFEDC05F401F7
:10A250004D6F6E6954656D7044697370370000000E
:10A260000000000001000CFEDC0558024D6F6E6915
:10A2700054656D7044697370380000000000000080
:10A2800001000CFEDC05BC024D6F6E6954656D70FB
:10A2900044697370390000000000000001000CFEEA
:10A2A000DC0520034D6F6E6954656D7044697370F1
:10A2B000313000000000000001000CFEDC058403CA
:10A2C0004D6F6E6954656D70446973703131000073
:10A2D0000000000001000CFEDC05E8034D6F6E6914
:10A2E00054656D70446973703132000000000000E5
:10A2F000010038FFDC059CFF4D6F6E69576973687C
:10A3000054656D704469737031000000010038FFBE
:10A31000DC0500004D6F6E695769736854656D7098
:10A320004469737032000000010038FFDC056400EE
:10A330004D6F6E695769736854656D7044697370C9
:10A3400033000000010038FFDC05C8004D6F6E6966
:10A350005769736854656D70446973703400000008
:10A36000010038FFDC052C014D6F6E695769736879
:10A3700054656D704469737035000000010038FF4A
:10A38000DC0590014D6F6E695769736854656D7097
:10A390004469737036000000010038FFDC05F401E9
:10A3A0004D6F6E695769736854656D704469737059
:10A3B00037000000010038FFDC0558024D6F6E6960
:10A3C0005769736854656D70446973703800000094
:10A3D000010038FFDC05BC024D6F6E695769736878
:10A3E00054656D704469737039000000010038FFD6
:10A3F000DC0520034D6F6E695769736854656D7095
:10A400004469737031300000010038FFDC058403BB
:10A410004D6F6E695769736854656D7044697370E8
:10A4200031310000010038FFDC05E8034D6F6E6933
:10A430005769736854656D704469737031320000F8
:10A4400001000000DC0500004D6F6E6948756D6904
:10A45000446973703100000000000000010000003A
:10A46000DC0532004D6F6E6948756D694469737023
:10A47000320000000000000001000000DC05640064
:10A480004D6F6E6948756D694469737033000000E3
:10A490000000000001000000DC0596004D6F6E69B1
:10A4A00048756D6944697370340000000000000055
:10A4B00001000000DC05C8004D6F6E6948756D69CC
:10A4C00044697370350000000000000001000000C6
:10A4D000DC055E014D6F6E6948756D694469737086
:10A4E000360000000000000001000000DC05F4015F
:10A4F0004D6F6E6948756D6944697370370000006F
:10A500000000000001000000DC0558024D6F6E697C
:10A5100048756D69446973703800000000000000E0
:10A5200001000000DC05BC024D6F6E6948756D6965
:10A530004469737039000000000000000100000051
:10A54000DC0520034D6F6E6948756D694469737051
:10A55000313000000000000001000000DC05840331
:10A560004D6F6E6948756D694469737031310000D3
:10A570000000000001000000DC05E8034D6F6E697B
:10A5800048756D6944697370313200000000000045
:10A5900001000000DC0500004D6F6E6957697368AB
:10A5A00048756D6944697370310000000100000056
:10A5B000DC0532004D6F6E695769736848756D69C7
:10A5C000446973703200000001000000DC05640083
:10A5D0004D6F6E695769736848756D69446973702A
:10A5E0003300000001000000DC0596004D6F6E692D
:10A5F0005769736848756D69446973703400000069
:10A6000001000000DC05C8004D6F6E695769736872
:10A6100048756D69446973703500000001000000E1
:10A62000DC055E014D6F6E695769736848756D6929
:10A63000446973703600000001000000DC05F4017D
:10A640004D6F6E695769736848756D6944697370B9
:10A650003700000001000000DC0558024D6F6E69F4
:10A660005769736848756D694469737038000000F4
:10A6700001000000DC05BC024D6F6E69576973680C
:10A6800048756D694469737039000000010000006D
:10A69000DC0520034D6F6E695769736848756D69F5
:10A6A000446973703130000001000000DC05840350
:10A6B0004D6F6E695769736848756D694469737049
:10A6C0003131000001000000DC05E8034D6F6E69C8
:10A6D0005769736848756D69446973703132000059
:10A6E00001000000DC0500006265696665693100F3
:10A6F0000000000000000000000000000100000059
:10A70000DC05000062656966656E320000000000CD
:10A71000000000000000000001000000DC05000057
:10A7200062656966656E330000000000000000008D
:10A7300000000000000000000F27000054656D704D
:10A7400044656174685A6F6E650000000000000087
:10A75000000000000F27000048756D6944656174B2
:10A76000685A6F6E650000000000000000000000E5
:10A770000F272800446566726F7374696E675465AD
:10A780006D70310000000000000000000F27030082
:10A79000446566726F7374696E67496E746572762C
:10A7A000616C310000000000C8000300446566725F
:10A7B0006F7374696E6754696D6531000000000045
:10A7C000000000000F273200446566726F737469E1
:10A7D0006E6754656D7032000000000000000000DC
:10A7E0000F270300446566726F7374696E67496E64
:10A7F00074657276616C320000000000C8000300CE
:10A80000446566726F7374696E6754696D65320072
:10A8100000000000000000000F273C004465667245
:10A820006F7374696E6754656D70330000000000CB
:10A83000000000000F270300446566726F7374699F
:10A840006E67496E74657276616C330000000000BB
:10A85000C8000300446566726F7374696E6754695B
:10A860006D65330000000000000000000F27460067
:10A87000446566726F7374696E6754656D703400F9
:10A8800000000000000000000F2700004465667211
:10A890006F7374696E67496E74657276616C3400AB
:10A8A00000000000C8000000446566726F737469A0
:10A8B0006E6754696D653400000000000000000000
:10A8C0000F275000446566726F7374696E67546534
:10A8D0006D70350000000000000000000F27000030
:10A8E000446566726F7374696E67496E74657276DB
:10A8F000616C350000000000C8000000446566720D
:10A900006F7374696E6754696D65350000000000EF
:10A91000000000006400640046616E4F7574000022
:10A92000000000000000000000000000000060F0D7
:10A93000A00F00004D61696E546D7043614B0000C3
:10A940000000000000000000000060F0A00F000008
:10A950004D61696E546D704361420000000000005B
:10A9600000000000000000000F27010050524F308F
:10A970005F52657065617400000000000000000017
:10A98000000000000F27010050524F315F526570E8
:10A99000656174000000000000000000000000007D
:10A9A0000F27010050524F325F526570656174008D
:10A9B0000000000000000000000000000F27010060
:10A9C00050524F335F5265706561740000000000A3
:10A9D00000000000000038FFE803000050524F3034
:10A9E0005F54656D70303000000000000000000012
:10A9F00000000000E803000050524F305F48756DC2
:10AA0000693030000000000000000000000000007D
:10AA10000F27000050524F305F54696D6530300091
:10AA20000000000000000000000038FFE803000004
:10AA300050524F305F54656D70303100000000009F
:10AA40000000000000000000E803000050524F30FA
:10AA50005F48756D693031000000000000000000A3
:10AA6000000000000F27000050524F305F54696D06
:10AA7000653031000000000000000000000038FFD9
:10AA8000E803000050524F305F54656D7030320063
:10AA9000000000000000000000000000E8030000CB
:10AAA00050524F305F48756D693032000000000031
:10AAB00000000000000000000F27000050524F303F
:10AAC0005F54696D65303200000000000000000036
:10AAD000000038FFE803000050524F305F54656DAE
:10AAE0007030330000000000000000000000000093
:10AAF000E803000050524F305F48756D69303300F5
:10AB00000000000000000000000000000F2700000F
:10AB100050524F305F54696D6530330000000000C3
:10AB200000000000000038FFE803000050524F30E2
:10AB30005F54656D703034000000000000000000BC
:10AB400000000000E803000050524F305F48756D70
:10AB50006930340000000000000000000000000028
:10AB60000F27000050524F305F54696D653034003C
:10AB70000000000000000000000038FFE8030000B3
:10AB800050524F305F54656D70303500000000004A
:10AB90000000000000000000E803000050524F30A9
:10ABA0005F48756D6930350000000000000000004E
:10ABB000000000000F27000050524F305F54696DB5
:10ABC000653035000000000000000000000038FF84
:10ABD000E803000050524F305F54656D703036000E
:10ABE000000000000000000000000000E80300007A
:10ABF00050524F305F48756D6930360000000000DC
:10AC000000000000000000000F27000050524F30ED
:10AC10005F54696D653036000000000000000000E0
:10AC2000000038FFE803000050524F305F54656D5C
:10AC3000703037000000000000000000000000003D
:10AC4000E803000050524F305F48756D693037009F
:10AC50000000000000000000000000000F270000BE
:10AC600050524F305F54696D65303700000000006E
:10AC700000000000000038FFE803000050524F3091
:10AC80005F54656D70303800000000000000000067
:10AC900000000000E803000050524F305F48756D1F
:10ACA00069303800000000000000000000000000D3
:10ACB0000F27000050524F305F54696D65303800E7
:10ACC0000000000000000000000038FFE803000062
:10ACD00050524F305F54656D7030390000000000F5
:10ACE0000000000000000000E803000050524F3058
:10ACF0005F48756D693039000000000000000000F9
:10AD0000000000000F27000050524F305F54696D63
:10AD1000653039000000000000000000000038FF2E
:10AD2000E803000050524F305F54656D70313000C1
:10AD3000000000000000000000000000E803000028
:10AD400050524F305F48756D69313000000000008F
:10AD500000000000000000000F27000050524F309C
:10AD60005F54696D65313000000000000000000094
:10AD7000000038FFE803000050524F305F54656D0B
:10AD800070313100000000000000000000000000F1
:10AD9000E803000050524F305F48756D6931310053
:10ADA0000000000000000000000000000F2700006D
:10ADB00050524F305F54696D653131000000000022
:10ADC00000000000000038FFE803000050524F3040
:10ADD0005F54656D7031320000000000000000001B
:10ADE00000000000E803000050524F305F48756DCE
:10ADF0006931320000000000000000000000000087
:10AE00000F27000050524F305F54696D653132009A
:10AE10000000000000000000000038FFE803000010
:10AE200050524F305F54656D7031330000000000A8
:10AE30000000000000000000E803000050524F3006
:10AE40005F48756D693133000000000000000000AC
:10AE5000000000000F27000050524F305F54696D12
:10AE6000653133000000000000000000000038FFE2
:10AE7000E803000050524F305F54656D703134006C
:10AE8000000000000000000000000000E8030000D7
:10AE900050524F305F48756D69313400000000003A
:10AEA00000000000000000000F27000050524F304B
:10AEB0005F54696D6531340000000000000000003F
:10AEC000000038FFE803000050524F305F54656DBA
:10AED000703135000000000000000000000000009C
:10AEE000E803000050524F305F48756D69313500FE
:10AEF0000000000000000000000000000F2700001C
:10AF000050524F305F54696D6531350000000000CC
:10AF100000000000000038FFE803000050524F30EE
:10AF20005F54656D703136000000000000000000C5
:10AF300000000000E803000050524F305F48756D7C
:10AF40006931360000000000000000000000000031
:10AF50000F27000050524F305F54696D6531360045
:10AF60000000000000000000000038FFE8030000BF
:10AF700050524F305F54656D703137000000000053
:10AF80000000000000000000E803000050524F30B5
:10AF90005F48756D69313700000000000000000057
:10AFA000000000000F27000050524F305F54696DC1
:10AFB000653137000000000000000000000038FF8D
:10AFC000E803000050524F305F54656D7031380017
:10AFD000000000000000000000000000E803000086
:10AFE00050524F305F48756D6931380000000000E5
:10AFF00000000000000000000F27000050524F30FA
:10B000005F54696D653138000000000000000000E9
:10B01000000038FFE803000050524F305F54656D68
:10B020007031390000000000000000000000000046
:10B03000E803000050524F305F48756D69313900A8
:10B040000000000000000000000000000F270000CA
:10B0500050524F305F54696D653139000000000077
:10B0600000000000000038FFE803000050524F309D
:10B070005F54656D70323000000000000000000079
:10B0800000000000E803000050524F305F48756D2B
:10B0900069323000000000000000000000000000E5
:10B0A0000F27000050524F305F54696D65323000F9
:10B0B0000000000000000000000038FFE80300006E
:10B0C00050524F305F54656D703231000000000007
:10B0D0000000000000000000E803000050524F3064
:10B0E0005F48756D6932310000000000000000000B
:10B0F000000000000F27000050524F305F54696D70
:10B10000653231000000000000000000000038FF40
:10B11000E803000050524F305F54656D70323200CA
:10B12000000000000000000000000000E803000034
:10B1300050524F305F48756D693232000000000098
:10B1400000000000000000000F27000050524F30A8
:10B150005F54696D6532320000000000000000009D
:10B16000000038FFE803000050524F305F54656D17
:10B1700070323300000000000000000000000000FA
:10B18000E803000050524F305F48756D693233005C
:10B190000000000000000000000000000F27000079
:10B1A00050524F305F54696D65323300000000002B
:10B1B00000000000000038FFE803000050524F304C
:10B1C0005F54656D70323400000000000000000024
:10B1D00000000000E803000050524F305F48756DDA
:10B1E0006932340000000000000000000000000090
:10B1F0000F27000050524F305F54696D65323400A4
:10B200000000000000000000000038FFE80300001C
:10B2100050524F305F54656D7032350000000000B1
:10B220000000000000000000E803000050524F3012
:10B230005F48756D693235000000000000000000B5
:10B24000000000000F27000050524F305F54696D1E
:10B25000653235000000000000000000000038FFEB
:10B26000E803000050524F305F54656D7032360075
:10B27000000000000000000000000000E8030000E3
:10B2800050524F305F48756D693236000000000043
:10B2900000000000000000000F27000050524F3057
:10B2A0005F54696D65323600000000000000000048
:10B2B000000038FFE803000050524F305F54656DC6
:10B2C00070323700000000000000000000000000A5
:10B2D000E803000050524F305F48756D6932370007
:10B2E0000000000000000000000000000F27000028
:10B2F00050524F305F54696D6532370000000000D6
:10B3000000000000000038FFE803000050524F30FA
:10B310005F54656D703238000000000000000000CE
:10B3200000000000E803000050524F305F48756D88
:10B33000693238000000000000000000000000003A
:10B340000F27000050524F305F54696D653238004E
:10B350000000000000000000000038FFE8030000CB
:10B3600050524F305F54656D70323900000000005C
:10B370000000000000000000E803000050524F30C1
:10B380005F48756D69323900000000000000000060
:10B39000000000000F27000050524F305F54696DCD
:10B3A000653239000000000000000000000038FF96
:10B3B000E803000050524F315F54656D703030002B
:10B3C000000000000000000000000000E803000092
:10B3D00050524F315F48756D6930300000000000F9
:10B3E00000000000000000000F27000050524F3105
:10B3F0005F54696D653030000000000000000000FF
:10B40000000038FFE803000050524F315F54656D73
:10B41000703031000000000000000000000000005B
:10B42000E803000050524F315F48756D69303100BC
:10B430000000000000000000000000000F270000D6
:10B4400050524F315F54696D65303100000000008B
:10B4500000000000000038FFE803000050524F31A8
:10B460005F54656D70303200000000000000000085
:10B4700000000000E803000050524F315F48756D36
:10B4800069303200000000000000000000000000F1
:10B490000F27000050524F315F54696D6530320004
:10B4A0000000000000000000000038FFE80300007A
:10B4B00050524F315F54656D703033000000000012
:10B4C0000000000000000000E803000050524F316F
:10B4D0005F48756D69303300000000000000000017
:10B4E000000000000F27000050524F315F54696D7B
:10B4F000653033000000000000000000000038FF4D
:10B50000E803000050524F315F54656D70303400D5
:10B51000000000000000000000000000E803000040
:10B5200050524F315F48756D6930340000000000A3
:10B5300000000000000000000F27000050524F31B3
:10B540005F54696D653034000000000000000000A9
:10B55000000038FFE803000050524F315F54656D22
:10B560007030350000000000000000000000000006
:10B57000E803000050524F315F48756D6930350067
:10B580000000000000000000000000000F27000085
:10B5900050524F315F54696D653035000000000036
:10B5A00000000000000038FFE803000050524F3157
:10B5B0005F54656D70303600000000000000000030
:10B5C00000000000E803000050524F315F48756DE5
:10B5D000693036000000000000000000000000009C
:10B5E0000F27000050524F315F54696D65303600AF
:10B5F0000000000000000000000038FFE803000029
:10B6000050524F315F54656D7030370000000000BC
:10B610000000000000000000E803000050524F311D
:10B620005F48756D693037000000000000000000C1
:10B63000000000000F27000050524F315F54696D29
:10B64000653037000000000000000000000038FFF7
:10B65000E803000050524F315F54656D7030380080
:10B66000000000000000000000000000E8030000EF
:10B6700050524F315F48756D69303800000000004E
:10B6800000000000000000000F27000050524F3162
:10B690005F54696D65303800000000000000000054
:10B6A000000038FFE803000050524F315F54656DD1
:10B6B00070303900000000000000000000000000B1
:10B6C000E803000050524F315F48756D6930390012
:10B6D0000000000000000000000000000F27000034
:10B6E00050524F315F54696D6530390000000000E1
:10B6F00000000000000038FFE803000050524F3106
:10B700005F54656D703130000000000000000000E3
:10B7100000000000E803000050524F315F48756D93
:10B72000693130000000000000000000000000004F
:10B730000F27000050524F315F54696D6531300062
:10B740000000000000000000000038FFE8030000D7
:10B7500050524F315F54656D703131000000000070
:10B760000000000000000000E803000050524F31CC
:10B770005F48756D69313100000000000000000075
:10B78000000000000F27000050524F315F54696DD8
:10B79000653131000000000000000000000038FFAB
:10B7A000E803000050524F315F54656D7031320034
:10B7B000000000000000000000000000E80300009E
:10B7C00050524F315F48756D693132000000000002
:10B7D00000000000000000000F27000050524F3111
:10B7E0005F54696D65313200000000000000000008
:10B7F000000038FFE803000050524F315F54656D80
:10B800007031330000000000000000000000000064
:10B81000E803000050524F315F48756D69313300C5
:10B820000000000000000000000000000F270000E2
:10B8300050524F315F54696D653133000000000094
:10B8400000000000000038FFE803000050524F31B4
:10B850005F54656D7031340000000000000000008E
:10B8600000000000E803000050524F315F48756D42
:10B8700069313400000000000000000000000000FA
:10B880000F27000050524F315F54696D653134000D
:10B890000000000000000000000038FFE803000086
:10B8A00050524F315F54656D70313500000000001B
:10B8B0000000000000000000E803000050524F317B
:10B8C0005F48756D69313500000000000000000020
:10B8D000000000000F27000050524F315F54696D87
:10B8E000653135000000000000000000000038FF56
:10B8F000E803000050524F315F54656D70313600DF
:10B90000000000000000000000000000E80300004C
:10B9100050524F315F48756D6931360000000000AC
:10B9200000000000000000000F27000050524F31BF
:10B930005F54696D653136000000000000000000B2
:10B94000000038FFE803000050524F315F54656D2E
:10B95000703137000000000000000000000000000F
:10B96000E803000050524F315F48756D6931370070
:10B970000000000000000000000000000F27000091
:10B9800050524F315F54696D65313700000000003F
:10B9900000000000000038FFE803000050524F3163
:10B9A0005F54656D70313800000000000000000039
:10B9B00000000000E803000050524F315F48756DF1
:10B9C00069313800000000000000000000000000A5
:10B9D0000F27000050524F315F54696D65313800B8
:10B9E0000000000000000000000038FFE803000035
:10B9F00050524F315F54656D7031390000000000C6
:10BA00000000000000000000E803000050524F3129
:10BA10005F48756D693139000000000000000000CA
:10BA2000000000000F27000050524F315F54696D35
:10BA3000653139000000000000000000000038FF00
:10BA4000E803000050524F315F54656D7032300092
:10BA5000000000000000000000000000E8030000FB
:10BA600050524F315F48756D693230000000000060
:10BA700000000000000000000F27000050524F316E
:10BA80005F54696D65323000000000000000000066
:10BA9000000038FFE803000050524F315F54656DDD
:10BAA00070323100000000000000000000000000C3
:10BAB000E803000050524F315F48756D6932310024
:10BAC0000000000000000000000000000F27000040
:10BAD00050524F315F54696D6532310000000000F3
:10BAE00000000000000038FFE803000050524F3112
:10BAF0005F54656D703232000000000000000000ED
:10BB000000000000E803000050524F315F48756D9F
:10BB10006932320000000000000000000000000058
:10BB20000F27000050524F315F54696D653232006B
:10BB30000000000000000000000038FFE8030000E3
:10BB400050524F315F54656D703233000000000079
:10BB50000000000000000000E803000050524F31D8
:10BB60005F48756D6932330000000000000000007E
:10BB7000000000000F27000050524F315F54696DE4
:10BB8000653233000000000000000000000038FFB4
:10BB9000E803000050524F315F54656D703234003D
:10BBA000000000000000000000000000E8030000AA
:10BBB00050524F315F48756D69323400000000000B
:10BBC00000000000000000000F27000050524F311D
:10BBD0005F54696D65323400000000000000000011
:10BBE000000038FFE803000050524F315F54656D8C
:10BBF000703235000000000000000000000000006E
:10BC0000E803000050524F315F48756D69323500CE
:10BC10000000000000000000000000000F270000EE
:10BC200050524F315F54696D65323500000000009D
:10BC300000000000000038FFE803000050524F31C0
:10BC40005F54656D70323600000000000000000097
:10BC500000000000E803000050524F315F48756D4E
:10BC60006932360000000000000000000000000003
:10BC70000F27000050524F315F54696D6532360016
:10BC80000000000000000000000038FFE803000092
:10BC900050524F315F54656D703237000000000024
:10BCA0000000000000000000E803000050524F3187
:10BCB0005F48756D69323700000000000000000029
:10BCC000000000000F27000050524F315F54696D93
:10BCD000653237000000000000000000000038FF5F
:10BCE000E803000050524F315F54656D70323800E8
:10BCF000000000000000000000000000E803000059
:10BD000050524F315F48756D6932380000000000B5
:10BD100000000000000000000F27000050524F31CB
:10BD20005F54696D653238000000000000000000BB
:10BD3000000038FFE803000050524F315F54656D3A
:10BD40007032390000000000000000000000000018
:10BD5000E803000050524F315F48756D6932390079
:10BD60000000000000000000000000000F2700009D
:10BD700050524F315F54696D653239000000000048
:10BD800000000000000038FFE803000050524F326E
:10BD90005F54656D7030300000000000000000004E
:10BDA00000000000E803000050524F325F48756DFC
:10BDB00069303000000000000000000000000000BA
:10BDC0000F27000050524F325F54696D65303000CC
:10BDD0000000000000000000000038FFE803000041
:10BDE00050524F325F54656D7030310000000000DA
:10BDF0000000000000000000E803000050524F3235
:10BE00005F48756D693031000000000000000000DF
:10BE1000000000000F27000050524F325F54696D40
:10BE2000653031000000000000000000000038FF15
:10BE3000E803000050524F325F54656D703032009D
:10BE4000000000000000000000000000E803000007
:10BE500050524F325F48756D69303200000000006B
:10BE600000000000000000000F27000050524F3279
:10BE70005F54696D65303200000000000000000072
:10BE8000000038FFE803000050524F325F54656DE8
:10BE900070303300000000000000000000000000CF
:10BEA000E803000050524F325F48756D693033002F
:10BEB0000000000000000000000000000F2700004C
:10BEC00050524F325F54696D6530330000000000FE
:10BED00000000000000038FFE803000050524F321D
:10BEE0005F54656D703034000000000000000000F9
:10BEF00000000000E803000050524F325F48756DAB
:10BF00006930340000000000000000000000000064
:10BF10000F27000050524F325F54696D6530340076
:10BF20000000000000000000000038FFE8030000EF
:10BF300050524F325F54656D703035000000000084
:10BF40000000000000000000E803000050524F32E3
:10BF50005F48756D6930350000000000000000008A
:10BF6000000000000F27000050524F325F54696DEF
:10BF7000653035000000000000000000000038FFC0
:10BF8000E803000050524F325F54656D7030360048
:10BF9000000000000000000000000000E8030000B6
:10BFA00050524F325F48756D693036000000000016
:10BFB00000000000000000000F27000050524F3228
:10BFC0005F54696D6530360000000000000000001D
:10BFD000000038FFE803000050524F325F54656D97
:10BFE000703037000000000000000000000000007A
:10BFF000E803000050524F325F48756D69303700DA
:10C000000000000000000000000000000F270000FA
:10C0100050524F325F54696D6530370000000000A8
:10C0200000000000000038FFE803000050524F32CB
:10C030005F54656D703038000000000000000000A3
:10C0400000000000E803000050524F325F48756D59
:10C05000693038000000000000000000000000000F
:10C060000F27000050524F325F54696D6530380021
:10C070000000000000000000000038FFE80300009E
:10C0800050524F325F54656D70303900000000002F
:10C090000000000000000000E803000050524F3292
:10C0A0005F48756D69303900000000000000000035
:10C0B000000000000F27000050524F325F54696D9E
:10C0C000653039000000000000000000000038FF6B
:10C0D000E803000050524F325F54656D70313000FC
:10C0E000000000000000000000000000E803000065
:10C0F00050524F325F48756D6931300000000000CA
:10C1000000000000000000000F27000050524F32D6
:10C110005F54696D653130000000000000000000D0
:10C12000000038FFE803000050524F325F54656D45
:10C13000703131000000000000000000000000002D
:10C14000E803000050524F325F48756D693131008D
:10C150000000000000000000000000000F270000A9
:10C1600050524F325F54696D65313100000000005C
:10C1700000000000000038FFE803000050524F327A
:10C180005F54656D70313200000000000000000057
:10C1900000000000E803000050524F325F48756D08
:10C1A00069313200000000000000000000000000C3
:10C1B0000F27000050524F325F54696D65313200D5
:10C1C0000000000000000000000038FFE80300004D
:10C1D00050524F325F54656D7031330000000000E3
:10C1E0000000000000000000E803000050524F3241
:10C1F0005F48756D693133000000000000000000E9
:10C20000000000000F27000050524F325F54696D4C
:10C21000653133000000000000000000000038FF1E
:10C22000E803000050524F325F54656D70313400A6
:10C23000000000000000000000000000E803000013
:10C2400050524F325F48756D693134000000000074
:10C2500000000000000000000F27000050524F3285
:10C260005F54696D6531340000000000000000007B
:10C27000000038FFE803000050524F325F54656DF4
:10C2800070313500000000000000000000000000D8
:10C29000E803000050524F325F48756D6931350038
:10C2A0000000000000000000000000000F27000058
:10C2B00050524F325F54696D653135000000000007
:10C2C00000000000000038FFE803000050524F3229
:10C2D0005F54656D70313600000000000000000002
:10C2E00000000000E803000050524F325F48756DB7
:10C2F000693136000000000000000000000000006E
:10C300000F27000050524F325F54696D653136007F
:10C310000000000000000000000038FFE8030000FB
:10C3200050524F325F54656D70313700000000008D
:10C330000000000000000000E803000050524F32EF
:10C340005F48756D69313700000000000000000093
:10C35000000000000F27000050524F325F54696DFB
:10C36000653137000000000000000000000038FFC9
:10C37000E803000050524F325F54656D7031380051
:10C38000000000000000000000000000E8030000C2
:10C3900050524F325F48756D69313800000000001F
:10C3A00000000000000000000F27000050524F3234
:10C3B0005F54696D65313800000000000000000026
:10C3C000000038FFE803000050524F325F54656DA3
:10C3D0007031390000000000000000000000000083
:10C3E000E803000050524F325F48756D69313900E3
:10C3F0000000000000000000000000000F27000007
:10C4000050524F325F54696D6531390000000000B1
:10C4100000000000000038FFE803000050524F32D7
:10C420005F54656D703230000000000000000000B5
:10C4300000000000E803000050524F325F48756D65
:10C440006932300000000000000000000000000021
:10C450000F27000050524F325F54696D6532300033
:10C460000000000000000000000038FFE8030000AA
:10C4700050524F325F54656D703231000000000041
:10C480000000000000000000E803000050524F329E
:10C490005F48756D69323100000000000000000047
:10C4A000000000000F27000050524F325F54696DAA
:10C4B000653231000000000000000000000038FF7D
:10C4C000E803000050524F325F54656D7032320005
:10C4D000000000000000000000000000E803000071
:10C4E00050524F325F48756D6932320000000000D3
:10C4F00000000000000000000F27000050524F32E3
:10C500005F54696D653232000000000000000000D9
:10C51000000038FFE803000050524F325F54656D51
:10C520007032330000000000000000000000000036
:10C53000E803000050524F325F48756D6932330096
:10C540000000000000000000000000000F270000B5
:10C5500050524F325F54696D653233000000000065
:10C5600000000000000038FFE803000050524F3286
:10C570005F54656D70323400000000000000000060
:10C5800000000000E803000050524F325F48756D14
:10C5900069323400000000000000000000000000CC
:10C5A0000F27000050524F325F54696D65323400DE
:10C5B0000000000000000000000038FFE803000059
:10C5C00050524F325F54656D7032350000000000EC
:10C5D0000000000000000000E803000050524F324D
:10C5E0005F48756D693235000000000000000000F2
:10C5F000000000000F27000050524F325F54696D59
:10C60000653235000000000000000000000038FF27
:10C61000E803000050524F325F54656D70323600AF
:10C62000000000000000000000000000E80300001F
:10C6300050524F325F48756D69323600000000007D
:10C6400000000000000000000F27000050524F3291
:10C650005F54696D65323600000000000000000084
:10C66000000038FFE803000050524F325F54656D00
:10C6700070323700000000000000000000000000E1
:10C68000E803000050524F325F48756D6932370041
:10C690000000000000000000000000000F27000064
:10C6A00050524F325F54696D653237000000000010
:10C6B00000000000000038FFE803000050524F3235
:10C6C0005F54656D7032380000000000000000000B
:10C6D00000000000E803000050524F325F48756DC3
:10C6E0006932380000000000000000000000000077
:10C6F0000F27000050524F325F54696D6532380089
:10C700000000000000000000000038FFE803000007
:10C7100050524F325F54656D703239000000000096
:10C720000000000000000000E803000050524F32FB
:10C730005F48756D6932390000000000000000009C
:10C74000000000000F27000050524F325F54696D07
:10C75000653239000000000000000000000038FFD2
:10C76000E803000050524F335F54656D7030300065
:10C77000000000000000000000000000E8030000CE
:10C7800050524F335F48756D693030000000000033
:10C7900000000000000000000F27000050524F333F
:10C7A0005F54696D6530300000000000000000003B
:10C7B000000038FFE803000050524F335F54656DAE
:10C7C0007030310000000000000000000000000098
:10C7D000E803000050524F335F48756D69303100F7
:10C7E0000000000000000000000000000F27000013
:10C7F00050524F335F54696D6530310000000000C6
:10C8000000000000000038FFE803000050524F33E2
:10C810005F54656D703032000000000000000000C1
:10C8200000000000E803000050524F335F48756D70
:10C83000693032000000000000000000000000002D
:10C840000F27000050524F335F54696D653032003E
:10C850000000000000000000000038FFE8030000B6
:10C8600050524F335F54656D70303300000000004C
:10C870000000000000000000E803000050524F33A9
:10C880005F48756D69303300000000000000000053
:10C89000000000000F27000050524F335F54696DB5
:10C8A000653033000000000000000000000038FF89
:10C8B000E803000050524F335F54656D7030340010
:10C8C000000000000000000000000000E80300007D
:10C8D00050524F335F48756D6930340000000000DE
:10C8E00000000000000000000F27000050524F33EE
:10C8F0005F54696D653034000000000000000000E6
:10C90000000038FFE803000050524F335F54656D5C
:10C910007030350000000000000000000000000042
:10C92000E803000050524F335F48756D69303500A1
:10C930000000000000000000000000000F270000C1
:10C9400050524F335F54696D653035000000000070
:10C9500000000000000038FFE803000050524F3391
:10C960005F54656D7030360000000000000000006C
:10C9700000000000E803000050524F335F48756D1F
:10C9800069303600000000000000000000000000D8
:10C990000F27000050524F335F54696D65303600E9
:10C9A0000000000000000000000038FFE803000065
:10C9B00050524F335F54656D7030370000000000F7
:10C9C0000000000000000000E803000050524F3358
:10C9D0005F48756D693037000000000000000000FE
:10C9E000000000000F27000050524F335F54696D64
:10C9F000653037000000000000000000000038FF34
:10CA0000E803000050524F335F54656D70303800BA
:10CA1000000000000000000000000000E80300002B
:10CA200050524F335F48756D693038000000000088
:10CA300000000000000000000F27000050524F339C
:10CA40005F54696D65303800000000000000000090
:10CA5000000038FFE803000050524F335F54656D0B
:10CA600070303900000000000000000000000000ED
:10CA7000E803000050524F335F48756D693039004C
:10CA80000000000000000000000000000F27000070
:10CA900050524F335F54696D65303900000000001B
:10CAA00000000000000038FFE803000050524F3340
:10CAB0005F54656D70313000000000000000000020
:10CAC00000000000E803000050524F335F48756DCE
:10CAD000693130000000000000000000000000008C
:10CAE0000F27000050524F335F54696D653130009D
:10CAF0000000000000000000000038FFE803000014
:10CB000050524F335F54656D7031310000000000AA
:10CB10000000000000000000E803000050524F3306
:10CB20005F48756D693131000000000000000000B1
:10CB3000000000000F27000050524F335F54696D12
:10CB4000653131000000000000000000000038FFE7
:10CB5000E803000050524F335F54656D703132006E
:10CB6000000000000000000000000000E8030000DA
:10CB700050524F335F48756D69313200000000003C
:10CB800000000000000000000F27000050524F334B
:10CB90005F54696D65313200000000000000000044
:10CBA000000038FFE803000050524F335F54656DBA
:10CBB00070313300000000000000000000000000A1
:10CBC000E803000050524F335F48756D6931330000
:10CBD0000000000000000000000000000F2700001F
:10CBE00050524F335F54696D6531330000000000CF
:10CBF00000000000000038FFE803000050524F33EF
:10CC00005F54656D703134000000000000000000CA
:10CC100000000000E803000050524F335F48756D7C
:10CC20006931340000000000000000000000000036
:10CC30000F27000050524F335F54696D6531340047
:10CC40000000000000000000000038FFE8030000C2
:10CC500050524F335F54656D703135000000000055
:10CC60000000000000000000E803000050524F33B5
:10CC70005F48756D6931350000000000000000005C
:10CC8000000000000F27000050524F335F54696DC1
:10CC9000653135000000000000000000000038FF92
:10CCA000E803000050524F335F54656D7031360019
:10CCB000000000000000000000000000E803000089
:10CCC00050524F335F48756D6931360000000000E7
:10CCD00000000000000000000F27000050524F33FA
:10CCE0005F54696D653136000000000000000000EF
:10CCF000000038FFE803000050524F335F54656D69
:10CD0000703137000000000000000000000000004B
:10CD1000E803000050524F335F48756D69313700AA
:10CD20000000000000000000000000000F270000CD
:10CD300050524F335F54696D653137000000000079
:10CD400000000000000038FFE803000050524F339D
:10CD50005F54656D70313800000000000000000075
:10CD600000000000E803000050524F335F48756D2B
:10CD700069313800000000000000000000000000E1
:10CD80000F27000050524F335F54696D65313800F2
:10CD90000000000000000000000038FFE803000071
:10CDA00050524F335F54656D703139000000000000
:10CDB0000000000000000000E803000050524F3364
:10CDC0005F48756D69313900000000000000000007
:10CDD000000000000F27000050524F335F54696D70
:10CDE000653139000000000000000000000038FF3D
:10CDF000E803000050524F335F54656D70323000CD
:10CE0000000000000000000000000000E803000037
:10CE100050524F335F48756D69323000000000009A
:10CE200000000000000000000F27000050524F33A8
:10CE30005F54696D653230000000000000000000A2
:10CE4000000038FFE803000050524F335F54656D17
:10CE500070323100000000000000000000000000FF
:10CE6000E803000050524F335F48756D693231005E
:10CE70000000000000000000000000000F2700007C
:10CE800050524F335F54696D65323100000000002D
:10CE900000000000000038FFE803000050524F334C
:10CEA0005F54656D70323200000000000000000029
:10CEB00000000000E803000050524F335F48756DDA
:10CEC0006932320000000000000000000000000095
:10CED0000F27000050524F335F54696D65323200A6
:10CEE0000000000000000000000038FFE803000020
:10CEF00050524F335F54656D7032330000000000B4
:10CF00000000000000000000E803000050524F3312
:10CF10005F48756D693233000000000000000000BA
:10CF2000000000000F27000050524F335F54696D1E
:10CF3000653233000000000000000000000038FFF0
:10CF4000E803000050524F335F54656D7032340077
:10CF5000000000000000000000000000E8030000E6
:10CF600050524F335F48756D693234000000000045
:10CF700000000000000000000F27000050524F3357
:10CF80005F54696D6532340000000000000000004D
:10CF9000000038FFE803000050524F335F54656DC6
:10CFA00070323500000000000000000000000000AA
:10CFB000E803000050524F335F48756D6932350009
:10CFC0000000000000000000000000000F2700002B
:10CFD00050524F335F54696D6532350000000000D8
:10CFE00000000000000038FFE803000050524F33FB
:10CFF0005F54656D703236000000000000000000D4
:10D0000000000000E803000050524F335F48756D88
:10D01000693236000000000000000000000000003F
:10D020000F27000050524F335F54696D6532360050
:10D030000000000000000000000038FFE8030000CE
:10D0400050524F335F54656D70323700000000005E
:10D050000000000000000000E803000050524F33C1
:10D060005F48756D69323700000000000000000065
:10D07000000000000F27000050524F335F54696DCD
:10D08000653237000000000000000000000038FF9B
:10D09000E803000050524F335F54656D7032380022
:10D0A000000000000000000000000000E803000095
:10D0B00050524F335F48756D6932380000000000F0
:10D0C00000000000000000000F27000050524F3306
:10D0D0005F54696D653238000000000000000000F8
:10D0E000000038FFE803000050524F335F54656D75
:10D0F0007032390000000000000000000000000055
:10D10000E803000050524F335F48756D69323900B3
:10D110000000000000000000000000000F270000D9
:10D1200050524F335F54696D653239000000000082
:10D1300000000000000038FFE803000050524F34A8
:10D140005F54656D7030300000000000000000008A
:10D1500000000000E803000050524F345F48756D36
:10D1600069303000000000000000000000000000F6
:10D170000F27000050524F345F54696D6530300006
:10D180000000000000000000000038FFE80300007D
:10D1900050524F345F54656D703031000000000014
:10D1A0000000000000000000E803000050524F346F
:10D1B0005F48756D6930310000000000000000001C
:10D1C000000000000F27000050524F345F54696D7B
:10D1D000653031000000000000000000000038FF52
:10D1E000E803000050524F345F54656D70303200D8
:10D1F000000000000000000000000000E803000044
:10D2000050524F345F48756D6930320000000000A5
:10D2100000000000000000000F27000050524F34B3
:10D220005F54696D653032000000000000000000AE
:10D23000000038FFE803000050524F345F54656D22
:10D24000703033000000000000000000000000000B
:10D25000E803000050524F345F48756D6930330069
:10D260000000000000000000000000000F27000088
:10D2700050524F345F54696D653033000000000038
:10D2800000000000000038FFE803000050524F3457
:10D290005F54656D70303400000000000000000035
:10D2A00000000000E803000050524F345F48756DE5
:10D2B00069303400000000000000000000000000A1
:10D2C0000F27000050524F345F54696D65303400B1
:10D2D0000000000000000000000038FFE80300002C
:10D2E00050524F345F54656D7030350000000000BF
:10D2F0000000000000000000E803000050524F341E
:10D300005F48756D693035000000000000000000C6
:10D31000000000000F27000050524F345F54696D29
:10D32000653035000000000000000000000038FFFC
:10D33000E803000050524F345F54656D7030360082
:10D34000000000000000000000000000E8030000F2
:10D3500050524F345F48756D693036000000000050
:10D3600000000000000000000F27000050524F3462
:10D370005F54696D65303600000000000000000059
:10D38000000038FFE803000050524F345F54656DD1
:10D3900070303700000000000000000000000000B6
:10D3A000E803000050524F345F48756D6930370014
:10D3B0000000000000000000000000000F27000037
:10D3C00050524F345F54696D6530370000000000E3
:10D3D00000000000000038FFE803000050524F3406
:10D3E0005F54656D703038000000000000000000E0
:10D3F00000000000E803000050524F345F48756D94
:10D40000693038000000000000000000000000004B
:10D410000F27000050524F345F54696D653038005B
:10D420000000000000000000000038FFE8030000DA
:10D4300050524F345F54656D703039000000000069
:10D440000000000000000000E803000050524F34CC
:10D450005F48756D69303900000000000000000071
:10D46000000000000F27000050524F345F54696DD8
:10D47000653039000000000000000000000038FFA7
:10D48000E803000050524F345F54656D7031300036
:10D49000000000000000000000000000E8030000A1
:10D4A00050524F345F48756D693130000000000004
:10D4B00000000000000000000F27000050524F3411
:10D4C0005F54696D6531300000000000000000000D
:10D4D000000038FFE803000050524F345F54656D80
:10D4E000703131000000000000000000000000006A
:10D4F000E803000050524F345F48756D69313100C8
:10D500000000000000000000000000000F270000E5
:10D5100050524F345F54696D653131000000000096
:10D5200000000000000038FFE803000050524F34B4
:10D530005F54656D70313200000000000000000093
:10D5400000000000E803000050524F345F48756D42
:10D5500069313200000000000000000000000000FF
:10D560000F27000050524F345F54696D653132000F
:10D570000000000000000000000038FFE803000089
:10D5800050524F345F54656D70313300000000001D
:10D590000000000000000000E803000050524F347B
:10D5A0005F48756D69313300000000000000000025
:10D5B000000000000F27000050524F345F54696D87
:10D5C000653133000000000000000000000038FF5B
:10D5D000E803000050524F345F54656D70313400E1
:10D5E000000000000000000000000000E803000050
:10D5F00050524F345F48756D6931340000000000AF
:10D6000000000000000000000F27000050524F34BF
:10D610005F54696D653134000000000000000000B7
:10D62000000038FFE803000050524F345F54656D2E
:10D630007031350000000000000000000000000014
:10D64000E803000050524F345F48756D6931350072
:10D650000000000000000000000000000F27000094
:10D6600050524F345F54696D653135000000000041
:10D6700000000000000038FFE803000050524F3463
:10D680005F54656D7031360000000000000000003E
:10D6900000000000E803000050524F345F48756DF1
:10D6A00069313600000000000000000000000000AA
:10D6B0000F27000050524F345F54696D65313600BA
:10D6C0000000000000000000000038FFE803000038
:10D6D00050524F345F54656D7031370000000000C8
:10D6E0000000000000000000E803000050524F342A
:10D6F0005F48756D693137000000000000000000D0
:10D70000000000000F27000050524F345F54696D35
:10D71000653137000000000000000000000038FF05
:10D72000E803000050524F345F54656D703138008B
:10D73000000000000000000000000000E8030000FE
:10D7400050524F345F48756D693138000000000059
:10D7500000000000000000000F27000050524F346E
:10D760005F54696D65313800000000000000000062
:10D77000000038FFE803000050524F345F54656DDD
:10D7800070313900000000000000000000000000BF
:10D79000E803000050524F345F48756D693139001D
:10D7A0000000000000000000000000000F27000043
:10D7B00050524F345F54696D6531390000000000EC
:10D7C00000000000000038FFE803000050524F3412
:10D7D0005F54656D703230000000000000000000F2
:10D7E00000000000E803000050524F345F48756DA0
:10D7F000693230000000000000000000000000005E
:10D800000F27000050524F345F54696D653230006D
:10D810000000000000000000000038FFE8030000E6
:10D8200050524F345F54656D70323100000000007B
:10D830000000000000000000E803000050524F34D8
:10D840005F48756D69323100000000000000000083
:10D85000000000000F27000050524F345F54696DE4
:10D86000653231000000000000000000000038FFB9
:10D87000E803000050524F345F54656D703232003F
:10D88000000000000000000000000000E8030000AD
:10D8900050524F345F48756D69323200000000000D
:10D8A00000000000000000000F27000050524F341D
:10D8B0005F54696D65323200000000000000000016
:10D8C000000038FFE803000050524F345F54656D8C
:10D8D0007032330000000000000000000000000073
:10D8E000E803000050524F345F48756D69323300D1
:10D8F0000000000000000000000000000F270000F2
:10D9000050524F345F54696D65323300000000009F
:10D9100000000000000038FFE803000050524F34C0
:10D920005F54656D7032340000000000000000009C
:10D9300000000000E803000050524F345F48756D4E
:10D940006932340000000000000000000000000008
:10D950000F27000050524F345F54696D6532340018
:10D960000000000000000000000038FFE803000095
:10D9700050524F345F54656D703235000000000026
:10D980000000000000000000E803000050524F3487
:10D990005F48756D6932350000000000000000002E
:10D9A000000000000F27000050524F345F54696D93
:10D9B000653235000000000000000000000038FF64
:10D9C000E803000050524F345F54656D70323600EA
:10D9D000000000000000000000000000E80300005C
:10D9E00050524F345F48756D6932360000000000B8
:10D9F00000000000000000000F27000050524F34CC
:10DA00005F54696D653236000000000000000000C0
:10DA1000000038FFE803000050524F345F54656D3A
:10DA2000703237000000000000000000000000001D
:10DA3000E803000050524F345F48756D693237007B
:10DA40000000000000000000000000000F270000A0
:10DA500050524F345F54696D65323700000000004A
:10DA600000000000000038FFE803000050524F346F
:10DA70005F54656D70323800000000000000000047
:10DA800000000000E803000050524F345F48756DFD
:10DA900069323800000000000000000000000000B3
:10DAA0000F27000050524F345F54696D65323800C3
:10DAB0000000000000000000000038FFE803000044
:10DAC00050524F345F54656D7032390000000000D1
:10DAD0000000000000000000E803000050524F3436
:10DAE0005F48756D693239000000000000000000D9
:10DAF000000000000F27000050524F345F54696D42
:10DB0000653239000000000000000000000038FF0E
:10DB1000E803000050524F355F54656D703030009F
:10DB2000000000000000000000000000E80300000A
:10DB300050524F355F48756D69303000000000006D
:10DB400000000000000000000F27000050524F3579
:10DB50005F54696D65303000000000000000000077
:10DB6000000038FFE803000050524F355F54656DE8
:10DB700070303100000000000000000000000000D4
:10DB8000E803000050524F355F48756D6930310031
:10DB90000000000000000000000000000F2700004F
:10DBA00050524F355F54696D653031000000000000
:10DBB00000000000000038FFE803000050524F351D
:10DBC0005F54656D703032000000000000000000FE
:10DBD00000000000E803000050524F355F48756DAB
:10DBE000693032000000000000000000000000006A
:10DBF0000F27000050524F355F54696D6530320079
:10DC00000000000000000000000038FFE8030000F2
:10DC100050524F355F54656D703033000000000086
:10DC20000000000000000000E803000050524F35E3
:10DC30005F48756D6930330000000000000000008F
:10DC4000000000000F27000050524F355F54696DEF
:10DC5000653033000000000000000000000038FFC5
:10DC6000E803000050524F355F54656D703034004A
:10DC7000000000000000000000000000E8030000B9
:10DC800050524F355F48756D693034000000000018
:10DC900000000000000000000F27000050524F3528
:10DCA0005F54696D65303400000000000000000022
:10DCB000000038FFE803000050524F355F54656D97
:10DCC000703035000000000000000000000000007F
:10DCD000E803000050524F355F48756D69303500DC
:10DCE0000000000000000000000000000F270000FE
:10DCF00050524F355F54696D6530350000000000AB
:10DD000000000000000038FFE803000050524F35CB
:10DD10005F54656D703036000000000000000000A8
:10DD200000000000E803000050524F355F48756D59
:10DD30006930360000000000000000000000000014
:10DD40000F27000050524F355F54696D6530360023
:10DD50000000000000000000000038FFE8030000A1
:10DD600050524F355F54656D703037000000000031
:10DD70000000000000000000E803000050524F3592
:10DD80005F48756D6930370000000000000000003A
:10DD9000000000000F27000050524F355F54696D9E
:10DDA000653037000000000000000000000038FF70
:10DDB000E803000050524F355F54656D70303800F5
:10DDC000000000000000000000000000E803000068
:10DDD00050524F355F48756D6930380000000000C3
:10DDE00000000000000000000F27000050524F35D7
:10DDF0005F54696D653038000000000000000000CD
:10DE0000000038FFE803000050524F355F54656D45
:10DE10007030390000000000000000000000000029
:10DE2000E803000050524F355F48756D6930390086
:10DE30000000000000000000000000000F270000AC
:10DE400050524F355F54696D653039000000000055
:10DE500000000000000038FFE803000050524F357A
:10DE60005F54656D7031300000000000000000005C
:10DE700000000000E803000050524F355F48756D08
:10DE800069313000000000000000000000000000C8
:10DE90000F27000050524F355F54696D65313000D7
:10DEA0000000000000000000000038FFE803000050
:10DEB00050524F355F54656D7031310000000000E5
:10DEC0000000000000000000E803000050524F3541
:10DED0005F48756D693131000000000000000000EE
:10DEE000000000000F27000050524F355F54696D4D
:10DEF000653131000000000000000000000038FF24
:10DF0000E803000050524F355F54656D70313200A8
:10DF1000000000000000000000000000E803000016
:10DF200050524F355F48756D693132000000000076
:10DF300000000000000000000F27000050524F3585
:10DF40005F54696D65313200000000000000000080
:10DF5000000038FFE803000050524F355F54656DF4
:10DF600070313300000000000000000000000000DD
:10DF7000E803000050524F355F48756D693133003A
:10DF80000000000000000000000000000F2700005B
:10DF900050524F355F54696D653133000000000009
:10DFA00000000000000038FFE803000050524F3529
:10DFB0005F54656D70313400000000000000000007
:10DFC00000000000E803000050524F355F48756DB7
:10DFD0006931340000000000000000000000000073
:10DFE0000F27000050524F355F54696D6531340082
:10DFF0000000000000000000000038FFE8030000FF
:10E0000050524F355F54656D70313500000000008F
:10E010000000000000000000E803000050524F35EF
:10E020005F48756D69313500000000000000000098
:10E03000000000000F27000050524F355F54696DFB
:10E04000653135000000000000000000000038FFCE
:10E05000E803000050524F355F54656D7031360053
:10E06000000000000000000000000000E8030000C5
:10E0700050524F355F48756D693136000000000021
:10E0800000000000000000000F27000050524F3534
:10E090005F54696D6531360000000000000000002B
:10E0A000000038FFE803000050524F355F54656DA3
:10E0B0007031370000000000000000000000000088
:10E0C000E803000050524F355F48756D69313700E5
:10E0D0000000000000000000000000000F2700000A
:10E0E00050524F355F54696D6531370000000000B4
:10E0F00000000000000038FFE803000050524F35D8
:10E100005F54656D703138000000000000000000B1
:10E1100000000000E803000050524F355F48756D65
:10E12000693138000000000000000000000000001D
:10E130000F27000050524F355F54696D653138002C
:10E140000000000000000000000038FFE8030000AD
:10E1500050524F355F54656D70313900000000003A
:10E160000000000000000000E803000050524F359E
:10E170005F48756D69313900000000000000000043
:10E18000000000000F27000050524F355F54696DAA
:10E19000653139000000000000000000000038FF79
:10E1A000E803000050524F355F54656D7032300007
:10E1B000000000000000000000000000E803000074
:10E1C00050524F355F48756D6932300000000000D5
:10E1D00000000000000000000F27000050524F35E3
:10E1E0005F54696D653230000000000000000000DF
:10E1F000000038FFE803000050524F355F54656D52
:10E20000703231000000000000000000000000003B
:10E21000E803000050524F355F48756D6932310098
:10E220000000000000000000000000000F270000B8
:10E2300050524F355F54696D653231000000000067
:10E2400000000000000038FFE803000050524F3586
:10E250005F54656D70323200000000000000000065
:10E2600000000000E803000050524F355F48756D14
:10E2700069323200000000000000000000000000D1
:10E280000F27000050524F355F54696D65323200E0
:10E290000000000000000000000038FFE80300005C
:10E2A00050524F355F54656D7032330000000000EE
:10E2B0000000000000000000E803000050524F354D
:10E2C0005F48756D693233000000000000000000F7
:10E2D000000000000F27000050524F355F54696D59
:10E2E000653233000000000000000000000038FF2D
:10E2F000E803000050524F355F54656D70323400B2
:10E30000000000000000000000000000E803000022
:10E3100050524F355F48756D69323400000000007F
:10E3200000000000000000000F27000050524F3591
:10E330005F54696D65323400000000000000000089
:10E34000000038FFE803000050524F355F54656D00
:10E3500070323500000000000000000000000000E6
:10E36000E803000050524F355F48756D6932350043
:10E370000000000000000000000000000F27000067
:10E3800050524F355F54696D653235000000000012
:10E3900000000000000038FFE803000050524F3535
:10E3A0005F54656D70323600000000000000000010
:10E3B00000000000E803000050524F355F48756DC3
:10E3C000693236000000000000000000000000007C
:10E3D0000F27000050524F355F54696D653236008B
:10E3E0000000000000000000000038FFE80300000B
:10E3F00050524F355F54656D703237000000000099
:10E400000000000000000000E803000050524F35FB
:10E410005F48756D693237000000000000000000A1
:10E42000000000000F27000050524F355F54696D07
:10E43000653237000000000000000000000038FFD7
:10E44000E803000050524F355F54656D703238005C
:10E45000000000000000000000000000E8030000D1
:10E4600050524F355F48756D69323800000000002A
:10E4700000000000000000000F27000050524F3540
:10E480005F54696D65323800000000000000000034
:10E49000000038FFE803000050524F355F54656DAF
:10E4A0007032390000000000000000000000000091
:10E4B000E803000050524F355F48756D69323900EE
:10E4C0000000000000000000000000000F27000016
:10E4D00050524F355F54696D6532390000000000BD
:10E4E00000000000000038FFE803000050524F36E3
:10E4F0005F54656D703030000000000000000000C7
:10E5000000000000E803000050524F365F48756D70
:10E510006930300000000000000000000000000032
:10E520000F27000050524F365F54696D6530300040
:10E530000000000000000000000038FFE8030000B9
:10E5400050524F365F54656D70303100000000004E
:10E550000000000000000000E803000050524F36A9
:10E560005F48756D69303100000000000000000058
:10E57000000000000F27000050524F365F54696DB5
:10E58000653031000000000000000000000038FF8E
:10E59000E803000050524F365F54656D7030320012
:10E5A000000000000000000000000000E803000080
:10E5B00050524F365F48756D6930320000000000E0
:10E5C00000000000000000000F27000050524F36EE
:10E5D0005F54696D653032000000000000000000EB
:10E5E000000038FFE803000050524F365F54656D5D
:10E5F0007030330000000000000000000000000048
:10E60000E803000050524F365F48756D69303300A3
:10E610000000000000000000000000000F270000C4
:10E6200050524F365F54696D653033000000000072
:10E6300000000000000038FFE803000050524F3691
:10E640005F54656D70303400000000000000000071
:10E6500000000000E803000050524F365F48756D1F
:10E6600069303400000000000000000000000000DD
:10E670000F27000050524F365F54696D65303400EB
:10E680000000000000000000000038FFE803000068
:10E6900050524F365F54656D7030350000000000F9
:10E6A0000000000000000000E803000050524F3658
:10E6B0005F48756D69303500000000000000000003
:10E6C000000000000F27000050524F365F54696D64
:10E6D000653035000000000000000000000038FF39
:10E6E000E803000050524F365F54656D70303600BD
:10E6F000000000000000000000000000E80300002F
:10E7000050524F365F48756D69303600000000008A
:10E7100000000000000000000F27000050524F369C
:10E720005F54696D65303600000000000000000095
:10E73000000038FFE803000050524F365F54656D0B
:10E7400070303700000000000000000000000000F2
:10E75000E803000050524F365F48756D693037004E
:10E760000000000000000000000000000F27000073
:10E7700050524F365F54696D65303700000000001D
:10E7800000000000000038FFE803000050524F3640
:10E790005F54656D7030380000000000000000001C
:10E7A00000000000E803000050524F365F48756DCE
:10E7B0006930380000000000000000000000000088
:10E7C0000F27000050524F365F54696D6530380096
:10E7D0000000000000000000000038FFE803000017
:10E7E00050524F365F54656D7030390000000000A4
:10E7F0000000000000000000E803000050524F3607
:10E800005F48756D693039000000000000000000AD
:10E81000000000000F27000050524F365F54696D12
:10E82000653039000000000000000000000038FFE3
:10E83000E803000050524F365F54656D7031300070
:10E84000000000000000000000000000E8030000DD
:10E8500050524F365F48756D69313000000000003E
:10E8600000000000000000000F27000050524F364B
:10E870005F54696D65313000000000000000000049
:10E88000000038FFE803000050524F365F54656DBA
:10E8900070313100000000000000000000000000A6
:10E8A000E803000050524F365F48756D6931310002
:10E8B0000000000000000000000000000F27000022
:10E8C00050524F365F54696D6531310000000000D1
:10E8D00000000000000038FFE803000050524F36EF
:10E8E0005F54656D703132000000000000000000D0
:10E8F00000000000E803000050524F365F48756D7D
:10E90000693132000000000000000000000000003B
:10E910000F27000050524F365F54696D6531320049
:10E920000000000000000000000038FFE8030000C5
:10E9300050524F365F54656D703133000000000057
:10E940000000000000000000E803000050524F36B5
:10E950005F48756D69313300000000000000000061
:10E96000000000000F27000050524F365F54696DC1
:10E97000653133000000000000000000000038FF97
:10E98000E803000050524F365F54656D703134001B
:10E99000000000000000000000000000E80300008C
:10E9A00050524F365F48756D6931340000000000E9
:10E9B00000000000000000000F27000050524F36FA
:10E9C0005F54696D653134000000000000000000F4
:10E9D000000038FFE803000050524F365F54656D69
:10E9E0007031350000000000000000000000000051
:10E9F000E803000050524F365F48756D69313500AD
:10EA00000000000000000000000000000F270000D0
:10EA100050524F365F54696D65313500000000007B
:10EA200000000000000038FFE803000050524F369D
:10EA30005F54656D7031360000000000000000007A
:10EA400000000000E803000050524F365F48756D2B
:10EA500069313600000000000000000000000000E6
:10EA60000F27000050524F365F54696D65313600F4
:10EA70000000000000000000000038FFE803000074
:10EA800050524F365F54656D703137000000000002
:10EA90000000000000000000E803000050524F3664
:10EAA0005F48756D6931370000000000000000000C
:10EAB000000000000F27000050524F365F54696D70
:10EAC000653137000000000000000000000038FF42
:10EAD000E803000050524F365F54656D70313800C6
:10EAE000000000000000000000000000E80300003B
:10EAF00050524F365F48756D693138000000000094
:10EB000000000000000000000F27000050524F36A8
:10EB10005F54696D6531380000000000000000009E
:10EB2000000038FFE803000050524F365F54656D17
:10EB300070313900000000000000000000000000FB
:10EB4000E803000050524F365F48756D6931390057
:10EB50000000000000000000000000000F2700007F
:10EB600050524F365F54696D653139000000000026
:10EB700000000000000038FFE803000050524F364C
:10EB80005F54656D7032300000000000000000002E
:10EB900000000000E803000050524F365F48756DDA
:10EBA000693230000000000000000000000000009A
:10EBB0000F27000050524F365F54696D65323000A8
:10EBC0000000000000000000000038FFE803000023
:10EBD00050524F365F54656D7032310000000000B6
:10EBE0000000000000000000E803000050524F3613
:10EBF0005F48756D693231000000000000000000C0
:10EC0000000000000F27000050524F365F54696D1E
:10EC1000653231000000000000000000000038FFF5
:10EC2000E803000050524F365F54656D7032320079
:10EC3000000000000000000000000000E8030000E9
:10EC400050524F365F48756D693232000000000047
:10EC500000000000000000000F27000050524F3657
:10EC60005F54696D65323200000000000000000052
:10EC7000000038FFE803000050524F365F54656DC6
:10EC800070323300000000000000000000000000AF
:10EC9000E803000050524F365F48756D693233000B
:10ECA0000000000000000000000000000F2700002E
:10ECB00050524F365F54696D6532330000000000DA
:10ECC00000000000000038FFE803000050524F36FB
:10ECD0005F54656D703234000000000000000000D9
:10ECE00000000000E803000050524F365F48756D89
:10ECF0006932340000000000000000000000000045
:10ED00000F27000050524F365F54696D6532340052
:10ED10000000000000000000000038FFE8030000D1
:10ED200050524F365F54656D703235000000000060
:10ED30000000000000000000E803000050524F36C1
:10ED40005F48756D6932350000000000000000006A
:10ED5000000000000F27000050524F365F54696DCD
:10ED6000653235000000000000000000000038FFA0
:10ED7000E803000050524F365F54656D7032360024
:10ED8000000000000000000000000000E803000098
:10ED900050524F365F48756D6932360000000000F2
:10EDA00000000000000000000F27000050524F3606
:10EDB0005F54696D653236000000000000000000FD
:10EDC000000038FFE803000050524F365F54656D75
:10EDD000703237000000000000000000000000005A
:10EDE000E803000050524F365F48756D69323700B6
:10EDF0000000000000000000000000000F270000DD
:10EE000050524F365F54696D653237000000000084
:10EE100000000000000038FFE803000050524F36A9
:10EE20005F54656D70323800000000000000000083
:10EE300000000000E803000050524F365F48756D37
:10EE400069323800000000000000000000000000EF
:10EE50000F27000050524F365F54696D65323800FD
:10EE60000000000000000000000038FFE803000080
:10EE700050524F365F54656D70323900000000000B
:10EE80000000000000000000E803000050524F3670
:10EE90005F48756D69323900000000000000000015
:10EEA000000000000F27000050524F365F54696D7C
:10EEB000653239000000000000000000000038FF4B
:10EEC000E803000050524F375F54656D70303000DA
:10EED000000000000000000000000000E803000047
:10EEE00050524F375F48756D6930300000000000A8
:10EEF00000000000000000000F27000050524F37B4
:10EF00005F54696D653030000000000000000000B3
:10EF1000000038FFE803000050524F375F54656D22
:10EF20007030310000000000000000000000000010
:10EF3000E803000050524F375F48756D693031006B
:10EF40000000000000000000000000000F2700008B
:10EF500050524F375F54696D65303100000000003A
:10EF600000000000000038FFE803000050524F3757
:10EF70005F54656D7030320000000000000000003A
:10EF800000000000E803000050524F375F48756DE5
:10EF900069303200000000000000000000000000A6
:10EFA0000F27000050524F375F54696D65303200B3
:10EFB0000000000000000000000038FFE80300002F
:10EFC00050524F375F54656D7030330000000000C1
:10EFD0000000000000000000E803000050524F371E
:10EFE0005F48756D693033000000000000000000CC
:10EFF000000000000F27000050524F375F54696D2A
:10F00000653033000000000000000000000038FF01
:10F01000E803000050524F375F54656D7030340084
:10F02000000000000000000000000000E8030000F5
:10F0300050524F375F48756D693034000000000052
:10F0400000000000000000000F27000050524F3762
:10F050005F54696D6530340000000000000000005E
:10F06000000038FFE803000050524F375F54656DD1
:10F0700070303500000000000000000000000000BB
:10F08000E803000050524F375F48756D6930350016
:10F090000000000000000000000000000F2700003A
:10F0A00050524F375F54696D6530350000000000E5
:10F0B00000000000000038FFE803000050524F3706
:10F0C0005F54656D703036000000000000000000E5
:10F0D00000000000E803000050524F375F48756D94
:10F0E0006930360000000000000000000000000051
:10F0F0000F27000050524F375F54696D653036005E
:10F100000000000000000000000038FFE8030000DD
:10F1100050524F375F54656D70303700000000006B
:10F120000000000000000000E803000050524F37CC
:10F130005F48756D69303700000000000000000076
:10F14000000000000F27000050524F375F54696DD8
:10F15000653037000000000000000000000038FFAC
:10F16000E803000050524F375F54656D703038002F
:10F17000000000000000000000000000E8030000A4
:10F1800050524F375F48756D6930380000000000FD
:10F1900000000000000000000F27000050524F3711
:10F1A0005F54696D65303800000000000000000009
:10F1B000000038FFE803000050524F375F54656D80
:10F1C0007030390000000000000000000000000066
:10F1D000E803000050524F375F48756D69303900C1
:10F1E0000000000000000000000000000F270000E9
:10F1F00050524F375F54696D653039000000000090
:10F2000000000000000038FFE803000050524F37B4
:10F210005F54656D70313000000000000000000098
:10F2200000000000E803000050524F375F48756D42
:10F230006931300000000000000000000000000004
:10F240000F27000050524F375F54696D6531300011
:10F250000000000000000000000038FFE80300008C
:10F2600050524F375F54656D70313100000000001F
:10F270000000000000000000E803000050524F377B
:10F280005F48756D6931310000000000000000002A
:10F29000000000000F27000050524F375F54696D87
:10F2A000653131000000000000000000000038FF60
:10F2B000E803000050524F375F54656D70313200E3
:10F2C000000000000000000000000000E803000053
:10F2D00050524F375F48756D6931320000000000B1
:10F2E00000000000000000000F27000050524F37C0
:10F2F0005F54696D653132000000000000000000BD
:10F30000000038FFE803000050524F375F54656D2E
:10F310007031330000000000000000000000000019
:10F32000E803000050524F375F48756D6931330074
:10F330000000000000000000000000000F27000097
:10F3400050524F375F54696D653133000000000043
:10F3500000000000000038FFE803000050524F3763
:10F360005F54656D70313400000000000000000043
:10F3700000000000E803000050524F375F48756DF1
:10F3800069313400000000000000000000000000AF
:10F390000F27000050524F375F54696D65313400BC
:10F3A0000000000000000000000038FFE80300003B
:10F3B00050524F375F54656D7031350000000000CA
:10F3C0000000000000000000E803000050524F372A
:10F3D0005F48756D693135000000000000000000D5
:10F3E000000000000F27000050524F375F54696D36
:10F3F000653135000000000000000000000038FF0B
:10F40000E803000050524F375F54656D703136008D
:10F41000000000000000000000000000E803000001
:10F4200050524F375F48756D69313600000000005B
:10F4300000000000000000000F27000050524F376E
:10F440005F54696D65313600000000000000000067
:10F45000000038FFE803000050524F375F54656DDD
:10F4600070313700000000000000000000000000C4
:10F47000E803000050524F375F48756D693137001F
:10F480000000000000000000000000000F27000046
:10F4900050524F375F54696D6531370000000000EE
:10F4A00000000000000038FFE803000050524F3712
:10F4B0005F54656D703138000000000000000000EE
:10F4C00000000000E803000050524F375F48756DA0
:10F4D000693138000000000000000000000000005A
:10F4E0000F27000050524F375F54696D6531380067
:10F4F0000000000000000000000038FFE8030000EA
:10F5000050524F375F54656D703139000000000074
:10F510000000000000000000E803000050524F37D8
:10F520005F48756D6931390000000000000000007F
:10F53000000000000F27000050524F375F54696DE4
:10F54000653139000000000000000000000038FFB5
:10F55000E803000050524F375F54656D7032300041
:10F56000000000000000000000000000E8030000B0
:10F5700050524F375F48756D69323000000000000F
:10F5800000000000000000000F27000050524F371D
:10F590005F54696D6532300000000000000000001B
:10F5A000000038FFE803000050524F375F54656D8C
:10F5B0007032310000000000000000000000000078
:10F5C000E803000050524F375F48756D69323100D3
:10F5D0000000000000000000000000000F270000F5
:10F5E00050524F375F54696D6532310000000000A2
:10F5F00000000000000038FFE803000050524F37C1
:10F600005F54656D703232000000000000000000A1
:10F6100000000000E803000050524F375F48756D4E
:10F62000693232000000000000000000000000000D
:10F630000F27000050524F375F54696D653232001A
:10F640000000000000000000000038FFE803000098
:10F6500050524F375F54656D703233000000000028
:10F660000000000000000000E803000050524F3787
:10F670005F48756D69323300000000000000000033
:10F68000000000000F27000050524F375F54696D93
:10F69000653233000000000000000000000038FF69
:10F6A000E803000050524F375F54656D70323400EC
:10F6B000000000000000000000000000E80300005F
:10F6C00050524F375F48756D6932340000000000BA
:10F6D00000000000000000000F27000050524F37CC
:10F6E0005F54696D653234000000000000000000C6
:10F6F000000038FFE803000050524F375F54656D3B
:10F700007032350000000000000000000000000022
:10F71000E803000050524F375F48756D693235007D
:10F720000000000000000000000000000F270000A3
:10F7300050524F375F54696D65323500000000004C
:10F7400000000000000038FFE803000050524F376F
:10F750005F54656D7032360000000000000000004C
:10F7600000000000E803000050524F375F48756DFD
:10F7700069323600000000000000000000000000B8
:10F780000F27000050524F375F54696D65323600C5
:10F790000000000000000000000038FFE803000047
:10F7A00050524F375F54656D7032370000000000D3
:10F7B0000000000000000000E803000050524F3736
:10F7C0005F48756D693237000000000000000000DE
:10F7D000000000000F27000050524F375F54696D42
:10F7E000653237000000000000000000000038FF14
:10F7F000E803000050524F375F54656D7032380097
:10F80000000000000000000000000000E80300000D
:10F8100050524F375F48756D693238000000000064
:10F8200000000000000000000F27000050524F377A
:10F830005F54696D65323800000000000000000070
:10F84000000038FFE803000050524F375F54656DE9
:10F8500070323900000000000000000000000000CD
:10F86000E803000050524F375F48756D6932390028
:10F870000000000000000000000000000F27000052
:10F8800050524F375F54696D6532390000000000F7
:10F8900000000000000038FFE803000050524F381D
:10F8A0005F54656D70303000000000000000000003
:10F8B00000000000E803000050524F385F48756DAB
:10F8C000693030000000000000000000000000006F
:10F8D0000F27000050524F385F54696D653030007B
:10F8E0000000000000000000000038FFE8030000F6
:10F8F00050524F385F54656D703031000000000089
:10F900000000000000000000E803000050524F38E3
:10F910005F48756D69303100000000000000000094
:10F92000000000000F27000050524F385F54696DEF
:10F93000653031000000000000000000000038FFCA
:10F94000E803000050524F385F54656D703032004C
:10F95000000000000000000000000000E8030000BC
:10F9600050524F385F48756D69303200000000001A
:10F9700000000000000000000F27000050524F3828
:10F980005F54696D65303200000000000000000027
:10F99000000038FFE803000050524F385F54656D97
:10F9A0007030330000000000000000000000000084
:10F9B000E803000050524F385F48756D69303300DE
:10F9C0000000000000000000000000000F27000001
:10F9D00050524F385F54696D6530330000000000AD
:10F9E00000000000000038FFE803000050524F38CC
:10F9F0005F54656D703034000000000000000000AE
:10FA000000000000E803000050524F385F48756D59
:10FA10006930340000000000000000000000000019
:10FA20000F27000050524F385F54696D6530340025
:10FA30000000000000000000000038FFE8030000A4
:10FA400050524F385F54656D703035000000000033
:10FA50000000000000000000E803000050524F3892
:10FA60005F48756D6930350000000000000000003F
:10FA7000000000000F27000050524F385F54696D9E
:10FA8000653035000000000000000000000038FF75
:10FA9000E803000050524F385F54656D70303600F7
:10FAA000000000000000000000000000E80300006B
:10FAB00050524F385F48756D6930360000000000C5
:10FAC00000000000000000000F27000050524F38D7
:10FAD0005F54696D653036000000000000000000D2
:10FAE000000038FFE803000050524F385F54656D46
:10FAF000703037000000000000000000000000002F
:10FB0000E803000050524F385F48756D6930370088
:10FB10000000000000000000000000000F270000AF
:10FB200050524F385F54696D653037000000000057
:10FB300000000000000038FFE803000050524F387A
:10FB40005F54656D70303800000000000000000058
:10FB500000000000E803000050524F385F48756D08
:10FB600069303800000000000000000000000000C4
:10FB70000F27000050524F385F54696D65303800D0
:10FB80000000000000000000000038FFE803000053
:10FB900050524F385F54656D7030390000000000DE
:10FBA0000000000000000000E803000050524F3841
:10FBB0005F48756D693039000000000000000000EA
:10FBC000000000000F27000050524F385F54696D4D
:10FBD000653039000000000000000000000038FF20
:10FBE000E803000050524F385F54656D70313000AB
:10FBF000000000000000000000000000E80300001A
:10FC000050524F385F48756D693130000000000078
:10FC100000000000000000000F27000050524F3885
:10FC20005F54696D65313000000000000000000085
:10FC3000000038FFE803000050524F385F54656DF4
:10FC400070313100000000000000000000000000E2
:10FC5000E803000050524F385F48756D693131003C
:10FC60000000000000000000000000000F2700005E
:10FC700050524F385F54696D65313100000000000B
:10FC800000000000000038FFE803000050524F3829
:10FC90005F54656D7031320000000000000000000C
:10FCA00000000000E803000050524F385F48756DB7
:10FCB0006931320000000000000000000000000078
:10FCC0000F27000050524F385F54696D6531320084
:10FCD0000000000000000000000038FFE803000002
:10FCE00050524F385F54656D703133000000000092
:10FCF0000000000000000000E803000050524F38F0
:10FD00005F48756D6931330000000000000000009D
:10FD1000000000000F27000050524F385F54696DFB
:10FD2000653133000000000000000000000038FFD3
:10FD3000E803000050524F385F54656D7031340055
:10FD4000000000000000000000000000E8030000C8
:10FD500050524F385F48756D693134000000000023
:10FD600000000000000000000F27000050524F3834
:10FD70005F54696D65313400000000000000000030
:10FD8000000038FFE803000050524F385F54656DA3
:10FD9000703135000000000000000000000000008D
:10FDA000E803000050524F385F48756D69313500E7
:10FDB0000000000000000000000000000F2700000D
:10FDC00050524F385F54696D6531350000000000B6
:10FDD00000000000000038FFE803000050524F38D8
:10FDE0005F54656D703136000000000000000000B7
:10FDF00000000000E803000050524F385F48756D66
:10FE00006931360000000000000000000000000022
:10FE10000F27000050524F385F54696D653136002E
:10FE20000000000000000000000038FFE8030000B0
:10FE300050524F385F54656D70313700000000003C
:10FE40000000000000000000E803000050524F389E
:10FE50005F48756D69313700000000000000000048
:10FE6000000000000F27000050524F385F54696DAA
:10FE7000653137000000000000000000000038FF7E
:10FE8000E803000050524F385F54656D7031380000
:10FE9000000000000000000000000000E803000077
:10FEA00050524F385F48756D6931380000000000CE
:10FEB00000000000000000000F27000050524F38E3
:10FEC0005F54696D653138000000000000000000DB
:10FED000000038FFE803000050524F385F54656D52
:10FEE0007031390000000000000000000000000038
:10FEF000E803000050524F385F48756D6931390092
:10FF00000000000000000000000000000F270000BB
:10FF100050524F385F54696D653139000000000060
:10FF200000000000000038FFE803000050524F3886
:10FF30005F54656D7032300000000000000000006A
:10FF400000000000E803000050524F385F48756D14
:10FF500069323000000000000000000000000000D6
:10FF60000F27000050524F385F54696D65323000E2
:10FF70000000000000000000000038FFE80300005F
:10FF800050524F385F54656D7032310000000000F0
:10FF90000000000000000000E803000050524F384D
:10FFA0005F48756D693231000000000000000000FC
:10FFB000000000000F27000050524F385F54696D59
:10FFC000653231000000000000000000000038FF32
:10FFD000E803000050524F385F54656D70323200B4
:10FFE000000000000000000000000000E803000026
:10FFF00050524F385F48756D693232000000000082
:020000040801F1
:1000000000000000000000000F27000050524F3891
:100010005F54696D6532320000000000000000008E
:10002000000038FFE803000050524F385F54656D00
:1000300070323300000000000000000000000000EB
:10004000E803000050524F385F48756D6932330045
:100050000000000000000000000000000F2700006A
:1000600050524F385F54696D653233000000000014
:1000700000000000000038FFE803000050524F3835
:100080005F54656D70323400000000000000000015
:1000900000000000E803000050524F385F48756DC3
:1000A0006932340000000000000000000000000081
:1000B0000F27000050524F385F54696D653234008D
:1000C0000000000000000000000038FFE80300000E
:1000D00050524F385F54656D70323500000000009B
:1000E0000000000000000000E803000050524F38FC
:1000F0005F48756D693235000000000000000000A7
:10010000000000000F27000050524F385F54696D07
:10011000653235000000000000000000000038FFDC
:10012000E803000050524F385F54656D703236005E
:10013000000000000000000000000000E8030000D4
:1001400050524F385F48756D69323600000000002C
:1001500000000000000000000F27000050524F3840
:100160005F54696D65323600000000000000000039
:10017000000038FFE803000050524F385F54656DAF
:100180007032370000000000000000000000000096
:10019000E803000050524F385F48756D69323700F0
:1001A0000000000000000000000000000F27000019
:1001B00050524F385F54696D6532370000000000BF
:1001C00000000000000038FFE803000050524F38E4
:1001D0005F54656D703238000000000000000000C0
:1001E00000000000E803000050524F385F48756D72
:1001F000693238000000000000000000000000002C
:100200000F27000050524F385F54696D6532380037
:100210000000000000000000000038FFE8030000BC
:1002200050524F385F54656D703239000000000045
:100230000000000000000000E803000050524F38AA
:100240005F48756D69323900000000000000000051
:10025000000000000F27000050524F385F54696DB6
:10026000653239000000000000000000000038FF87
:10027000E803000050524F395F54656D7030300014
:10028000000000000000000000000000E803000083
:1002900050524F395F48756D6930300000000000E2
:1002A00000000000000000000F27000050524F39EE
:1002B0005F54696D653030000000000000000000F0
:1002C000000038FFE803000050524F395F54656D5D
:1002D000703031000000000000000000000000004D
:1002E000E803000050524F395F48756D69303100A6
:1002F0000000000000000000000000000F270000C8
:1003000050524F395F54696D653031000000000074
:1003100000000000000038FFE803000050524F3991
:100320005F54656D70303200000000000000000076
:1003300000000000E803000050524F395F48756D1F
:1003400069303200000000000000000000000000E2
:100350000F27000050524F395F54696D65303200ED
:100360000000000000000000000038FFE80300006B
:1003700050524F395F54656D7030330000000000FB
:100380000000000000000000E803000050524F3958
:100390005F48756D69303300000000000000000008
:1003A000000000000F27000050524F395F54696D64
:1003B000653033000000000000000000000038FF3E
:1003C000E803000050524F395F54656D70303400BF
:1003D000000000000000000000000000E803000032
:1003E00050524F395F48756D69303400000000008D
:1003F00000000000000000000F27000050524F399D
:100400005F54696D6530340000000000000000009A
:10041000000038FFE803000050524F395F54656D0B
:1004200070303500000000000000000000000000F7
:10043000E803000050524F395F48756D6930350050
:100440000000000000000000000000000F27000076
:1004500050524F395F54696D65303500000000001F
:1004600000000000000038FFE803000050524F3940
:100470005F54656D70303600000000000000000021
:1004800000000000E803000050524F395F48756DCE
:10049000693036000000000000000000000000008D
:1004A0000F27000050524F395F54696D6530360098
:1004B0000000000000000000000038FFE80300001A
:1004C00050524F395F54656D7030370000000000A6
:1004D0000000000000000000E803000050524F3907
:1004E0005F48756D693037000000000000000000B3
:1004F000000000000F27000050524F395F54696D13
:10050000653037000000000000000000000038FFE8
:10051000E803000050524F395F54656D7030380069
:10052000000000000000000000000000E8030000E0
:1005300050524F395F48756D693038000000000037
:1005400000000000000000000F27000050524F394B
:100550005F54696D65303800000000000000000045
:10056000000038FFE803000050524F395F54656DBA
:1005700070303900000000000000000000000000A2
:10058000E803000050524F395F48756D69303900FB
:100590000000000000000000000000000F27000025
:1005A00050524F395F54696D6530390000000000CA
:1005B00000000000000038FFE803000050524F39EF
:1005C0005F54656D703130000000000000000000D5
:1005D00000000000E803000050524F395F48756D7D
:1005E0006931300000000000000000000000000041
:1005F0000F27000050524F395F54696D653130004C
:100600000000000000000000000038FFE8030000C8
:1006100050524F395F54656D703131000000000059
:100620000000000000000000E803000050524F39B5
:100630005F48756D69313100000000000000000066
:10064000000000000F27000050524F395F54696DC1
:10065000653131000000000000000000000038FF9C
:10066000E803000050524F395F54656D703132001D
:10067000000000000000000000000000E80300008F
:1006800050524F395F48756D6931320000000000EB
:1006900000000000000000000F27000050524F39FA
:1006A0005F54696D653132000000000000000000F9
:1006B000000038FFE803000050524F395F54656D69
:1006C0007031330000000000000000000000000056
:1006D000E803000050524F395F48756D69313300AF
:1006E0000000000000000000000000000F270000D4
:1006F00050524F395F54696D65313300000000007E
:1007000000000000000038FFE803000050524F399D
:100710005F54656D7031340000000000000000007F
:1007200000000000E803000050524F395F48756D2B
:1007300069313400000000000000000000000000EB
:100740000F27000050524F395F54696D65313400F6
:100750000000000000000000000038FFE803000077
:1007600050524F395F54656D703135000000000004
:100770000000000000000000E803000050524F3964
:100780005F48756D69313500000000000000000011
:10079000000000000F27000050524F395F54696D70
:1007A000653135000000000000000000000038FF47
:1007B000E803000050524F395F54656D70313600C8
:1007C000000000000000000000000000E80300003E
:1007D00050524F395F48756D693136000000000096
:1007E00000000000000000000F27000050524F39A9
:1007F0005F54696D653136000000000000000000A4
:10080000000038FFE803000050524F395F54656D17
:100810007031370000000000000000000000000000
:10082000E803000050524F395F48756D6931370059
:100830000000000000000000000000000F27000082
:1008400050524F395F54696D653137000000000028
:1008500000000000000038FFE803000050524F394C
:100860005F54656D7031380000000000000000002A
:1008700000000000E803000050524F395F48756DDA
:100880006931380000000000000000000000000096
:100890000F27000050524F395F54696D65313800A1
:1008A0000000000000000000000038FFE803000026
:1008B00050524F395F54656D7031390000000000AF
:1008C0000000000000000000E803000050524F3913
:1008D0005F48756D693139000000000000000000BC
:1008E000000000000F27000050524F395F54696D1F
:1008F000653139000000000000000000000038FFF2
:10090000E803000050524F395F54656D703230007B
:10091000000000000000000000000000E8030000EC
:1009200050524F395F48756D693230000000000049
:1009300000000000000000000F27000050524F3957
:100940005F54696D65323000000000000000000057
:10095000000038FFE803000050524F395F54656DC6
:1009600070323100000000000000000000000000B4
:10097000E803000050524F395F48756D693231000D
:100980000000000000000000000000000F27000031
:1009900050524F395F54696D6532310000000000DC
:1009A00000000000000038FFE803000050524F39FB
:1009B0005F54656D703232000000000000000000DE
:1009C00000000000E803000050524F395F48756D89
:1009D000693232000000000000000000000000004A
:1009E0000F27000050524F395F54696D6532320055
:1009F0000000000000000000000038FFE8030000D5
:100A000050524F395F54656D703233000000000062
:100A10000000000000000000E803000050524F39C1
:100A20005F48756D6932330000000000000000006F
:100A3000000000000F27000050524F395F54696DCD
:100A4000653233000000000000000000000038FFA5
:100A5000E803000050524F395F54656D7032340026
:100A6000000000000000000000000000E80300009B
:100A700050524F395F48756D6932340000000000F4
:100A800000000000000000000F27000050524F3906
:100A90005F54696D65323400000000000000000002
:100AA000000038FFE803000050524F395F54656D75
:100AB000703235000000000000000000000000005F
:100AC000E803000050524F395F48756D69323500B8
:100AD0000000000000000000000000000F270000E0
:100AE00050524F395F54696D653235000000000087
:100AF00000000000000038FFE803000050524F39AA
:100B00005F54656D70323600000000000000000088
:100B100000000000E803000050524F395F48756D37
:100B200069323600000000000000000000000000F4
:100B30000F27000050524F395F54696D65323600FF
:100B40000000000000000000000038FFE803000083
:100B500050524F395F54656D70323700000000000D
:100B60000000000000000000E803000050524F3970
:100B70005F48756D6932370000000000000000001A
:100B8000000000000F27000050524F395F54696D7C
:100B9000653237000000000000000000000038FF50
:100BA000E803000050524F395F54656D70323800D1
:100BB000000000000000000000000000E80300004A
:100BC00050524F395F48756D69323800000000009F
:100BD00000000000000000000F27000050524F39B5
:100BE0005F54696D653238000000000000000000AD
:100BF000000038FFE803000050524F395F54656D24
:100C00007032390000000000000000000000000009
:100C1000E803000050524F395F48756D6932390062
:100C20000000000000000000000000000F2700008E
:100C300050524F395F54696D653239000000000031
:100C400000000000000001000F27010050524F304B
:100C50005F526570656174000000000000000000D4
:100C6000000001000F27010050524F315F526570A4
:100C70006561740000000000000000000000010039
:100C80000F27010050524F325F526570656174004A
:100C90000000000000000000000001000F2701001C
:100CA00050524F335F526570656174000000000060
:100CB00000000000000001000F27010050524F34D7
:100CC0005F52657065617400000000000000000064
:100CD000000001000F27010050524F355F52657030
:100CE00065617400000000000000000000000100C9
:100CF0000F27010050524F365F52657065617400D6
:100D00000000000000000000000001000F270100AB
:100D100050524F375F5265706561740000000000EB
:100D200000000000000001000F27010050524F3862
:100D30005F526570656174000000000000000000F3
:100D4000000001000F27010050524F395F526570BB
:100D50006561740000000000000000000000010058
:100D60000900000050524F5F496E64657800000032
:100D70000000000000000000000000000F2700003D
:100D8000456E64000000000000000000000000004C
:100D9000000000000000D8073408E80743757272AD
:100DA000656E74205965617200000000000000004B
:100DB000000001000C00010043757272656E742022
:100DC0004D6F6E746800000000000000000001001C
:100DD0001F00010043757272656E742044617900D2
:100DE00000000000000000000000000017000100EB
:100DF00043757272656E7420486F75720000000052
:100E000000000000000000003C0001004375727209
:100E1000656E74204D696E757465000000000000F9
:100E2000000000003C00010043757272656E742082
:100E30005365636F6E640000000000000000000056
:100E40006400010046414E204152000000000000B5
:100E50000000000000000000526561646F6E6C7954
:100E600051756575653000007469645F41505000CC
:100E70007469645F527463007469645F5061726185
:100E800053617665000000007469645F50726F6D95
:100E90006F64655461736B0064656661756C74544E
:100EA00061736B007469645F436865636B496E00CE
:100EB0004144435F54696D65720000007469645F6A
:100EC0006D6F646275730000E80E01080000002079
:100ED00010020000300B00085C0F01081002002017
:100EE000A8640000345B0008014C32018210031535
:100EF00024F4022B02321113ED6633080413EF655C
:100F00003308031A91082964130968330806136922
:100F1000673308171A5128298013AD642B08053C44
:100F20001918320F1AA50829741A1F380930D02948
:100F300052A91012021203298E012E4BD5139C299F
:100F40000841132D701B08F50413E02032201C68A3
:0C0F5000E0400812200278681AAA018113
:0400000508000131BD
:00000001FF
